id_vụ,year,event_sequence,yield_class
Long An_1995_winter_spring,1995,"['stage_1_Vừa-Khô', 'stage_2_Mát-Khô', 'stage_3_Vừa-Khô', 'stage_4_Vừa-Khô', 'stage_5_Nóng-Khô']",Low
Long An_1995_summer_autumn,1995,"['stage_1_Nóng-Khô', 'stage_2_Nóng-Khô', 'stage_3_Nóng-Vừa', 'stage_4_Nóng-Ướt', 'stage_5_Mát-Ướt']",High
Long An_1995_main_season,1995,"['stage_1_Nóng-Vừa', 'stage_2_Nóng-Ướt', 'stage_3_Vừa-Ướt', 'stage_4_Vừa-Ướt', 'stage_5_Vừa-Ướt']",Medium
Long An_1996_winter_spring,1996,"['stage_1_Mát-Khô', 'stage_2_Mát-Khô', 'stage_3_Mát-Khô', 'stage_4_Mát-Khô', 'stage_5_Vừa-Khô']",Medium
Long An_1996_summer_autumn,1996,"['stage_1_Nóng-Vừa', 'stage_2_Vừa-Ướt', 'stage_3_Vừa-Vừa', 'stage_4_Vừa-Vừa', 'stage_5_Vừa-Vừa']",Medium
Long An_1996_main_season,1996,"['stage_1_Vừa-Ướt', 'stage_2_Vừa-Ướt', 'stage_3_Vừa-Vừa', 'stage_4_Vừa-Vừa', 'stage_5_Vừa-Vừa']",High
Long An_1997_winter_spring,1997,"['stage_1_Mát-Ướt', 'stage_2_Mát-Vừa', 'stage_3_Mát-Khô', 'stage_4_Mát-Khô', 'stage_5_Vừa-Khô']",Medium
Long An_1997_summer_autumn,1997,"['stage_1_Nóng-Khô', 'stage_2_Nóng-Vừa', 'stage_3_Nóng-Khô', 'stage_4_Nóng-Vừa', 'stage_5_Mát-Ướt']",Low
Long An_1997_main_season,1997,"['stage_1_Vừa-Vừa', 'stage_2_Nóng-Vừa', 'stage_3_Vừa-Ướt', 'stage_4_Mát-Ướt', 'stage_5_Vừa-Vừa']",Medium
Long An_1998_winter_spring,1998,"['stage_1_Vừa-Khô', 'stage_2_Nóng-Khô', 'stage_3_Nóng-Khô', 'stage_4_Nóng-Khô', 'stage_5_Nóng-Khô']",Medium
Long An_1998_summer_autumn,1998,"['stage_1_Nóng-Khô', 'stage_2_Nóng-Vừa', 'stage_3_Nóng-Ướt', 'stage_4_Nóng-Ướt', 'stage_5_Nóng-Vừa']",Low
Long An_1998_main_season,1998,"['stage_1_Nóng-Ướt', 'stage_2_Vừa-Ướt', 'stage_3_Vừa-Vừa', 'stage_4_Nóng-Vừa', 'stage_5_Nóng-Ướt']",High
Long An_1999_winter_spring,1999,"['stage_1_Mát-Vừa', 'stage_2_Mát-Khô', 'stage_3_Mát-Khô', 'stage_4_Mát-Khô', 'stage_5_Mát-Khô']",Low
Long An_1999_summer_autumn,1999,"['stage_1_Vừa-Ướt', 'stage_2_Mát-Ướt', 'stage_3_Mát-Ướt', 'stage_4_Vừa-Vừa', 'stage_5_Mát-Vừa']",Medium
Long An_1999_main_season,1999,"['stage_1_Mát-Ướt', 'stage_2_Mát-Vừa', 'stage_3_Mát-Vừa', 'stage_4_Mát-Ướt', 'stage_5_Vừa-Vừa']",Low
Long An_2000_winter_spring,2000,"['stage_1_Mát-Vừa', 'stage_2_Mát-Khô', 'stage_3_Mát-Khô', 'stage_4_Mát-Khô', 'stage_5_Nóng-Khô']",Low
Long An_2000_summer_autumn,2000,"['stage_1_Vừa-Vừa', 'stage_2_Nóng-Vừa', 'stage_3_Vừa-Ướt', 'stage_4_Vừa-Ướt', 'stage_5_Mát-Vừa']",Low
Long An_2000_main_season,2000,"['stage_1_Vừa-Ướt', 'stage_2_Vừa-Vừa', 'stage_3_Mát-Vừa', 'stage_4_Vừa-Vừa', 'stage_5_Mát-Ướt']",Low
Long An_2001_winter_spring,2001,"['stage_1_Mát-Vừa', 'stage_2_Mát-Vừa', 'stage_3_Mát-Khô', 'stage_4_Mát-Khô', 'stage_5_Vừa-Khô']",Low
Long An_2001_summer_autumn,2001,"['stage_1_Nóng-Vừa', 'stage_2_Nóng-Vừa', 'stage_3_Nóng-Vừa', 'stage_4_Vừa-Vừa', 'stage_5_Nóng-Vừa']",Low
Long An_2001_main_season,2001,"['stage_1_Vừa-Vừa', 'stage_2_Vừa-Vừa', 'stage_3_Vừa-Vừa', 'stage_4_Nóng-Vừa', 'stage_5_Mát-Ướt']",Medium
Long An_2002_winter_spring,2002,"['stage_1_Mát-Khô', 'stage_2_Vừa-Khô', 'stage_3_Mát-Khô', 'stage_4_Nóng-Khô', 'stage_5_Nóng-Khô']",Medium
Long An_2002_summer_autumn,2002,"['stage_1_Nóng-Khô', 'stage_2_Nóng-Khô', 'stage_3_Nóng-Vừa', 'stage_4_Nóng-Vừa', 'stage_5_Nóng-Vừa']",Low
Long An_2002_main_season,2002,"['stage_1_Nóng-Vừa', 'stage_2_Vừa-Ướt', 'stage_3_Nóng-Vừa', 'stage_4_Nóng-Vừa', 'stage_5_Mát-Vừa']",Medium
Long An_2003_winter_spring,2003,"['stage_1_Mát-Vừa', 'stage_2_Mát-Khô', 'stage_3_Mát-Khô', 'stage_4_Vừa-Khô', 'stage_5_Nóng-Khô']",High
Long An_2003_summer_autumn,2003,"['stage_1_Nóng-Khô', 'stage_2_Vừa-Ướt', 'stage_3_Nóng-Vừa', 'stage_4_Vừa-Ướt', 'stage_5_Mát-Ướt']",Medium
Long An_2003_main_season,2003,"['stage_1_Vừa-Ướt', 'stage_2_Vừa-Vừa', 'stage_3_Mát-Ướt', 'stage_4_Vừa-Ướt', 'stage_5_Nóng-Vừa']",High
Long An_2004_winter_spring,2004,"['stage_1_Mát-Khô', 'stage_2_Mát-Khô', 'stage_3_Vừa-Khô', 'stage_4_Vừa-Khô', 'stage_5_Vừa-Khô']",Medium
Long An_2004_summer_autumn,2004,"['stage_1_Nóng-Khô', 'stage_2_Nóng-Vừa', 'stage_3_Mát-Ướt', 'stage_4_Nóng-Vừa', 'stage_5_Mát-Vừa']",High
Long An_2004_main_season,2004,"['stage_1_Vừa-Ướt', 'stage_2_Vừa-Ướt', 'stage_3_Vừa-Vừa', 'stage_4_Mát-Ướt', 'stage_5_Vừa-Ướt']",High
Long An_2005_winter_spring,2005,"['stage_1_Vừa-Khô', 'stage_2_Mát-Khô', 'stage_3_Mát-Khô', 'stage_4_Mát-Khô', 'stage_5_Nóng-Khô']",High
Long An_2005_summer_autumn,2005,"['stage_1_Nóng-Khô', 'stage_2_Nóng-Vừa', 'stage_3_Nóng-Vừa', 'stage_4_Nóng-Ướt', 'stage_5_Vừa-Vừa']",Medium
Long An_2005_main_season,2005,"['stage_1_Vừa-Vừa', 'stage_2_Nóng-Vừa', 'stage_3_Vừa-Ướt', 'stage_4_Vừa-Ướt', 'stage_5_Nóng-Vừa']",High
Long An_2006_winter_spring,2006,"['stage_1_Mát-Ướt', 'stage_2_Mát-Khô', 'stage_3_Mát-Khô', 'stage_4_Vừa-Khô', 'stage_5_Nóng-Khô']",Medium
Long An_2006_summer_autumn,2006,"['stage_1_Nóng-Vừa', 'stage_2_Vừa-Vừa', 'stage_3_Vừa-Vừa', 'stage_4_Mát-Ướt', 'stage_5_Vừa-Vừa']",Low
Long An_2006_main_season,2006,"['stage_1_Vừa-Ướt', 'stage_2_Vừa-Ướt', 'stage_3_Mát-Ướt', 'stage_4_Vừa-Vừa', 'stage_5_Vừa-Ướt']",Medium
Long An_2007_winter_spring,2007,"['stage_1_Vừa-Khô', 'stage_2_Vừa-Khô', 'stage_3_Mát-Vừa', 'stage_4_Mát-Khô', 'stage_5_Nóng-Khô']",Medium
Long An_2007_summer_autumn,2007,"['stage_1_Nóng-Vừa', 'stage_2_Vừa-Ướt', 'stage_3_Nóng-Vừa', 'stage_4_Vừa-Ướt', 'stage_5_Vừa-Vừa']",High
Long An_2007_main_season,2007,"['stage_1_Vừa-Ướt', 'stage_2_Vừa-Ướt', 'stage_3_Mát-Ướt', 'stage_4_Vừa-Vừa', 'stage_5_Vừa-Ướt']",Low
Long An_2008_winter_spring,2008,"['stage_1_Mát-Khô', 'stage_2_Vừa-Khô', 'stage_3_Mát-Khô', 'stage_4_Nóng-Khô', 'stage_5_Nóng-Khô']",Medium
Long An_2008_summer_autumn,2008,"['stage_1_Nóng-Ướt', 'stage_2_Mát-Ướt', 'stage_3_Vừa-Vừa', 'stage_4_Vừa-Vừa', 'stage_5_Vừa-Vừa']",High
Long An_2008_main_season,2008,"['stage_1_Mát-Ướt', 'stage_2_Vừa-Vừa', 'stage_3_Vừa-Vừa', 'stage_4_Vừa-Vừa', 'stage_5_Mát-Ướt']",High
Long An_2009_winter_spring,2009,"['stage_1_Mát-Vừa', 'stage_2_Mát-Khô', 'stage_3_Mát-Khô', 'stage_4_Mát-Khô', 'stage_5_Vừa-Vừa']",Low
Long An_2009_summer_autumn,2009,"['stage_1_Vừa-Ướt', 'stage_2_Vừa-Ướt', 'stage_3_Nóng-Vừa', 'stage_4_Nóng-Vừa', 'stage_5_Vừa-Ướt']",Medium
Long An_2009_main_season,2009,"['stage_1_Vừa-Ướt', 'stage_2_Vừa-Vừa', 'stage_3_Vừa-Ướt', 'stage_4_Vừa-Ướt', 'stage_5_Nóng-Vừa']",Low
Long An_2010_winter_spring,2010,"['stage_1_Mát-Khô', 'stage_2_Vừa-Khô', 'stage_3_Nóng-Khô', 'stage_4_Mát-Vừa', 'stage_5_Nóng-Khô']",High
Long An_2010_summer_autumn,2010,"['stage_1_Nóng-Khô', 'stage_2_Nóng-Khô', 'stage_3_Nóng-Vừa', 'stage_4_Nóng-Ướt', 'stage_5_Nóng-Vừa']",Medium
Long An_2010_main_season,2010,"['stage_1_Nóng-Vừa', 'stage_2_Nóng-Ướt', 'stage_3_Nóng-Vừa', 'stage_4_Vừa-Ướt', 'stage_5_Vừa-Ướt']",High
Long An_2011_winter_spring,2011,"['stage_1_Mát-Ướt', 'stage_2_Mát-Khô', 'stage_3_Mát-Khô', 'stage_4_Mát-Khô', 'stage_5_Nóng-Khô']",High
Long An_2011_summer_autumn,2011,"['stage_1_Nóng-Vừa', 'stage_2_Nóng-Ướt', 'stage_3_Vừa-Vừa', 'stage_4_Vừa-Vừa', 'stage_5_Vừa-Ướt']",High
Long An_2011_main_season,2011,"['stage_1_Vừa-Ướt', 'stage_2_Vừa-Vừa', 'stage_3_Vừa-Ướt', 'stage_4_Vừa-Ướt', 'stage_5_Vừa-Ướt']",High
Long An_2012_winter_spring,2012,"['stage_1_Mát-Khô', 'stage_2_Mát-Khô', 'stage_3_Vừa-Khô', 'stage_4_Vừa-Khô', 'stage_5_Nóng-Vừa']",High
Long An_2012_summer_autumn,2012,"['stage_1_Nóng-Vừa', 'stage_2_Vừa-Ướt', 'stage_3_Vừa-Ướt', 'stage_4_Nóng-Vừa', 'stage_5_Vừa-Vừa']",High
Long An_2012_main_season,2012,"['stage_1_Vừa-Ướt', 'stage_2_Vừa-Vừa', 'stage_3_Mát-Ướt', 'stage_4_Nóng-Vừa', 'stage_5_Nóng-Vừa']",High
Long An_2013_winter_spring,2013,"['stage_1_Mát-Vừa', 'stage_2_Nóng-Khô', 'stage_3_Vừa-Khô', 'stage_4_Vừa-Khô', 'stage_5_Nóng-Khô']",High
Long An_2013_summer_autumn,2013,"['stage_1_Nóng-Vừa', 'stage_2_Nóng-Ướt', 'stage_3_Vừa-Ướt', 'stage_4_Vừa-Ướt', 'stage_5_Mát-Ướt']",High
Long An_2013_main_season,2013,"['stage_1_Vừa-Ướt', 'stage_2_Vừa-Ướt', 'stage_3_Vừa-Vừa', 'stage_4_Mát-Ướt', 'stage_5_Vừa-Ướt']",High
Long An_2014_winter_spring,2014,"['stage_1_Mát-Vừa', 'stage_2_Mát-Khô', 'stage_3_Mát-Khô', 'stage_4_Mát-Khô', 'stage_5_Mát-Khô']",High
Long An_2014_summer_autumn,2014,"['stage_1_Nóng-Vừa', 'stage_2_Nóng-Vừa', 'stage_3_Nóng-Ướt', 'stage_4_Nóng-Ướt', 'stage_5_Vừa-Ướt']",Medium
Long An_2014_main_season,2014,"['stage_1_Nóng-Ướt', 'stage_2_Vừa-Ướt', 'stage_3_Vừa-Ướt', 'stage_4_Vừa-Ướt', 'stage_5_Nóng-Vừa']",High
Long An_2015_winter_spring,2015,"['stage_1_Mát-Vừa', 'stage_2_Mát-Khô', 'stage_3_Mát-Khô', 'stage_4_Mát-Khô', 'stage_5_Mát-Khô']",High
Long An_2015_summer_autumn,2015,"['stage_1_Nóng-Khô', 'stage_2_Nóng-Khô', 'stage_3_Nóng-Vừa', 'stage_4_Nóng-Ướt', 'stage_5_Nóng-Vừa']",Medium
Long An_2015_main_season,2015,"['stage_1_Nóng-Khô', 'stage_2_Nóng-Ướt', 'stage_3_Nóng-Vừa', 'stage_4_Nóng-Vừa', 'stage_5_Nóng-Ướt']",High
Long An_2016_winter_spring,2016,"['stage_1_Vừa-Khô', 'stage_2_Vừa-Khô', 'stage_3_Nóng-Khô', 'stage_4_Nóng-Khô', 'stage_5_Nóng-Khô']",Medium
Long An_2016_summer_autumn,2016,"['stage_1_Nóng-Khô', 'stage_2_Nóng-Vừa', 'stage_3_Nóng-Vừa', 'stage_4_Vừa-Vừa', 'stage_5_Vừa-Vừa']",Medium
Long An_2016_main_season,2016,"['stage_1_Nóng-Ướt', 'stage_2_Vừa-Vừa', 'stage_3_Vừa-Vừa', 'stage_4_Vừa-Vừa', 'stage_5_Nóng-Vừa']",Low
Long An_2017_winter_spring,2017,"['stage_1_Mát-Ướt', 'stage_2_Mát-Vừa', 'stage_3_Vừa-Khô', 'stage_4_Mát-Vừa', 'stage_5_Mát-Khô']",Low
Long An_2017_summer_autumn,2017,"['stage_1_Nóng-Vừa', 'stage_2_Nóng-Ướt', 'stage_3_Nóng-Ướt', 'stage_4_Nóng-Ướt', 'stage_5_Vừa-Ướt']",Low
Long An_2017_main_season,2017,"['stage_1_Vừa-Ướt', 'stage_2_Nóng-Ướt', 'stage_3_Vừa-Ướt', 'stage_4_Vừa-Ướt', 'stage_5_Vừa-Ướt']",Low
Long An_2018_winter_spring,2018,"['stage_1_Vừa-Vừa', 'stage_2_Mát-Khô', 'stage_3_Mát-Khô', 'stage_4_Mát-Khô', 'stage_5_Mát-Khô']",Low
Long An_2018_summer_autumn,2018,"['stage_1_Nóng-Khô', 'stage_2_Nóng-Vừa', 'stage_3_Nóng-Vừa', 'stage_4_Nóng-Vừa', 'stage_5_Nóng-Vừa']",Medium
Long An_2018_main_season,2018,"['stage_1_Vừa-Ướt', 'stage_2_Vừa-Vừa', 'stage_3_Vừa-Vừa', 'stage_4_Nóng-Vừa', 'stage_5_Vừa-Ướt']",Low
Long An_2019_winter_spring,2019,"['stage_1_Mát-Ướt', 'stage_2_Vừa-Khô', 'stage_3_Vừa-Khô', 'stage_4_Vừa-Khô', 'stage_5_Nóng-Khô']",Medium
Long An_2019_summer_autumn,2019,"['stage_1_Nóng-Khô', 'stage_2_Nóng-Vừa', 'stage_3_Nóng-Vừa', 'stage_4_Nóng-Vừa', 'stage_5_Nóng-Vừa']",Low
Long An_2019_main_season,2019,"['stage_1_Nóng-Ướt', 'stage_2_Nóng-Vừa', 'stage_3_Nóng-Vừa', 'stage_4_Nóng-Ướt', 'stage_5_Nóng-Ướt']",Medium
Long An_2020_winter_spring,2020,"['stage_1_Vừa-Khô', 'stage_2_Mát-Khô', 'stage_3_Nóng-Khô', 'stage_4_Vừa-Khô', 'stage_5_Nóng-Khô']",Medium
Long An_2020_summer_autumn,2020,"['stage_1_Nóng-Khô', 'stage_2_Nóng-Vừa', 'stage_3_Nóng-Ướt', 'stage_4_Nóng-Ướt', 'stage_5_Nóng-Ướt']",Low
Long An_2020_main_season,2020,"['stage_1_Nóng-Ướt', 'stage_2_Vừa-Ướt', 'stage_3_Vừa-Ướt', 'stage_4_Nóng-Ướt', 'stage_5_Nóng-Ướt']",Medium
Long An_2021_winter_spring,2021,"['stage_1_Mát-Vừa', 'stage_2_Vừa-Khô', 'stage_3_Vừa-Khô', 'stage_4_Vừa-Khô', 'stage_5_Mát-Khô']",Medium
Long An_2021_summer_autumn,2021,"['stage_1_Vừa-Vừa', 'stage_2_Nóng-Ướt', 'stage_3_Nóng-Vừa', 'stage_4_Nóng-Vừa', 'stage_5_Nóng-Ướt']",Low
Long An_2021_main_season,2021,"['stage_1_Vừa-Ướt', 'stage_2_Nóng-Vừa', 'stage_3_Nóng-Ướt', 'stage_4_Nóng-Vừa', 'stage_5_Nóng-Ướt']",Low
Long An_2022_winter_spring,2022,"['stage_1_Mát-Ướt', 'stage_2_Mát-Khô', 'stage_3_Vừa-Khô', 'stage_4_Nóng-Khô', 'stage_5_Nóng-Khô']",Low
Long An_2022_summer_autumn,2022,"['stage_1_Vừa-Ướt', 'stage_2_Vừa-Ướt', 'stage_3_Nóng-Vừa', 'stage_4_Nóng-Ướt', 'stage_5_Vừa-Ướt']",Low
Long An_2022_main_season,2022,"['stage_1_Vừa-Ướt', 'stage_2_Vừa-Ướt', 'stage_3_Vừa-Ướt', 'stage_4_Vừa-Ướt', 'stage_5_Vừa-Ướt']",High
Long An_2023_winter_spring,2023,"['stage_1_Mát-Vừa', 'stage_2_Mát-Khô', 'stage_3_Mát-Ướt', 'stage_4_Mát-Khô', 'stage_5_Vừa-Khô']",Medium
Long An_2023_summer_autumn,2023,"['stage_1_Nóng-Khô', 'stage_2_Nóng-Ướt', 'stage_3_Nóng-Ướt', 'stage_4_Nóng-Ướt', 'stage_5_Vừa-Ướt']",Medium
Long An_2023_main_season,2023,"['stage_1_Vừa-Ướt', 'stage_2_Nóng-Ướt', 'stage_3_Vừa-Ướt', 'stage_4_Vừa-Ướt', 'stage_5_Nóng-Ướt']",Medium
Long An_2024_winter_spring,2024,"['stage_1_Mát-Khô', 'stage_2_Nóng-Khô', 'stage_3_Vừa-Khô', 'stage_4_Vừa-Khô', 'stage_5_Nóng-Khô']",Low
Long An_2024_summer_autumn,2024,"['stage_1_Nóng-Khô', 'stage_2_Nóng-Ướt', 'stage_3_Nóng-Vừa', 'stage_4_Nóng-Ướt', 'stage_5_Vừa-Ướt']",Medium
Long An_2024_main_season,2024,"['stage_1_Nóng-Ướt', 'stage_2_Nóng-Ướt', 'stage_3_Vừa-Ướt', 'stage_4_Vừa-Ướt', 'stage_5_Nóng-Vừa']",High
Tien Giang_1995_winter_spring,1995,"['stage_1_Mát-Khô', 'stage_2_Mát-Khô', 'stage_3_Mát-Khô', 'stage_4_Mát-Khô', 'stage_5_Mát-Khô']",Medium
Tien Giang_1995_summer_autumn,1995,"['stage_1_Nóng-Khô', 'stage_2_Nóng-Khô', 'stage_3_Nóng-Vừa', 'stage_4_Nóng-Ướt', 'stage_5_Mát-Vừa']",Medium
Tien Giang_1995_main_season,1995,"['stage_1_Nóng-Vừa', 'stage_2_Nóng-Ướt', 'stage_3_Vừa-Vừa', 'stage_4_Vừa-Vừa', 'stage_5_Mát-Ướt']",High
Tien Giang_1996_winter_spring,1996,"['stage_1_Mát-Vừa', 'stage_2_Mát-Khô', 'stage_3_Mát-Khô', 'stage_4_Mát-Khô', 'stage_5_Mát-Khô']",Low
Tien Giang_1996_summer_autumn,1996,"['stage_1_Vừa-Vừa', 'stage_2_Vừa-Ướt', 'stage_3_Vừa-Ướt', 'stage_4_Vừa-Vừa', 'stage_5_Mát-Vừa']",Medium
Tien Giang_1996_main_season,1996,"['stage_1_Mát-Ướt', 'stage_2_Vừa-Ướt', 'stage_3_Vừa-Vừa', 'stage_4_Vừa-Vừa', 'stage_5_Mát-Ướt']",Low
Tien Giang_1997_winter_spring,1997,"['stage_1_Mát-Ướt', 'stage_2_Mát-Vừa', 'stage_3_Mát-Khô', 'stage_4_Mát-Khô', 'stage_5_Mát-Khô']",Medium
Tien Giang_1997_summer_autumn,1997,"['stage_1_Nóng-Khô', 'stage_2_Nóng-Vừa', 'stage_3_Nóng-Vừa', 'stage_4_Nóng-Vừa', 'stage_5_Mát-Ướt']",Medium
Tien Giang_1997_main_season,1997,"['stage_1_Vừa-Vừa', 'stage_2_Nóng-Vừa', 'stage_3_Vừa-Ướt', 'stage_4_Mát-Ướt', 'stage_5_Vừa-Vừa']",Medium
Tien Giang_1998_winter_spring,1998,"['stage_1_Vừa-Khô', 'stage_2_Vừa-Khô', 'stage_3_Vừa-Khô', 'stage_4_Nóng-Khô', 'stage_5_Nóng-Khô']",Low
Tien Giang_1998_summer_autumn,1998,"['stage_1_Nóng-Khô', 'stage_2_Nóng-Vừa', 'stage_3_Nóng-Ướt', 'stage_4_Vừa-Ướt', 'stage_5_Nóng-Vừa']",High
Tien Giang_1998_main_season,1998,"['stage_1_Nóng-Ướt', 'stage_2_Vừa-Ướt', 'stage_3_Vừa-Ướt', 'stage_4_Nóng-Ướt', 'stage_5_Nóng-Ướt']",Medium
Tien Giang_1999_winter_spring,1999,"['stage_1_Mát-Vừa', 'stage_2_Mát-Vừa', 'stage_3_Mát-Khô', 'stage_4_Mát-Khô', 'stage_5_Mát-Khô']",Low
Tien Giang_1999_summer_autumn,1999,"['stage_1_Mát-Ướt', 'stage_2_Mát-Ướt', 'stage_3_Mát-Ướt', 'stage_4_Mát-Vừa', 'stage_5_Mát-Vừa']",Medium
Tien Giang_1999_main_season,1999,"['stage_1_Mát-Ướt', 'stage_2_Mát-Ướt', 'stage_3_Mát-Vừa', 'stage_4_Mát-Vừa', 'stage_5_Vừa-Vừa']",Low
Tien Giang_2000_winter_spring,2000,"['stage_1_Mát-Ướt', 'stage_2_Mát-Khô', 'stage_3_Mát-Khô', 'stage_4_Mát-Khô', 'stage_5_Mát-Khô']",Medium
Tien Giang_2000_summer_autumn,2000,"['stage_1_Vừa-Vừa', 'stage_2_Vừa-Vừa', 'stage_3_Vừa-Ướt', 'stage_4_Mát-Ướt', 'stage_5_Mát-Vừa']",Low
Tien Giang_2000_main_season,2000,"['stage_1_Mát-Ướt', 'stage_2_Mát-Ướt', 'stage_3_Mát-Vừa', 'stage_4_Vừa-Vừa', 'stage_5_Mát-Ướt']",Medium
Tien Giang_2001_winter_spring,2001,"['stage_1_Mát-Ướt', 'stage_2_Mát-Vừa', 'stage_3_Mát-Khô', 'stage_4_Mát-Khô', 'stage_5_Mát-Khô']",Medium
Tien Giang_2001_summer_autumn,2001,"['stage_1_Nóng-Vừa', 'stage_2_Nóng-Vừa', 'stage_3_Nóng-Ướt', 'stage_4_Mát-Ướt', 'stage_5_Vừa-Vừa']",Low
Tien Giang_2001_main_season,2001,"['stage_1_Vừa-Vừa', 'stage_2_Mát-Ướt', 'stage_3_Mát-Vừa', 'stage_4_Nóng-Vừa', 'stage_5_Mát-Ướt']",High
Tien Giang_2002_winter_spring,2002,"['stage_1_Mát-Khô', 'stage_2_Mát-Khô', 'stage_3_Mát-Khô', 'stage_4_Vừa-Khô', 'stage_5_Mát-Khô']",High
Tien Giang_2002_summer_autumn,2002,"['stage_1_Nóng-Khô', 'stage_2_Nóng-Vừa', 'stage_3_Nóng-Vừa', 'stage_4_Vừa-Vừa', 'stage_5_Nóng-Vừa']",Low
Tien Giang_2003_winter_spring,2003,"['stage_1_Mát-Vừa', 'stage_2_Mát-Khô', 'stage_3_Mát-Khô', 'stage_4_Mát-Khô', 'stage_5_Vừa-Khô']",Medium
Tien Giang_2003_summer_autumn,2003,"['stage_1_Nóng-Khô', 'stage_2_Vừa-Ướt', 'stage_3_Nóng-Vừa', 'stage_4_Vừa-Ướt', 'stage_5_Mát-Ướt']",Medium
Tien Giang_2004_winter_spring,2004,"['stage_1_Mát-Khô', 'stage_2_Mát-Khô', 'stage_3_Mát-Khô', 'stage_4_Mát-Khô', 'stage_5_Mát-Khô']",Medium
Tien Giang_2004_summer_autumn,2004,"['stage_1_Nóng-Khô', 'stage_2_Nóng-Ướt', 'stage_3_Mát-Ướt', 'stage_4_Nóng-Vừa', 'stage_5_Mát-Ướt']",Medium
Tien Giang_2005_winter_spring,2005,"['stage_1_Mát-Khô', 'stage_2_Mát-Khô', 'stage_3_Mát-Khô', 'stage_4_Mát-Khô', 'stage_5_Nóng-Khô']",Medium
Tien Giang_2005_summer_autumn,2005,"['stage_1_Nóng-Khô', 'stage_2_Nóng-Vừa', 'stage_3_Nóng-Vừa', 'stage_4_Vừa-Ướt', 'stage_5_Mát-Vừa']",Medium
Tien Giang_2006_winter_spring,2006,"['stage_1_Mát-Vừa', 'stage_2_Mát-Vừa', 'stage_3_Mát-Khô', 'stage_4_Mát-Khô', 'stage_5_Nóng-Khô']",Low
Tien Giang_2006_summer_autumn,2006,"['stage_1_Nóng-Vừa', 'stage_2_Vừa-Ướt', 'stage_3_Vừa-Vừa', 'stage_4_Mát-Ướt', 'stage_5_Vừa-Vừa']",Low
Tien Giang_2007_winter_spring,2007,"['stage_1_Vừa-Khô', 'stage_2_Mát-Khô', 'stage_3_Mát-Vừa', 'stage_4_Mát-Khô', 'stage_5_Mát-Khô']",Medium
Tien Giang_2007_summer_autumn,2007,"['stage_1_Nóng-Vừa', 'stage_2_Vừa-Ướt', 'stage_3_Nóng-Vừa', 'stage_4_Vừa-Ướt', 'stage_5_Mát-Vừa']",Medium
Tien Giang_2008_winter_spring,2008,"['stage_1_Mát-Khô', 'stage_2_Mát-Khô', 'stage_3_Mát-Khô', 'stage_4_Vừa-Khô', 'stage_5_Mát-Khô']",High
Tien Giang_2008_summer_autumn,2008,"['stage_1_Vừa-Ướt', 'stage_2_Mát-Ướt', 'stage_3_Vừa-Ướt', 'stage_4_Vừa-Vừa', 'stage_5_Vừa-Vừa']",Medium
Tien Giang_2009_winter_spring,2009,"['stage_1_Mát-Vừa', 'stage_2_Mát-Vừa', 'stage_3_Mát-Khô', 'stage_4_Mát-Khô', 'stage_5_Mát-Vừa']",Medium
Tien Giang_2009_summer_autumn,2009,"['stage_1_Vừa-Ướt', 'stage_2_Vừa-Ướt', 'stage_3_Nóng-Khô', 'stage_4_Vừa-Vừa', 'stage_5_Vừa-Vừa']",Low
Tien Giang_2010_winter_spring,2010,"['stage_1_Mát-Khô', 'stage_2_Mát-Khô', 'stage_3_Vừa-Khô', 'stage_4_Mát-Vừa', 'stage_5_Vừa-Khô']",Medium
Tien Giang_2010_summer_autumn,2010,"['stage_1_Nóng-Khô', 'stage_2_Nóng-Vừa', 'stage_3_Nóng-Vừa', 'stage_4_Vừa-Ướt', 'stage_5_Vừa-Ướt']",Medium
Tien Giang_2011_winter_spring,2011,"['stage_1_Mát-Ướt', 'stage_2_Mát-Khô', 'stage_3_Mát-Khô', 'stage_4_Mát-Khô', 'stage_5_Mát-Khô']",High
Tien Giang_2011_summer_autumn,2011,"['stage_1_Vừa-Vừa', 'stage_2_Vừa-Ướt', 'stage_3_Vừa-Vừa', 'stage_4_Vừa-Vừa', 'stage_5_Vừa-Vừa']",Medium
Tien Giang_2012_winter_spring,2012,"['stage_1_Mát-Khô', 'stage_2_Mát-Khô', 'stage_3_Mát-Khô', 'stage_4_Mát-Khô', 'stage_5_Vừa-Khô']",High
Tien Giang_2012_summer_autumn,2012,"['stage_1_Nóng-Vừa', 'stage_2_Vừa-Ướt', 'stage_3_Vừa-Ướt', 'stage_4_Vừa-Vừa', 'stage_5_Vừa-Ướt']",Medium
Tien Giang_2013_winter_spring,2013,"['stage_1_Mát-Vừa', 'stage_2_Vừa-Khô', 'stage_3_Mát-Vừa', 'stage_4_Mát-Khô', 'stage_5_Nóng-Khô']",High
Tien Giang_2013_summer_autumn,2013,"['stage_1_Nóng-Vừa', 'stage_2_Nóng-Vừa', 'stage_3_Vừa-Ướt', 'stage_4_Vừa-Ướt', 'stage_5_Mát-Ướt']",Medium
Tien Giang_2014_winter_spring,2014,"['stage_1_Mát-Vừa', 'stage_2_Mát-Khô', 'stage_3_Mát-Khô', 'stage_4_Mát-Khô', 'stage_5_Mát-Khô']",High
Tien Giang_2014_summer_autumn,2014,"['stage_1_Nóng-Vừa', 'stage_2_Nóng-Vừa', 'stage_3_Nóng-Ướt', 'stage_4_Nóng-Vừa', 'stage_5_Mát-Ướt']",Medium
Tien Giang_2015_winter_spring,2015,"['stage_1_Mát-Vừa', 'stage_2_Mát-Khô', 'stage_3_Mát-Khô', 'stage_4_Mát-Khô', 'stage_5_Mát-Khô']",High
Tien Giang_2015_summer_autumn,2015,"['stage_1_Nóng-Khô', 'stage_2_Nóng-Khô', 'stage_3_Nóng-Vừa', 'stage_4_Vừa-Vừa', 'stage_5_Nóng-Vừa']",Medium
Tien Giang_2016_winter_spring,2016,"['stage_1_Vừa-Khô', 'stage_2_Vừa-Khô', 'stage_3_Vừa-Khô', 'stage_4_Nóng-Khô', 'stage_5_Nóng-Khô']",Medium
Tien Giang_2016_summer_autumn,2016,"['stage_1_Nóng-Khô', 'stage_2_Nóng-Vừa', 'stage_3_Nóng-Vừa', 'stage_4_Vừa-Ướt', 'stage_5_Vừa-Ướt']",Medium
Tien Giang_2017_winter_spring,2017,"['stage_1_Mát-Vừa', 'stage_2_Mát-Vừa', 'stage_3_Vừa-Khô', 'stage_4_Mát-Vừa', 'stage_5_Mát-Khô']",Low
Tien Giang_2017_summer_autumn,2017,"['stage_1_Nóng-Vừa', 'stage_2_Vừa-Ướt', 'stage_3_Nóng-Ướt', 'stage_4_Nóng-Vừa', 'stage_5_Mát-Ướt']",High
Tien Giang_2018_winter_spring,2018,"['stage_1_Mát-Vừa', 'stage_2_Mát-Khô', 'stage_3_Mát-Khô', 'stage_4_Mát-Khô', 'stage_5_Mát-Khô']",High
Tien Giang_2018_summer_autumn,2018,"['stage_1_Nóng-Khô', 'stage_2_Nóng-Vừa', 'stage_3_Vừa-Vừa', 'stage_4_Vừa-Vừa', 'stage_5_Mát-Ướt']",Medium
Tien Giang_2019_winter_spring,2019,"['stage_1_Mát-Ướt', 'stage_2_Mát-Vừa', 'stage_3_Mát-Khô', 'stage_4_Mát-Khô', 'stage_5_Vừa-Khô']",Medium
Tien Giang_2019_summer_autumn,2019,"['stage_1_Nóng-Khô', 'stage_2_Nóng-Vừa', 'stage_3_Nóng-Ướt', 'stage_4_Nóng-Vừa', 'stage_5_Nóng-Vừa']",Medium
Tien Giang_2020_winter_spring,2020,"['stage_1_Mát-Khô', 'stage_2_Mát-Khô', 'stage_3_Vừa-Khô', 'stage_4_Mát-Khô', 'stage_5_Vừa-Khô']",Low
Tien Giang_2020_summer_autumn,2020,"['stage_1_Nóng-Khô', 'stage_2_Nóng-Khô', 'stage_3_Nóng-Ướt', 'stage_4_Vừa-Ướt', 'stage_5_Nóng-Ướt']",Low
Tien Giang_2021_winter_spring,2021,"['stage_1_Mát-Khô', 'stage_2_Mát-Khô', 'stage_3_Mát-Khô', 'stage_4_Mát-Khô', 'stage_5_Mát-Khô']",Medium
Tien Giang_2021_summer_autumn,2021,"['stage_1_Vừa-Vừa', 'stage_2_Nóng-Vừa', 'stage_3_Nóng-Vừa', 'stage_4_Nóng-Vừa', 'stage_5_Vừa-Ướt']",High
Tien Giang_2022_winter_spring,2022,"['stage_1_Mát-Ướt', 'stage_2_Mát-Khô', 'stage_3_Mát-Khô', 'stage_4_Vừa-Khô', 'stage_5_Nóng-Khô']",Low
Tien Giang_2022_summer_autumn,2022,"['stage_1_Vừa-Vừa', 'stage_2_Vừa-Ướt', 'stage_3_Nóng-Ướt', 'stage_4_Nóng-Vừa', 'stage_5_Mát-Ướt']",Medium
Tien Giang_2023_winter_spring,2023,"['stage_1_Mát-Ướt', 'stage_2_Mát-Khô', 'stage_3_Mát-Ướt', 'stage_4_Mát-Khô', 'stage_5_Mát-Khô']",Low
Tien Giang_2023_summer_autumn,2023,"['stage_1_Nóng-Khô', 'stage_2_Nóng-Ướt', 'stage_3_Nóng-Vừa', 'stage_4_Nóng-Vừa', 'stage_5_Mát-Ướt']",Low
Tien Giang_2024_winter_spring,2024,"['stage_1_Mát-Khô', 'stage_2_Vừa-Khô', 'stage_3_Vừa-Khô', 'stage_4_Vừa-Khô', 'stage_5_Nóng-Khô']",Low
Tien Giang_2024_summer_autumn,2024,"['stage_1_Nóng-Khô', 'stage_2_Nóng-Vừa', 'stage_3_Nóng-Vừa', 'stage_4_Nóng-Ướt', 'stage_5_Mát-Ướt']",Low
Ben Tre_1995_winter_spring,1995,"['stage_1_Mát-Khô', 'stage_2_Mát-Khô', 'stage_3_Mát-Khô', 'stage_4_Mát-Khô', 'stage_5_Mát-Khô']",Low
Ben Tre_1995_summer_autumn,1995,"['stage_1_Nóng-Khô', 'stage_2_Nóng-Khô', 'stage_3_Nóng-Vừa', 'stage_4_Nóng-Ướt', 'stage_5_Mát-Vừa']",Medium
Ben Tre_1995_main_season,1995,"['stage_1_Nóng-Vừa', 'stage_2_Nóng-Ướt', 'stage_3_Vừa-Vừa', 'stage_4_Vừa-Vừa', 'stage_5_Mát-Ướt']",Medium
Ben Tre_1996_winter_spring,1996,"['stage_1_Mát-Vừa', 'stage_2_Mát-Khô', 'stage_3_Mát-Khô', 'stage_4_Mát-Khô', 'stage_5_Mát-Khô']",Low
Ben Tre_1996_summer_autumn,1996,"['stage_1_Vừa-Vừa', 'stage_2_Vừa-Ướt', 'stage_3_Vừa-Ướt', 'stage_4_Nóng-Vừa', 'stage_5_Mát-Vừa']",Medium
Ben Tre_1996_main_season,1996,"['stage_1_Vừa-Ướt', 'stage_2_Vừa-Ướt', 'stage_3_Vừa-Vừa', 'stage_4_Vừa-Vừa', 'stage_5_Vừa-Ướt']",Medium
Ben Tre_1997_winter_spring,1997,"['stage_1_Mát-Ướt', 'stage_2_Mát-Vừa', 'stage_3_Mát-Khô', 'stage_4_Mát-Khô', 'stage_5_Mát-Khô']",Low
Ben Tre_1997_summer_autumn,1997,"['stage_1_Nóng-Khô', 'stage_2_Nóng-Vừa', 'stage_3_Nóng-Vừa', 'stage_4_Nóng-Vừa', 'stage_5_Mát-Ướt']",Medium
Ben Tre_1997_main_season,1997,"['stage_1_Vừa-Vừa', 'stage_2_Nóng-Vừa', 'stage_3_Vừa-Ướt', 'stage_4_Mát-Ướt', 'stage_5_Vừa-Vừa']",Low
Ben Tre_1998_winter_spring,1998,"['stage_1_Vừa-Khô', 'stage_2_Vừa-Khô', 'stage_3_Vừa-Khô', 'stage_4_Nóng-Khô', 'stage_5_Nóng-Khô']",Low
Ben Tre_1998_summer_autumn,1998,"['stage_1_Nóng-Khô', 'stage_2_Nóng-Vừa', 'stage_3_Nóng-Ướt', 'stage_4_Vừa-Ướt', 'stage_5_Nóng-Vừa']",Medium
Ben Tre_1998_main_season,1998,"['stage_1_Nóng-Ướt', 'stage_2_Vừa-Ướt', 'stage_3_Vừa-Ướt', 'stage_4_Nóng-Ướt', 'stage_5_Nóng-Ướt']",Low
Ben Tre_1999_winter_spring,1999,"['stage_1_Mát-Vừa', 'stage_2_Mát-Vừa', 'stage_3_Mát-Khô', 'stage_4_Mát-Khô', 'stage_5_Mát-Khô']",Low
Ben Tre_1999_summer_autumn,1999,"['stage_1_Vừa-Ướt', 'stage_2_Mát-Ướt', 'stage_3_Mát-Ướt', 'stage_4_Mát-Vừa', 'stage_5_Mát-Vừa']",Low
Ben Tre_1999_main_season,1999,"['stage_1_Mát-Ướt', 'stage_2_Mát-Ướt', 'stage_3_Mát-Vừa', 'stage_4_Mát-Vừa', 'stage_5_Vừa-Vừa']",Low
Ben Tre_2000_winter_spring,2000,"['stage_1_Mát-Ướt', 'stage_2_Mát-Khô', 'stage_3_Mát-Khô', 'stage_4_Mát-Khô', 'stage_5_Mát-Khô']",Medium
Ben Tre_2000_summer_autumn,2000,"['stage_1_Vừa-Vừa', 'stage_2_Vừa-Vừa', 'stage_3_Vừa-Ướt', 'stage_4_Mát-Ướt', 'stage_5_Mát-Vừa']",High
Ben Tre_2000_main_season,2000,"['stage_1_Mát-Ướt', 'stage_2_Mát-Ướt', 'stage_3_Mát-Vừa', 'stage_4_Vừa-Vừa', 'stage_5_Mát-Ướt']",Low
Ben Tre_2001_winter_spring,2001,"['stage_1_Mát-Ướt', 'stage_2_Mát-Vừa', 'stage_3_Mát-Khô', 'stage_4_Mát-Khô', 'stage_5_Mát-Khô']",Medium
Ben Tre_2001_summer_autumn,2001,"['stage_1_Vừa-Vừa', 'stage_2_Nóng-Vừa', 'stage_3_Vừa-Ướt', 'stage_4_Mát-Ướt', 'stage_5_Vừa-Vừa']",Medium
Ben Tre_2001_main_season,2001,"['stage_1_Vừa-Vừa', 'stage_2_Mát-Ướt', 'stage_3_Mát-Vừa', 'stage_4_Nóng-Vừa', 'stage_5_Mát-Ướt']",Medium
Ben Tre_2002_winter_spring,2002,"['stage_1_Mát-Khô', 'stage_2_Mát-Khô', 'stage_3_Mát-Khô', 'stage_4_Mát-Khô', 'stage_5_Mát-Khô']",Medium
Ben Tre_2002_summer_autumn,2002,"['stage_1_Nóng-Khô', 'stage_2_Nóng-Vừa', 'stage_3_Nóng-Vừa', 'stage_4_Vừa-Vừa', 'stage_5_Nóng-Vừa']",Medium
Ben Tre_2002_main_season,2002,"['stage_1_Nóng-Vừa', 'stage_2_Vừa-Ướt', 'stage_3_Nóng-Khô', 'stage_4_Nóng-Vừa', 'stage_5_Mát-Vừa']",High
Ben Tre_2003_winter_spring,2003,"['stage_1_Mát-Vừa', 'stage_2_Vừa-Khô', 'stage_3_Mát-Khô', 'stage_4_Mát-Khô', 'stage_5_Vừa-Khô']",Medium
Ben Tre_2003_summer_autumn,2003,"['stage_1_Nóng-Khô', 'stage_2_Vừa-Ướt', 'stage_3_Nóng-Vừa', 'stage_4_Vừa-Ướt', 'stage_5_Mát-Ướt']",Low
Ben Tre_2003_main_season,2003,"['stage_1_Mát-Ướt', 'stage_2_Vừa-Vừa', 'stage_3_Mát-Ướt', 'stage_4_Vừa-Ướt', 'stage_5_Vừa-Vừa']",High
Ben Tre_2004_winter_spring,2004,"['stage_1_Mát-Khô', 'stage_2_Mát-Khô', 'stage_3_Mát-Khô', 'stage_4_Mát-Khô', 'stage_5_Mát-Khô']",High
Ben Tre_2004_summer_autumn,2004,"['stage_1_Nóng-Khô', 'stage_2_Nóng-Ướt', 'stage_3_Mát-Ướt', 'stage_4_Nóng-Vừa', 'stage_5_Mát-Ướt']",Medium
Ben Tre_2004_main_season,2004,"['stage_1_Vừa-Ướt', 'stage_2_Vừa-Ướt', 'stage_3_Vừa-Vừa', 'stage_4_Mát-Ướt', 'stage_5_Mát-Ướt']",High
Ben Tre_2005_winter_spring,2005,"['stage_1_Mát-Khô', 'stage_2_Mát-Khô', 'stage_3_Mát-Khô', 'stage_4_Mát-Khô', 'stage_5_Vừa-Khô']",Low
Ben Tre_2005_summer_autumn,2005,"['stage_1_Nóng-Khô', 'stage_2_Nóng-Vừa', 'stage_3_Nóng-Vừa', 'stage_4_Vừa-Ướt', 'stage_5_Vừa-Vừa']",Low
Ben Tre_2005_main_season,2005,"['stage_1_Vừa-Ướt', 'stage_2_Vừa-Vừa', 'stage_3_Vừa-Vừa', 'stage_4_Vừa-Vừa', 'stage_5_Nóng-Vừa']",High
Ben Tre_2006_winter_spring,2006,"['stage_1_Mát-Vừa', 'stage_2_Mát-Vừa', 'stage_3_Mát-Khô', 'stage_4_Mát-Khô', 'stage_5_Vừa-Khô']",High
Ben Tre_2006_summer_autumn,2006,"['stage_1_Nóng-Vừa', 'stage_2_Vừa-Ướt', 'stage_3_Vừa-Vừa', 'stage_4_Mát-Ướt', 'stage_5_Vừa-Vừa']",Low
Ben Tre_2006_main_season,2006,"['stage_1_Vừa-Ướt', 'stage_2_Mát-Ướt', 'stage_3_Mát-Ướt', 'stage_4_Vừa-Vừa', 'stage_5_Mát-Ướt']",High
Ben Tre_2007_winter_spring,2007,"['stage_1_Vừa-Khô', 'stage_2_Mát-Khô', 'stage_3_Mát-Vừa', 'stage_4_Mát-Khô', 'stage_5_Mát-Khô']",High
Ben Tre_2007_summer_autumn,2007,"['stage_1_Nóng-Vừa', 'stage_2_Vừa-Ướt', 'stage_3_Nóng-Vừa', 'stage_4_Vừa-Ướt', 'stage_5_Mát-Vừa']",Medium
Ben Tre_2007_main_season,2007,"['stage_1_Vừa-Ướt', 'stage_2_Vừa-Ướt', 'stage_3_Mát-Ướt', 'stage_4_Vừa-Vừa', 'stage_5_Mát-Ướt']",Low
Ben Tre_2008_winter_spring,2008,"['stage_1_Mát-Khô', 'stage_2_Mát-Khô', 'stage_3_Mát-Khô', 'stage_4_Mát-Khô', 'stage_5_Mát-Khô']",High
Ben Tre_2008_summer_autumn,2008,"['stage_1_Vừa-Ướt', 'stage_2_Mát-Ướt', 'stage_3_Vừa-Ướt', 'stage_4_Vừa-Vừa', 'stage_5_Vừa-Vừa']",High
Ben Tre_2008_main_season,2008,"['stage_1_Mát-Ướt', 'stage_2_Mát-Vừa', 'stage_3_Vừa-Ướt', 'stage_4_Vừa-Ướt', 'stage_5_Mát-Vừa']",High
Ben Tre_2009_winter_spring,2009,"['stage_1_Mát-Vừa', 'stage_2_Mát-Vừa', 'stage_3_Mát-Khô', 'stage_4_Mát-Khô', 'stage_5_Mát-Vừa']",High
Ben Tre_2009_summer_autumn,2009,"['stage_1_Vừa-Ướt', 'stage_2_Vừa-Ướt', 'stage_3_Nóng-Khô', 'stage_4_Nóng-Vừa', 'stage_5_Vừa-Vừa']",Medium
Ben Tre_2009_main_season,2009,"['stage_1_Vừa-Ướt', 'stage_2_Vừa-Vừa', 'stage_3_Vừa-Vừa', 'stage_4_Vừa-Vừa', 'stage_5_Nóng-Vừa']",High
Ben Tre_2010_winter_spring,2010,"['stage_1_Mát-Khô', 'stage_2_Mát-Khô', 'stage_3_Mát-Khô', 'stage_4_Mát-Vừa', 'stage_5_Vừa-Khô']",High
Ben Tre_2010_summer_autumn,2010,"['stage_1_Nóng-Khô', 'stage_2_Nóng-Vừa', 'stage_3_Nóng-Vừa', 'stage_4_Nóng-Ướt', 'stage_5_Vừa-Ướt']",Low
Ben Tre_2010_main_season,2010,"['stage_1_Nóng-Vừa', 'stage_2_Vừa-Ướt', 'stage_3_Nóng-Ướt', 'stage_4_Vừa-Ướt', 'stage_5_Vừa-Ướt']",High
Ben Tre_2011_winter_spring,2011,"['stage_1_Mát-Ướt', 'stage_2_Mát-Khô', 'stage_3_Mát-Khô', 'stage_4_Mát-Khô', 'stage_5_Mát-Khô']",High
Ben Tre_2011_summer_autumn,2011,"['stage_1_Vừa-Vừa', 'stage_2_Vừa-Ướt', 'stage_3_Vừa-Vừa', 'stage_4_Vừa-Vừa', 'stage_5_Vừa-Vừa']",High
Ben Tre_2011_main_season,2011,"['stage_1_Vừa-Ướt', 'stage_2_Vừa-Vừa', 'stage_3_Vừa-Ướt', 'stage_4_Vừa-Vừa', 'stage_5_Vừa-Ướt']",High
Ben Tre_2012_winter_spring,2012,"['stage_1_Mát-Khô', 'stage_2_Mát-Khô', 'stage_3_Mát-Khô', 'stage_4_Mát-Khô', 'stage_5_Vừa-Khô']",High
Ben Tre_2012_summer_autumn,2012,"['stage_1_Nóng-Vừa', 'stage_2_Vừa-Ướt', 'stage_3_Vừa-Ướt', 'stage_4_Vừa-Vừa', 'stage_5_Vừa-Ướt']",High
Ben Tre_2012_main_season,2012,"['stage_1_Vừa-Ướt', 'stage_2_Vừa-Vừa', 'stage_3_Mát-Ướt', 'stage_4_Vừa-Vừa', 'stage_5_Vừa-Vừa']",High
Ben Tre_2013_winter_spring,2013,"['stage_1_Mát-Vừa', 'stage_2_Vừa-Khô', 'stage_3_Mát-Vừa', 'stage_4_Mát-Khô', 'stage_5_Nóng-Khô']",High
Ben Tre_2013_summer_autumn,2013,"['stage_1_Vừa-Vừa', 'stage_2_Nóng-Vừa', 'stage_3_Vừa-Ướt', 'stage_4_Vừa-Ướt', 'stage_5_Mát-Ướt']",High
Ben Tre_2013_main_season,2013,"['stage_1_Vừa-Ướt', 'stage_2_Vừa-Ướt', 'stage_3_Vừa-Ướt', 'stage_4_Mát-Ướt', 'stage_5_Mát-Vừa']",High
Ben Tre_2014_winter_spring,2014,"['stage_1_Mát-Vừa', 'stage_2_Mát-Khô', 'stage_3_Mát-Khô', 'stage_4_Mát-Khô', 'stage_5_Mát-Khô']",High
Ben Tre_2014_summer_autumn,2014,"['stage_1_Nóng-Vừa', 'stage_2_Nóng-Vừa', 'stage_3_Nóng-Ướt', 'stage_4_Nóng-Vừa', 'stage_5_Mát-Ướt']",Medium
Ben Tre_2014_main_season,2014,"['stage_1_Vừa-Ướt', 'stage_2_Vừa-Ướt', 'stage_3_Vừa-Ướt', 'stage_4_Vừa-Vừa', 'stage_5_Vừa-Ướt']",High
Ben Tre_2015_winter_spring,2015,"['stage_1_Mát-Vừa', 'stage_2_Mát-Khô', 'stage_3_Mát-Khô', 'stage_4_Mát-Khô', 'stage_5_Mát-Khô']",High
Ben Tre_2015_summer_autumn,2015,"['stage_1_Nóng-Khô', 'stage_2_Nóng-Khô', 'stage_3_Nóng-Vừa', 'stage_4_Vừa-Vừa', 'stage_5_Nóng-Vừa']",Low
Ben Tre_2015_main_season,2015,"['stage_1_Nóng-Vừa', 'stage_2_Vừa-Vừa', 'stage_3_Nóng-Vừa', 'stage_4_Nóng-Vừa', 'stage_5_Vừa-Vừa']",High
Ben Tre_2016_winter_spring,2016,"['stage_1_Vừa-Khô', 'stage_2_Vừa-Khô', 'stage_3_Vừa-Khô', 'stage_4_Nóng-Khô', 'stage_5_Vừa-Khô']",Low
Ben Tre_2016_summer_autumn,2016,"['stage_1_Nóng-Khô', 'stage_2_Nóng-Vừa', 'stage_3_Nóng-Vừa', 'stage_4_Vừa-Ướt', 'stage_5_Vừa-Ướt']",Low
Ben Tre_2016_main_season,2016,"['stage_1_Vừa-Ướt', 'stage_2_Vừa-Ướt', 'stage_3_Vừa-Vừa', 'stage_4_Vừa-Vừa', 'stage_5_Nóng-Vừa']",Low
Ben Tre_2017_winter_spring,2017,"['stage_1_Mát-Vừa', 'stage_2_Mát-Vừa', 'stage_3_Vừa-Khô', 'stage_4_Mát-Vừa', 'stage_5_Mát-Khô']",Medium
Ben Tre_2017_summer_autumn,2017,"['stage_1_Nóng-Vừa', 'stage_2_Vừa-Ướt', 'stage_3_Nóng-Ướt', 'stage_4_Nóng-Vừa', 'stage_5_Mát-Ướt']",Low
Ben Tre_2017_main_season,2017,"['stage_1_Vừa-Ướt', 'stage_2_Vừa-Ướt', 'stage_3_Vừa-Ướt', 'stage_4_Vừa-Ướt', 'stage_5_Mát-Ướt']",Low
Ben Tre_2018_winter_spring,2018,"['stage_1_Mát-Vừa', 'stage_2_Mát-Khô', 'stage_3_Mát-Khô', 'stage_4_Mát-Khô', 'stage_5_Mát-Khô']",High
Ben Tre_2018_summer_autumn,2018,"['stage_1_Nóng-Khô', 'stage_2_Nóng-Vừa', 'stage_3_Vừa-Ướt', 'stage_4_Vừa-Vừa', 'stage_5_Mát-Ướt']",Medium
Ben Tre_2018_main_season,2018,"['stage_1_Vừa-Ướt', 'stage_2_Vừa-Vừa', 'stage_3_Vừa-Ướt', 'stage_4_Vừa-Ướt', 'stage_5_Mát-Ướt']",Low
Ben Tre_2019_winter_spring,2019,"['stage_1_Mát-Ướt', 'stage_2_Mát-Vừa', 'stage_3_Mát-Khô', 'stage_4_Mát-Khô', 'stage_5_Vừa-Khô']",High
Ben Tre_2019_summer_autumn,2019,"['stage_1_Nóng-Khô', 'stage_2_Nóng-Vừa', 'stage_3_Nóng-Ướt', 'stage_4_Nóng-Vừa', 'stage_5_Nóng-Vừa']",Medium
Ben Tre_2019_main_season,2019,"['stage_1_Nóng-Vừa', 'stage_2_Vừa-Ướt', 'stage_3_Nóng-Vừa', 'stage_4_Vừa-Ướt', 'stage_5_Vừa-Ướt']",Low
Ben Tre_2020_winter_spring,2020,"['stage_1_Mát-Khô', 'stage_2_Mát-Khô', 'stage_3_Vừa-Khô', 'stage_4_Mát-Khô', 'stage_5_Vừa-Khô']",Low
Ben Tre_2020_summer_autumn,2020,"['stage_1_Nóng-Khô', 'stage_2_Nóng-Khô', 'stage_3_Nóng-Ướt', 'stage_4_Vừa-Ướt', 'stage_5_Nóng-Ướt']",Low
Ben Tre_2020_main_season,2020,"['stage_1_Nóng-Vừa', 'stage_2_Vừa-Ướt', 'stage_3_Vừa-Ướt', 'stage_4_Nóng-Ướt', 'stage_5_Nóng-Ướt']",Low
Ben Tre_2021_winter_spring,2021,"['stage_1_Mát-Khô', 'stage_2_Mát-Khô', 'stage_3_Mát-Khô', 'stage_4_Mát-Khô', 'stage_5_Mát-Khô']",High
Ben Tre_2021_summer_autumn,2021,"['stage_1_Vừa-Vừa', 'stage_2_Nóng-Vừa', 'stage_3_Nóng-Vừa', 'stage_4_Nóng-Vừa', 'stage_5_Vừa-Ướt']",Medium
Ben Tre_2021_main_season,2021,"['stage_1_Vừa-Ướt', 'stage_2_Vừa-Vừa', 'stage_3_Vừa-Ướt', 'stage_4_Nóng-Vừa', 'stage_5_Vừa-Ướt']",Low
Ben Tre_2022_summer_autumn,2022,"['stage_1_Vừa-Ướt', 'stage_2_Vừa-Ướt', 'stage_3_Nóng-Ướt', 'stage_4_Nóng-Ướt', 'stage_5_Vừa-Ướt']",High
Ben Tre_2022_main_season,2022,"['stage_1_Vừa-Ướt', 'stage_2_Nóng-Vừa', 'stage_3_Mát-Ướt', 'stage_4_Vừa-Ướt', 'stage_5_Mát-Ướt']",Medium
Ben Tre_2023_winter_spring,2023,"['stage_1_Mát-Ướt', 'stage_2_Mát-Khô', 'stage_3_Mát-Vừa', 'stage_4_Mát-Khô', 'stage_5_Mát-Khô']",High
Ben Tre_2023_summer_autumn,2023,"['stage_1_Nóng-Khô', 'stage_2_Nóng-Ướt', 'stage_3_Nóng-Ướt', 'stage_4_Nóng-Vừa', 'stage_5_Vừa-Ướt']",High
Ben Tre_2023_main_season,2023,"['stage_1_Vừa-Ướt', 'stage_2_Vừa-Ướt', 'stage_3_Vừa-Ướt', 'stage_4_Vừa-Ướt', 'stage_5_Nóng-Vừa']",Medium
Ben Tre_2024_summer_autumn,2024,"['stage_1_Nóng-Khô', 'stage_2_Nóng-Vừa', 'stage_3_Nóng-Vừa', 'stage_4_Nóng-Ướt', 'stage_5_Mát-Ướt']",Low
Ben Tre_2024_main_season,2024,"['stage_1_Nóng-Ướt', 'stage_2_Nóng-Ướt', 'stage_3_Vừa-Ướt', 'stage_4_Vừa-Ướt', 'stage_5_Nóng-Vừa']",High
Tra Vinh_1995_winter_spring,1995,"['stage_1_Mát-Khô', 'stage_2_Mát-Khô', 'stage_3_Mát-Khô', 'stage_4_Mát-Khô', 'stage_5_Mát-Khô']",High
Tra Vinh_1995_summer_autumn,1995,"['stage_1_Nóng-Khô', 'stage_2_Nóng-Khô', 'stage_3_Nóng-Vừa', 'stage_4_Nóng-Ướt', 'stage_5_Mát-Vừa']",High
Tra Vinh_1995_main_season,1995,"['stage_1_Nóng-Vừa', 'stage_2_Nóng-Ướt', 'stage_3_Vừa-Vừa', 'stage_4_Vừa-Vừa', 'stage_5_Mát-Ướt']",Low
Tra Vinh_1996_winter_spring,1996,"['stage_1_Mát-Vừa', 'stage_2_Mát-Khô', 'stage_3_Mát-Khô', 'stage_4_Mát-Khô', 'stage_5_Mát-Khô']",Medium
Tra Vinh_1996_summer_autumn,1996,"['stage_1_Vừa-Vừa', 'stage_2_Vừa-Ướt', 'stage_3_Vừa-Ướt', 'stage_4_Nóng-Ướt', 'stage_5_Mát-Ướt']",Low
Tra Vinh_1996_main_season,1996,"['stage_1_Vừa-Ướt', 'stage_2_Vừa-Ướt', 'stage_3_Vừa-Vừa', 'stage_4_Vừa-Vừa', 'stage_5_Vừa-Ướt']",High
Tra Vinh_1997_winter_spring,1997,"['stage_1_Mát-Ướt', 'stage_2_Mát-Vừa', 'stage_3_Mát-Khô', 'stage_4_Mát-Khô', 'stage_5_Mát-Khô']",Medium
Tra Vinh_1997_summer_autumn,1997,"['stage_1_Nóng-Khô', 'stage_2_Nóng-Vừa', 'stage_3_Nóng-Vừa', 'stage_4_Nóng-Vừa', 'stage_5_Mát-Ướt']",Low
Tra Vinh_1997_main_season,1997,"['stage_1_Vừa-Ướt', 'stage_2_Vừa-Vừa', 'stage_3_Vừa-Ướt', 'stage_4_Mát-Ướt', 'stage_5_Vừa-Ướt']",Low
Tra Vinh_1998_winter_spring,1998,"['stage_1_Vừa-Khô', 'stage_2_Vừa-Khô', 'stage_3_Vừa-Khô', 'stage_4_Nóng-Khô', 'stage_5_Nóng-Khô']",Medium
Tra Vinh_1998_summer_autumn,1998,"['stage_1_Nóng-Khô', 'stage_2_Nóng-Vừa', 'stage_3_Nóng-Ướt', 'stage_4_Vừa-Ướt', 'stage_5_Nóng-Vừa']",Low
Tra Vinh_1998_main_season,1998,"['stage_1_Nóng-Ướt', 'stage_2_Vừa-Ướt', 'stage_3_Vừa-Ướt', 'stage_4_Nóng-Ướt', 'stage_5_Nóng-Ướt']",Low
Tra Vinh_1999_winter_spring,1999,"['stage_1_Mát-Vừa', 'stage_2_Mát-Vừa', 'stage_3_Mát-Khô', 'stage_4_Mát-Khô', 'stage_5_Mát-Khô']",Low
Tra Vinh_1999_summer_autumn,1999,"['stage_1_Vừa-Ướt', 'stage_2_Mát-Ướt', 'stage_3_Mát-Ướt', 'stage_4_Mát-Ướt', 'stage_5_Mát-Vừa']",Medium
Tra Vinh_1999_main_season,1999,"['stage_1_Mát-Ướt', 'stage_2_Mát-Ướt', 'stage_3_Mát-Ướt', 'stage_4_Mát-Ướt', 'stage_5_Mát-Vừa']",Low
Tra Vinh_2000_winter_spring,2000,"['stage_1_Mát-Ướt', 'stage_2_Mát-Khô', 'stage_3_Mát-Khô', 'stage_4_Mát-Khô', 'stage_5_Mát-Khô']",Medium
Tra Vinh_2000_summer_autumn,2000,"['stage_1_Vừa-Vừa', 'stage_2_Vừa-Ướt', 'stage_3_Vừa-Ướt', 'stage_4_Mát-Ướt', 'stage_5_Mát-Vừa']",High
Tra Vinh_2000_main_season,2000,"['stage_1_Mát-Ướt', 'stage_2_Mát-Ướt', 'stage_3_Mát-Vừa', 'stage_4_Vừa-Vừa', 'stage_5_Mát-Ướt']",Low
Tra Vinh_2001_winter_spring,2001,"['stage_1_Mát-Ướt', 'stage_2_Mát-Vừa', 'stage_3_Mát-Khô', 'stage_4_Mát-Khô', 'stage_5_Mát-Khô']",Low
Tra Vinh_2001_summer_autumn,2001,"['stage_1_Vừa-Vừa', 'stage_2_Nóng-Vừa', 'stage_3_Vừa-Ướt', 'stage_4_Mát-Ướt', 'stage_5_Vừa-Vừa']",Low
Tra Vinh_2001_main_season,2001,"['stage_1_Vừa-Ướt', 'stage_2_Mát-Ướt', 'stage_3_Mát-Ướt', 'stage_4_Nóng-Vừa', 'stage_5_Mát-Ướt']",Low
Tra Vinh_2002_winter_spring,2002,"['stage_1_Mát-Khô', 'stage_2_Mát-Khô', 'stage_3_Mát-Khô', 'stage_4_Mát-Khô', 'stage_5_Mát-Khô']",High
Tra Vinh_2002_summer_autumn,2002,"['stage_1_Nóng-Khô', 'stage_2_Nóng-Vừa', 'stage_3_Nóng-Vừa', 'stage_4_Vừa-Ướt', 'stage_5_Nóng-Vừa']",Medium
Tra Vinh_2002_main_season,2002,"['stage_1_Nóng-Vừa', 'stage_2_Vừa-Ướt', 'stage_3_Nóng-Vừa', 'stage_4_Nóng-Vừa', 'stage_5_Mát-Vừa']",Medium
Tra Vinh_2003_winter_spring,2003,"['stage_1_Mát-Ướt', 'stage_2_Vừa-Khô', 'stage_3_Mát-Khô', 'stage_4_Mát-Khô', 'stage_5_Vừa-Khô']",High
Tra Vinh_2003_summer_autumn,2003,"['stage_1_Nóng-Khô', 'stage_2_Vừa-Ướt', 'stage_3_Nóng-Vừa', 'stage_4_Vừa-Ướt', 'stage_5_Mát-Ướt']",Medium
Tra Vinh_2003_main_season,2003,"['stage_1_Mát-Ướt', 'stage_2_Vừa-Vừa', 'stage_3_Mát-Ướt', 'stage_4_Vừa-Ướt', 'stage_5_Vừa-Vừa']",High
Tra Vinh_2004_winter_spring,2004,"['stage_1_Mát-Khô', 'stage_2_Mát-Khô', 'stage_3_Mát-Khô', 'stage_4_Mát-Khô', 'stage_5_Mát-Khô']",High
Tra Vinh_2004_summer_autumn,2004,"['stage_1_Nóng-Vừa', 'stage_2_Nóng-Ướt', 'stage_3_Vừa-Ướt', 'stage_4_Nóng-Vừa', 'stage_5_Mát-Ướt']",Medium
Tra Vinh_2004_main_season,2004,"['stage_1_Vừa-Ướt', 'stage_2_Vừa-Ướt', 'stage_3_Vừa-Vừa', 'stage_4_Mát-Ướt', 'stage_5_Mát-Vừa']",Medium
Tra Vinh_2005_winter_spring,2005,"['stage_1_Mát-Khô', 'stage_2_Mát-Khô', 'stage_3_Mát-Khô', 'stage_4_Mát-Khô', 'stage_5_Vừa-Khô']",High
Tra Vinh_2005_summer_autumn,2005,"['stage_1_Nóng-Khô', 'stage_2_Nóng-Ướt', 'stage_3_Nóng-Ướt', 'stage_4_Vừa-Ướt', 'stage_5_Vừa-Vừa']",Low
Tra Vinh_2005_main_season,2005,"['stage_1_Vừa-Ướt', 'stage_2_Vừa-Ướt', 'stage_3_Vừa-Ướt', 'stage_4_Vừa-Ướt', 'stage_5_Nóng-Vừa']",Medium
Tra Vinh_2006_winter_spring,2006,"['stage_1_Mát-Ướt', 'stage_2_Mát-Vừa', 'stage_3_Mát-Khô', 'stage_4_Mát-Khô', 'stage_5_Vừa-Khô']",Medium
Tra Vinh_2006_summer_autumn,2006,"['stage_1_Nóng-Vừa', 'stage_2_Vừa-Ướt', 'stage_3_Vừa-Ướt', 'stage_4_Mát-Ướt', 'stage_5_Vừa-Vừa']",Low
Tra Vinh_2006_main_season,2006,"['stage_1_Vừa-Ướt', 'stage_2_Mát-Ướt', 'stage_3_Mát-Ướt', 'stage_4_Vừa-Vừa', 'stage_5_Mát-Ướt']",High
Tra Vinh_2007_winter_spring,2007,"['stage_1_Vừa-Vừa', 'stage_2_Mát-Khô', 'stage_3_Mát-Vừa', 'stage_4_Mát-Khô', 'stage_5_Mát-Khô']",Low
Tra Vinh_2007_summer_autumn,2007,"['stage_1_Nóng-Vừa', 'stage_2_Vừa-Ướt', 'stage_3_Nóng-Vừa', 'stage_4_Vừa-Ướt', 'stage_5_Mát-Ướt']",High
Tra Vinh_2007_main_season,2007,"['stage_1_Vừa-Ướt', 'stage_2_Vừa-Ướt', 'stage_3_Mát-Ướt', 'stage_4_Vừa-Ướt', 'stage_5_Mát-Ướt']",Low
Tra Vinh_2008_winter_spring,2008,"['stage_1_Mát-Khô', 'stage_2_Mát-Khô', 'stage_3_Mát-Khô', 'stage_4_Mát-Khô', 'stage_5_Mát-Khô']",Medium
Tra Vinh_2008_summer_autumn,2008,"['stage_1_Vừa-Ướt', 'stage_2_Mát-Ướt', 'stage_3_Vừa-Ướt', 'stage_4_Vừa-Ướt', 'stage_5_Mát-Ướt']",High
Tra Vinh_2008_main_season,2008,"['stage_1_Mát-Ướt', 'stage_2_Mát-Ướt', 'stage_3_Vừa-Ướt', 'stage_4_Vừa-Ướt', 'stage_5_Mát-Ướt']",High
Tra Vinh_2009_winter_spring,2009,"['stage_1_Mát-Vừa', 'stage_2_Mát-Khô', 'stage_3_Mát-Khô', 'stage_4_Mát-Khô', 'stage_5_Mát-Vừa']",Medium
Tra Vinh_2009_summer_autumn,2009,"['stage_1_Vừa-Ướt', 'stage_2_Vừa-Ướt', 'stage_3_Nóng-Vừa', 'stage_4_Vừa-Ướt', 'stage_5_Vừa-Ướt']",High
Tra Vinh_2009_main_season,2009,"['stage_1_Vừa-Ướt', 'stage_2_Vừa-Vừa', 'stage_3_Vừa-Ướt', 'stage_4_Vừa-Ướt', 'stage_5_Nóng-Vừa']",Medium
Tra Vinh_2010_winter_spring,2010,"['stage_1_Mát-Khô', 'stage_2_Mát-Khô', 'stage_3_Mát-Khô', 'stage_4_Mát-Khô', 'stage_5_Vừa-Khô']",High
Tra Vinh_2010_summer_autumn,2010,"['stage_1_Nóng-Khô', 'stage_2_Nóng-Vừa', 'stage_3_Nóng-Ướt', 'stage_4_Nóng-Ướt', 'stage_5_Nóng-Ướt']",Medium
Tra Vinh_2010_main_season,2010,"['stage_1_Nóng-Ướt', 'stage_2_Vừa-Ướt', 'stage_3_Nóng-Ướt', 'stage_4_Vừa-Ướt', 'stage_5_Nóng-Ướt']",High
Tra Vinh_2011_winter_spring,2011,"['stage_1_Mát-Ướt', 'stage_2_Mát-Vừa', 'stage_3_Mát-Khô', 'stage_4_Mát-Khô', 'stage_5_Mát-Khô']",Low
Tra Vinh_2011_summer_autumn,2011,"['stage_1_Vừa-Vừa', 'stage_2_Vừa-Ướt', 'stage_3_Vừa-Ướt', 'stage_4_Vừa-Vừa', 'stage_5_Vừa-Vừa']",High
Tra Vinh_2011_main_season,2011,"['stage_1_Vừa-Ướt', 'stage_2_Vừa-Ướt', 'stage_3_Vừa-Ướt', 'stage_4_Vừa-Vừa', 'stage_5_Vừa-Ướt']",High
Tra Vinh_2012_winter_spring,2012,"['stage_1_Mát-Khô', 'stage_2_Mát-Khô', 'stage_3_Mát-Khô', 'stage_4_Mát-Khô', 'stage_5_Vừa-Khô']",High
Tra Vinh_2012_summer_autumn,2012,"['stage_1_Nóng-Vừa', 'stage_2_Vừa-Ướt', 'stage_3_Nóng-Ướt', 'stage_4_Vừa-Vừa', 'stage_5_Vừa-Ướt']",High
Tra Vinh_2012_main_season,2012,"['stage_1_Vừa-Ướt', 'stage_2_Vừa-Vừa', 'stage_3_Mát-Ướt', 'stage_4_Vừa-Vừa', 'stage_5_Vừa-Vừa']",High
Tra Vinh_2013_winter_spring,2013,"['stage_1_Mát-Vừa', 'stage_2_Vừa-Khô', 'stage_3_Mát-Vừa', 'stage_4_Mát-Khô', 'stage_5_Vừa-Khô']",High
Tra Vinh_2013_summer_autumn,2013,"['stage_1_Vừa-Vừa', 'stage_2_Nóng-Ướt', 'stage_3_Vừa-Ướt', 'stage_4_Vừa-Ướt', 'stage_5_Mát-Ướt']",High
Tra Vinh_2013_main_season,2013,"['stage_1_Vừa-Ướt', 'stage_2_Vừa-Ướt', 'stage_3_Vừa-Ướt', 'stage_4_Mát-Ướt', 'stage_5_Mát-Ướt']",High
Tra Vinh_2014_winter_spring,2014,"['stage_1_Mát-Vừa', 'stage_2_Mát-Khô', 'stage_3_Mát-Khô', 'stage_4_Mát-Khô', 'stage_5_Mát-Khô']",High
Tra Vinh_2014_summer_autumn,2014,"['stage_1_Nóng-Vừa', 'stage_2_Nóng-Vừa', 'stage_3_Nóng-Ướt', 'stage_4_Nóng-Ướt', 'stage_5_Mát-Ướt']",High
Tra Vinh_2014_main_season,2014,"['stage_1_Vừa-Ướt', 'stage_2_Vừa-Ướt', 'stage_3_Vừa-Ướt', 'stage_4_Vừa-Ướt', 'stage_5_Vừa-Ướt']",High
Tra Vinh_2015_winter_spring,2015,"['stage_1_Mát-Vừa', 'stage_2_Mát-Khô', 'stage_3_Mát-Khô', 'stage_4_Mát-Khô', 'stage_5_Mát-Khô']",High
Tra Vinh_2015_summer_autumn,2015,"['stage_1_Nóng-Khô', 'stage_2_Nóng-Vừa', 'stage_3_Nóng-Vừa', 'stage_4_Nóng-Ướt', 'stage_5_Nóng-Vừa']",High
Tra Vinh_2015_main_season,2015,"['stage_1_Nóng-Vừa', 'stage_2_Nóng-Vừa', 'stage_3_Nóng-Ướt', 'stage_4_Nóng-Vừa', 'stage_5_Vừa-Ướt']",Low
Tra Vinh_2016_winter_spring,2016,"['stage_1_Vừa-Khô', 'stage_2_Mát-Khô', 'stage_3_Vừa-Khô', 'stage_4_Nóng-Khô', 'stage_5_Vừa-Khô']",Low
Tra Vinh_2016_summer_autumn,2016,"['stage_1_Nóng-Khô', 'stage_2_Nóng-Vừa', 'stage_3_Nóng-Ướt', 'stage_4_Nóng-Ướt', 'stage_5_Vừa-Ướt']",Low
Tra Vinh_2016_main_season,2016,"['stage_1_Vừa-Ướt', 'stage_2_Vừa-Ướt', 'stage_3_Vừa-Vừa', 'stage_4_Vừa-Ướt', 'stage_5_Nóng-Vừa']",Medium
Tra Vinh_2017_winter_spring,2017,"['stage_1_Mát-Ướt', 'stage_2_Mát-Vừa', 'stage_3_Vừa-Khô', 'stage_4_Mát-Vừa', 'stage_5_Mát-Khô']",Medium
Tra Vinh_2017_summer_autumn,2017,"['stage_1_Nóng-Khô', 'stage_2_Nóng-Ướt', 'stage_3_Nóng-Ướt', 'stage_4_Nóng-Vừa', 'stage_5_Mát-Ướt']",Low
Tra Vinh_2017_main_season,2017,"['stage_1_Vừa-Ướt', 'stage_2_Vừa-Ướt', 'stage_3_Vừa-Vừa', 'stage_4_Vừa-Ướt', 'stage_5_Mát-Ướt']",Low
Tra Vinh_2018_winter_spring,2018,"['stage_1_Vừa-Vừa', 'stage_2_Mát-Khô', 'stage_3_Mát-Khô', 'stage_4_Mát-Khô', 'stage_5_Mát-Khô']",High
Tra Vinh_2018_summer_autumn,2018,"['stage_1_Nóng-Khô', 'stage_2_Nóng-Vừa', 'stage_3_Nóng-Vừa', 'stage_4_Nóng-Vừa', 'stage_5_Vừa-Vừa']",High
Tra Vinh_2018_main_season,2018,"['stage_1_Vừa-Ướt', 'stage_2_Vừa-Vừa', 'stage_3_Vừa-Ướt', 'stage_4_Nóng-Vừa', 'stage_5_Vừa-Ướt']",Low
Tra Vinh_2019_winter_spring,2019,"['stage_1_Mát-Ướt', 'stage_2_Vừa-Khô', 'stage_3_Mát-Khô', 'stage_4_Mát-Khô', 'stage_5_Mát-Khô']",High
Tra Vinh_2019_summer_autumn,2019,"['stage_1_Nóng-Khô', 'stage_2_Nóng-Vừa', 'stage_3_Nóng-Vừa', 'stage_4_Nóng-Vừa', 'stage_5_Nóng-Vừa']",Medium
Tra Vinh_2019_main_season,2019,"['stage_1_Nóng-Vừa', 'stage_2_Vừa-Ướt', 'stage_3_Nóng-Vừa', 'stage_4_Nóng-Vừa', 'stage_5_Nóng-Ướt']",Low
Tra Vinh_2020_winter_spring,2020,"['stage_1_Mát-Khô', 'stage_2_Mát-Khô', 'stage_3_Vừa-Khô', 'stage_4_Mát-Khô', 'stage_5_Mát-Khô']",Low
Tra Vinh_2020_summer_autumn,2020,"['stage_1_Nóng-Khô', 'stage_2_Nóng-Khô', 'stage_3_Nóng-Ướt', 'stage_4_Vừa-Ướt', 'stage_5_Nóng-Ướt']",Low
Tra Vinh_2020_main_season,2020,"['stage_1_Nóng-Vừa', 'stage_2_Vừa-Ướt', 'stage_3_Vừa-Ướt', 'stage_4_Nóng-Ướt', 'stage_5_Nóng-Ướt']",Low
Tra Vinh_2021_winter_spring,2021,"['stage_1_Mát-Khô', 'stage_2_Mát-Khô', 'stage_3_Mát-Khô', 'stage_4_Mát-Khô', 'stage_5_Mát-Khô']",High
Tra Vinh_2021_summer_autumn,2021,"['stage_1_Vừa-Vừa', 'stage_2_Nóng-Vừa', 'stage_3_Nóng-Khô', 'stage_4_Nóng-Vừa', 'stage_5_Nóng-Ướt']",Low
Tra Vinh_2021_main_season,2021,"['stage_1_Vừa-Ướt', 'stage_2_Nóng-Vừa', 'stage_3_Vừa-Ướt', 'stage_4_Nóng-Vừa', 'stage_5_Nóng-Vừa']",High
Tra Vinh_2022_winter_spring,2022,"['stage_1_Mát-Ướt', 'stage_2_Mát-Khô', 'stage_3_Mát-Khô', 'stage_4_Mát-Khô', 'stage_5_Nóng-Khô']",High
Tra Vinh_2022_summer_autumn,2022,"['stage_1_Vừa-Ướt', 'stage_2_Vừa-Ướt', 'stage_3_Nóng-Ướt', 'stage_4_Nóng-Ướt', 'stage_5_Vừa-Ướt']",Low
Tra Vinh_2022_main_season,2022,"['stage_1_Vừa-Ướt', 'stage_2_Nóng-Vừa', 'stage_3_Vừa-Ướt', 'stage_4_Nóng-Vừa', 'stage_5_Vừa-Ướt']",Medium
Tra Vinh_2023_winter_spring,2023,"['stage_1_Mát-Ướt', 'stage_2_Mát-Khô', 'stage_3_Mát-Vừa', 'stage_4_Mát-Khô', 'stage_5_Mát-Khô']",Low
Tra Vinh_2023_summer_autumn,2023,"['stage_1_Nóng-Khô', 'stage_2_Nóng-Ướt', 'stage_3_Nóng-Ướt', 'stage_4_Nóng-Ướt', 'stage_5_Vừa-Ướt']",Low
Tra Vinh_2023_main_season,2023,"['stage_1_Vừa-Ướt', 'stage_2_Vừa-Ướt', 'stage_3_Vừa-Ướt', 'stage_4_Vừa-Ướt', 'stage_5_Nóng-Vừa']",Low
Tra Vinh_2024_winter_spring,2024,"['stage_1_Mát-Vừa', 'stage_2_Vừa-Khô', 'stage_3_Vừa-Khô', 'stage_4_Vừa-Khô', 'stage_5_Nóng-Khô']",High
Tra Vinh_2024_summer_autumn,2024,"['stage_1_Nóng-Khô', 'stage_2_Nóng-Ướt', 'stage_3_Nóng-Vừa', 'stage_4_Nóng-Ướt', 'stage_5_Mát-Ướt']",Low
Vinh Long_1995_winter_spring,1995,"['stage_1_Mát-Khô', 'stage_2_Mát-Khô', 'stage_3_Mát-Khô', 'stage_4_Mát-Khô', 'stage_5_Vừa-Khô']",Low
Vinh Long_1995_summer_autumn,1995,"['stage_1_Nóng-Khô', 'stage_2_Nóng-Khô', 'stage_3_Nóng-Vừa', 'stage_4_Nóng-Ướt', 'stage_5_Mát-Vừa']",High
Vinh Long_1995_main_season,1995,"['stage_1_Nóng-Vừa', 'stage_2_Nóng-Ướt', 'stage_3_Vừa-Vừa', 'stage_4_Vừa-Vừa', 'stage_5_Mát-Ướt']",Medium
Vinh Long_1996_winter_spring,1996,"['stage_1_Mát-Khô', 'stage_2_Mát-Khô', 'stage_3_Mát-Khô', 'stage_4_Mát-Khô', 'stage_5_Mát-Khô']",Medium
Vinh Long_1996_summer_autumn,1996,"['stage_1_Vừa-Vừa', 'stage_2_Vừa-Ướt', 'stage_3_Vừa-Ướt', 'stage_4_Vừa-Vừa', 'stage_5_Mát-Vừa']",Medium
Vinh Long_1996_main_season,1996,"['stage_1_Vừa-Ướt', 'stage_2_Vừa-Ướt', 'stage_3_Vừa-Vừa', 'stage_4_Vừa-Vừa', 'stage_5_Vừa-Vừa']",Low
Vinh Long_1997_winter_spring,1997,"['stage_1_Mát-Ướt', 'stage_2_Mát-Vừa', 'stage_3_Mát-Khô', 'stage_4_Mát-Khô', 'stage_5_Mát-Khô']",Medium
Vinh Long_1997_summer_autumn,1997,"['stage_1_Nóng-Khô', 'stage_2_Nóng-Vừa', 'stage_3_Nóng-Vừa', 'stage_4_Nóng-Vừa', 'stage_5_Mát-Ướt']",Medium
Vinh Long_1997_main_season,1997,"['stage_1_Vừa-Ướt', 'stage_2_Vừa-Vừa', 'stage_3_Vừa-Ướt', 'stage_4_Mát-Ướt', 'stage_5_Vừa-Vừa']",Medium
Vinh Long_1998_winter_spring,1998,"['stage_1_Mát-Khô', 'stage_2_Vừa-Khô', 'stage_3_Vừa-Khô', 'stage_4_Nóng-Khô', 'stage_5_Nóng-Khô']",High
Vinh Long_1998_summer_autumn,1998,"['stage_1_Nóng-Khô', 'stage_2_Nóng-Vừa', 'stage_3_Nóng-Ướt', 'stage_4_Vừa-Ướt', 'stage_5_Nóng-Vừa']",Low
Vinh Long_1998_main_season,1998,"['stage_1_Nóng-Ướt', 'stage_2_Vừa-Ướt', 'stage_3_Vừa-Ướt', 'stage_4_Nóng-Ướt', 'stage_5_Nóng-Ướt']",High
Vinh Long_1999_winter_spring,1999,"['stage_1_Mát-Vừa', 'stage_2_Mát-Khô', 'stage_3_Mát-Khô', 'stage_4_Mát-Khô', 'stage_5_Mát-Khô']",Low
Vinh Long_1999_summer_autumn,1999,"['stage_1_Mát-Ướt', 'stage_2_Mát-Ướt', 'stage_3_Mát-Ướt', 'stage_4_Mát-Vừa', 'stage_5_Mát-Vừa']",Medium
Vinh Long_1999_main_season,1999,"['stage_1_Mát-Ướt', 'stage_2_Mát-Ướt', 'stage_3_Mát-Vừa', 'stage_4_Mát-Vừa', 'stage_5_Vừa-Vừa']",Medium
Vinh Long_2000_winter_spring,2000,"['stage_1_Mát-Vừa', 'stage_2_Mát-Khô', 'stage_3_Mát-Khô', 'stage_4_Mát-Khô', 'stage_5_Vừa-Khô']",Medium
Vinh Long_2000_summer_autumn,2000,"['stage_1_Vừa-Vừa', 'stage_2_Vừa-Vừa', 'stage_3_Vừa-Ướt', 'stage_4_Mát-Ướt', 'stage_5_Mát-Vừa']",Medium
Vinh Long_2000_main_season,2000,"['stage_1_Mát-Ướt', 'stage_2_Mát-Ướt', 'stage_3_Mát-Vừa', 'stage_4_Vừa-Vừa', 'stage_5_Mát-Ướt']",Low
Vinh Long_2001_winter_spring,2001,"['stage_1_Mát-Ướt', 'stage_2_Mát-Vừa', 'stage_3_Mát-Khô', 'stage_4_Mát-Khô', 'stage_5_Mát-Khô']",Low
Vinh Long_2001_summer_autumn,2001,"['stage_1_Vừa-Vừa', 'stage_2_Nóng-Vừa', 'stage_3_Vừa-Vừa', 'stage_4_Mát-Ướt', 'stage_5_Vừa-Vừa']",Low
Vinh Long_2001_main_season,2001,"['stage_1_Vừa-Vừa', 'stage_2_Mát-Ướt', 'stage_3_Vừa-Ướt', 'stage_4_Nóng-Vừa', 'stage_5_Mát-Ướt']",Low
Vinh Long_2002_winter_spring,2002,"['stage_1_Mát-Khô', 'stage_2_Mát-Khô', 'stage_3_Mát-Khô', 'stage_4_Vừa-Khô', 'stage_5_Vừa-Khô']",Medium
Vinh Long_2002_summer_autumn,2002,"['stage_1_Nóng-Khô', 'stage_2_Nóng-Khô', 'stage_3_Nóng-Vừa', 'stage_4_Nóng-Vừa', 'stage_5_Nóng-Vừa']",Medium
Vinh Long_2002_main_season,2002,"['stage_1_Nóng-Vừa', 'stage_2_Vừa-Vừa', 'stage_3_Nóng-Vừa', 'stage_4_Nóng-Vừa', 'stage_5_Mát-Vừa']",Low
Vinh Long_2003_winter_spring,2003,"['stage_1_Mát-Vừa', 'stage_2_Mát-Khô', 'stage_3_Mát-Khô', 'stage_4_Mát-Khô', 'stage_5_Nóng-Khô']",Low
Vinh Long_2003_summer_autumn,2003,"['stage_1_Nóng-Khô', 'stage_2_Vừa-Ướt', 'stage_3_Nóng-Vừa', 'stage_4_Vừa-Ướt', 'stage_5_Mát-Ướt']",Low
Vinh Long_2003_main_season,2003,"['stage_1_Mát-Ướt', 'stage_2_Vừa-Vừa', 'stage_3_Mát-Ướt', 'stage_4_Vừa-Ướt', 'stage_5_Vừa-Vừa']",High
Vinh Long_2004_winter_spring,2004,"['stage_1_Mát-Khô', 'stage_2_Mát-Khô', 'stage_3_Mát-Khô', 'stage_4_Mát-Khô', 'stage_5_Mát-Khô']",Medium
Vinh Long_2004_summer_autumn,2004,"['stage_1_Nóng-Khô', 'stage_2_Nóng-Vừa', 'stage_3_Mát-Ướt', 'stage_4_Nóng-Vừa', 'stage_5_Mát-Vừa']",Low
Vinh Long_2004_main_season,2004,"['stage_1_Vừa-Ướt', 'stage_2_Vừa-Ướt', 'stage_3_Vừa-Ướt', 'stage_4_Mát-Ướt', 'stage_5_Mát-Vừa']",Medium
Vinh Long_2005_winter_spring,2005,"['stage_1_Mát-Khô', 'stage_2_Mát-Khô', 'stage_3_Mát-Khô', 'stage_4_Mát-Khô', 'stage_5_Nóng-Khô']",Medium
Vinh Long_2005_summer_autumn,2005,"['stage_1_Nóng-Khô', 'stage_2_Nóng-Vừa', 'stage_3_Nóng-Vừa', 'stage_4_Vừa-Ướt', 'stage_5_Mát-Vừa']",Low
Vinh Long_2006_winter_spring,2006,"['stage_1_Mát-Vừa', 'stage_2_Mát-Vừa', 'stage_3_Mát-Khô', 'stage_4_Mát-Khô', 'stage_5_Nóng-Khô']",Medium
Vinh Long_2006_summer_autumn,2006,"['stage_1_Nóng-Vừa', 'stage_2_Vừa-Ướt', 'stage_3_Vừa-Vừa', 'stage_4_Mát-Ướt', 'stage_5_Vừa-Vừa']",Low
Vinh Long_2007_winter_spring,2007,"['stage_1_Vừa-Khô', 'stage_2_Mát-Khô', 'stage_3_Mát-Vừa', 'stage_4_Mát-Khô', 'stage_5_Mát-Khô']",Medium
Vinh Long_2007_summer_autumn,2007,"['stage_1_Nóng-Vừa', 'stage_2_Vừa-Ướt', 'stage_3_Nóng-Vừa', 'stage_4_Vừa-Ướt', 'stage_5_Mát-Vừa']",Medium
Vinh Long_2008_winter_spring,2008,"['stage_1_Mát-Khô', 'stage_2_Mát-Khô', 'stage_3_Mát-Khô', 'stage_4_Vừa-Khô', 'stage_5_Mát-Khô']",Medium
Vinh Long_2008_summer_autumn,2008,"['stage_1_Vừa-Vừa', 'stage_2_Mát-Ướt', 'stage_3_Vừa-Vừa', 'stage_4_Vừa-Vừa', 'stage_5_Vừa-Ướt']",Low
Vinh Long_2009_winter_spring,2009,"['stage_1_Mát-Vừa', 'stage_2_Mát-Khô', 'stage_3_Mát-Khô', 'stage_4_Mát-Khô', 'stage_5_Mát-Khô']",Medium
Vinh Long_2009_summer_autumn,2009,"['stage_1_Vừa-Vừa', 'stage_2_Vừa-Ướt', 'stage_3_Nóng-Vừa', 'stage_4_Nóng-Vừa', 'stage_5_Vừa-Vừa']",Low
Vinh Long_2010_winter_spring,2010,"['stage_1_Mát-Khô', 'stage_2_Mát-Khô', 'stage_3_Vừa-Khô', 'stage_4_Mát-Vừa', 'stage_5_Nóng-Khô']",High
Vinh Long_2010_summer_autumn,2010,"['stage_1_Nóng-Khô', 'stage_2_Nóng-Vừa', 'stage_3_Nóng-Vừa', 'stage_4_Vừa-Ướt', 'stage_5_Vừa-Vừa']",Medium
Vinh Long_2011_winter_spring,2011,"['stage_1_Mát-Ướt', 'stage_2_Mát-Khô', 'stage_3_Mát-Khô', 'stage_4_Mát-Khô', 'stage_5_Mát-Khô']",High
Vinh Long_2011_summer_autumn,2011,"['stage_1_Vừa-Vừa', 'stage_2_Vừa-Ướt', 'stage_3_Vừa-Vừa', 'stage_4_Vừa-Vừa', 'stage_5_Vừa-Vừa']",High
Vinh Long_2012_winter_spring,2012,"['stage_1_Mát-Khô', 'stage_2_Mát-Khô', 'stage_3_Mát-Khô', 'stage_4_Mát-Khô', 'stage_5_Vừa-Khô']",High
Vinh Long_2012_summer_autumn,2012,"['stage_1_Nóng-Vừa', 'stage_2_Vừa-Ướt', 'stage_3_Vừa-Ướt', 'stage_4_Nóng-Vừa', 'stage_5_Vừa-Ướt']",High
Vinh Long_2013_winter_spring,2013,"['stage_1_Mát-Vừa', 'stage_2_Vừa-Khô', 'stage_3_Mát-Vừa', 'stage_4_Mát-Khô', 'stage_5_Nóng-Khô']",High
Vinh Long_2013_summer_autumn,2013,"['stage_1_Vừa-Vừa', 'stage_2_Nóng-Vừa', 'stage_3_Vừa-Ướt', 'stage_4_Vừa-Ướt', 'stage_5_Mát-Ướt']",High
Vinh Long_2014_winter_spring,2014,"['stage_1_Mát-Vừa', 'stage_2_Mát-Khô', 'stage_3_Mát-Khô', 'stage_4_Mát-Khô', 'stage_5_Mát-Khô']",High
Vinh Long_2014_summer_autumn,2014,"['stage_1_Nóng-Khô', 'stage_2_Nóng-Vừa', 'stage_3_Nóng-Ướt', 'stage_4_Nóng-Vừa', 'stage_5_Vừa-Ướt']",High
Vinh Long_2015_winter_spring,2015,"['stage_1_Mát-Vừa', 'stage_2_Mát-Khô', 'stage_3_Mát-Khô', 'stage_4_Mát-Khô', 'stage_5_Mát-Khô']",High
Vinh Long_2015_summer_autumn,2015,"['stage_1_Nóng-Khô', 'stage_2_Nóng-Khô', 'stage_3_Nóng-Vừa', 'stage_4_Nóng-Vừa', 'stage_5_Nóng-Vừa']",High
Vinh Long_2016_winter_spring,2016,"['stage_1_Vừa-Khô', 'stage_2_Mát-Khô', 'stage_3_Vừa-Khô', 'stage_4_Nóng-Khô', 'stage_5_Nóng-Khô']",Low
Vinh Long_2016_summer_autumn,2016,"['stage_1_Nóng-Khô', 'stage_2_Nóng-Vừa', 'stage_3_Nóng-Vừa', 'stage_4_Vừa-Ướt', 'stage_5_Vừa-Ướt']",Low
Vinh Long_2017_winter_spring,2017,"['stage_1_Mát-Vừa', 'stage_2_Mát-Vừa', 'stage_3_Vừa-Khô', 'stage_4_Mát-Vừa', 'stage_5_Mát-Khô']",Low
Vinh Long_2017_summer_autumn,2017,"['stage_1_Nóng-Vừa', 'stage_2_Vừa-Ướt', 'stage_3_Nóng-Ướt', 'stage_4_Nóng-Vừa', 'stage_5_Mát-Ướt']",Medium
Vinh Long_2018_winter_spring,2018,"['stage_1_Mát-Vừa', 'stage_2_Mát-Khô', 'stage_3_Mát-Khô', 'stage_4_Mát-Khô', 'stage_5_Mát-Khô']",Low
Vinh Long_2018_summer_autumn,2018,"['stage_1_Nóng-Khô', 'stage_2_Nóng-Vừa', 'stage_3_Vừa-Ướt', 'stage_4_Vừa-Vừa', 'stage_5_Vừa-Ướt']",High
Vinh Long_2019_winter_spring,2019,"['stage_1_Mát-Vừa', 'stage_2_Vừa-Vừa', 'stage_3_Mát-Khô', 'stage_4_Mát-Khô', 'stage_5_Nóng-Khô']",Low
Vinh Long_2019_summer_autumn,2019,"['stage_1_Nóng-Khô', 'stage_2_Nóng-Vừa', 'stage_3_Nóng-Vừa', 'stage_4_Nóng-Vừa', 'stage_5_Nóng-Vừa']",Medium
Vinh Long_2020_winter_spring,2020,"['stage_1_Mát-Khô', 'stage_2_Mát-Khô', 'stage_3_Vừa-Khô', 'stage_4_Vừa-Khô', 'stage_5_Nóng-Khô']",Medium
Vinh Long_2020_summer_autumn,2020,"['stage_1_Nóng-Khô', 'stage_2_Nóng-Khô', 'stage_3_Nóng-Ướt', 'stage_4_Vừa-Ướt', 'stage_5_Nóng-Ướt']",High
Vinh Long_2021_winter_spring,2021,"['stage_1_Mát-Khô', 'stage_2_Mát-Khô', 'stage_3_Mát-Khô', 'stage_4_Mát-Khô', 'stage_5_Mát-Khô']",Medium
Vinh Long_2021_summer_autumn,2021,"['stage_1_Vừa-Ướt', 'stage_2_Nóng-Ướt', 'stage_3_Nóng-Vừa', 'stage_4_Nóng-Vừa', 'stage_5_Vừa-Ướt']",Medium
Vinh Long_2022_winter_spring,2022,"['stage_1_Mát-Ướt', 'stage_2_Mát-Khô', 'stage_3_Vừa-Khô', 'stage_4_Vừa-Khô', 'stage_5_Nóng-Khô']",Medium
Vinh Long_2022_summer_autumn,2022,"['stage_1_Vừa-Ướt', 'stage_2_Vừa-Ướt', 'stage_3_Nóng-Ướt', 'stage_4_Vừa-Ướt', 'stage_5_Mát-Ướt']",Low
Vinh Long_2023_winter_spring,2023,"['stage_1_Mát-Vừa', 'stage_2_Mát-Khô', 'stage_3_Mát-Vừa', 'stage_4_Mát-Khô', 'stage_5_Mát-Khô']",Low
Vinh Long_2023_summer_autumn,2023,"['stage_1_Nóng-Khô', 'stage_2_Nóng-Ướt', 'stage_3_Nóng-Ướt', 'stage_4_Nóng-Ướt', 'stage_5_Vừa-Ướt']",Low
Vinh Long_2024_winter_spring,2024,"['stage_1_Mát-Vừa', 'stage_2_Vừa-Khô', 'stage_3_Vừa-Khô', 'stage_4_Nóng-Khô', 'stage_5_Nóng-Khô']",Medium
Vinh Long_2024_summer_autumn,2024,"['stage_1_Nóng-Khô', 'stage_2_Nóng-Ướt', 'stage_3_Nóng-Vừa', 'stage_4_Nóng-Ướt', 'stage_5_Vừa-Ướt']",Low
Dong Thap_1995_winter_spring,1995,"['stage_1_Vừa-Khô', 'stage_2_Mát-Khô', 'stage_3_Mát-Khô', 'stage_4_Mát-Khô', 'stage_5_Vừa-Khô']",Low
Dong Thap_1995_summer_autumn,1995,"['stage_1_Nóng-Khô', 'stage_2_Nóng-Khô', 'stage_3_Nóng-Vừa', 'stage_4_Nóng-Vừa', 'stage_5_Vừa-Ướt']",High
Dong Thap_1996_winter_spring,1996,"['stage_1_Mát-Khô', 'stage_2_Mát-Khô', 'stage_3_Mát-Khô', 'stage_4_Mát-Khô', 'stage_5_Vừa-Khô']",Low
Dong Thap_1996_summer_autumn,1996,"['stage_1_Vừa-Vừa', 'stage_2_Vừa-Ướt', 'stage_3_Vừa-Vừa', 'stage_4_Nóng-Vừa', 'stage_5_Vừa-Vừa']",High
Dong Thap_1997_winter_spring,1997,"['stage_1_Mát-Ướt', 'stage_2_Mát-Khô', 'stage_3_Mát-Khô', 'stage_4_Mát-Khô', 'stage_5_Vừa-Vừa']",Low
Dong Thap_1997_summer_autumn,1997,"['stage_1_Nóng-Khô', 'stage_2_Nóng-Vừa', 'stage_3_Nóng-Vừa', 'stage_4_Nóng-Vừa', 'stage_5_Mát-Ướt']",Medium
Dong Thap_1998_winter_spring,1998,"['stage_1_Vừa-Khô', 'stage_2_Vừa-Khô', 'stage_3_Nóng-Khô', 'stage_4_Nóng-Khô', 'stage_5_Nóng-Khô']",Medium
Dong Thap_1998_summer_autumn,1998,"['stage_1_Nóng-Khô', 'stage_2_Nóng-Vừa', 'stage_3_Nóng-Ướt', 'stage_4_Nóng-Ướt', 'stage_5_Nóng-Vừa']",Low
Dong Thap_1999_winter_spring,1999,"['stage_1_Mát-Vừa', 'stage_2_Mát-Khô', 'stage_3_Mát-Khô', 'stage_4_Mát-Khô', 'stage_5_Mát-Khô']",Low
Dong Thap_1999_summer_autumn,1999,"['stage_1_Mát-Ướt', 'stage_2_Vừa-Vừa', 'stage_3_Mát-Ướt', 'stage_4_Vừa-Vừa', 'stage_5_Mát-Vừa']",Medium
Dong Thap_2000_winter_spring,2000,"['stage_1_Mát-Vừa', 'stage_2_Mát-Khô', 'stage_3_Mát-Khô', 'stage_4_Mát-Khô', 'stage_5_Vừa-Khô']",Low
Dong Thap_2000_summer_autumn,2000,"['stage_1_Vừa-Vừa', 'stage_2_Vừa-Vừa', 'stage_3_Vừa-Ướt', 'stage_4_Vừa-Ướt', 'stage_5_Vừa-Vừa']",Low
Dong Thap_2001_winter_spring,2001,"['stage_1_Mát-Vừa', 'stage_2_Mát-Vừa', 'stage_3_Mát-Khô', 'stage_4_Mát-Khô', 'stage_5_Vừa-Khô']",Medium
Dong Thap_2001_summer_autumn,2001,"['stage_1_Nóng-Vừa', 'stage_2_Nóng-Vừa', 'stage_3_Nóng-Vừa', 'stage_4_Vừa-Ướt', 'stage_5_Nóng-Vừa']",Low
Dong Thap_2002_winter_spring,2002,"['stage_1_Mát-Khô', 'stage_2_Mát-Khô', 'stage_3_Mát-Khô', 'stage_4_Nóng-Khô', 'stage_5_Nóng-Khô']",High
Dong Thap_2002_summer_autumn,2002,"['stage_1_Nóng-Khô', 'stage_2_Nóng-Khô', 'stage_3_Nóng-Vừa', 'stage_4_Nóng-Vừa', 'stage_5_Nóng-Vừa']",Low
Dong Thap_2003_winter_spring,2003,"['stage_1_Mát-Vừa', 'stage_2_Vừa-Khô', 'stage_3_Mát-Khô', 'stage_4_Mát-Khô', 'stage_5_Nóng-Khô']",Medium
Dong Thap_2003_summer_autumn,2003,"['stage_1_Nóng-Khô', 'stage_2_Vừa-Ướt', 'stage_3_Nóng-Khô', 'stage_4_Vừa-Ướt', 'stage_5_Vừa-Ướt']",Low
Dong Thap_2004_winter_spring,2004,"['stage_1_Mát-Khô', 'stage_2_Mát-Khô', 'stage_3_Vừa-Khô', 'stage_4_Vừa-Khô', 'stage_5_Vừa-Khô']",Medium
Dong Thap_2004_summer_autumn,2004,"['stage_1_Nóng-Khô', 'stage_2_Nóng-Vừa', 'stage_3_Vừa-Ướt', 'stage_4_Nóng-Vừa', 'stage_5_Vừa-Vừa']",High
Dong Thap_2005_winter_spring,2005,"['stage_1_Vừa-Khô', 'stage_2_Mát-Khô', 'stage_3_Mát-Khô', 'stage_4_Mát-Khô', 'stage_5_Nóng-Khô']",High
Dong Thap_2005_summer_autumn,2005,"['stage_1_Nóng-Khô', 'stage_2_Nóng-Vừa', 'stage_3_Nóng-Vừa', 'stage_4_Nóng-Vừa', 'stage_5_Vừa-Vừa']",High
Dong Thap_2006_winter_spring,2006,"['stage_1_Mát-Vừa', 'stage_2_Mát-Khô', 'stage_3_Mát-Khô', 'stage_4_Mát-Khô', 'stage_5_Nóng-Khô']",Medium
Dong Thap_2006_summer_autumn,2006,"['stage_1_Nóng-Vừa', 'stage_2_Vừa-Ướt', 'stage_3_Vừa-Vừa', 'stage_4_Mát-Ướt', 'stage_5_Nóng-Vừa']",Low
Dong Thap_2007_winter_spring,2007,"['stage_1_Vừa-Khô', 'stage_2_Vừa-Khô', 'stage_3_Mát-Vừa', 'stage_4_Mát-Khô', 'stage_5_Vừa-Khô']",High
Dong Thap_2007_summer_autumn,2007,"['stage_1_Nóng-Vừa', 'stage_2_Vừa-Ướt', 'stage_3_Nóng-Vừa', 'stage_4_Vừa-Ướt', 'stage_5_Vừa-Vừa']",Medium
Dong Thap_2008_winter_spring,2008,"['stage_1_Mát-Khô', 'stage_2_Vừa-Khô', 'stage_3_Mát-Khô', 'stage_4_Nóng-Khô', 'stage_5_Nóng-Khô']",High
Dong Thap_2008_summer_autumn,2008,"['stage_1_Vừa-Vừa', 'stage_2_Mát-Vừa', 'stage_3_Vừa-Vừa', 'stage_4_Vừa-Vừa', 'stage_5_Vừa-Ướt']",Medium
Dong Thap_2009_winter_spring,2009,"['stage_1_Mát-Vừa', 'stage_2_Mát-Khô', 'stage_3_Mát-Khô', 'stage_4_Mát-Khô', 'stage_5_Vừa-Khô']",High
Dong Thap_2009_summer_autumn,2009,"['stage_1_Nóng-Vừa', 'stage_2_Vừa-Ướt', 'stage_3_Nóng-Vừa', 'stage_4_Nóng-Vừa', 'stage_5_Nóng-Vừa']",Medium
Dong Thap_2010_winter_spring,2010,"['stage_1_Mát-Khô', 'stage_2_Vừa-Khô', 'stage_3_Vừa-Khô', 'stage_4_Mát-Vừa', 'stage_5_Nóng-Khô']",High
Dong Thap_2010_summer_autumn,2010,"['stage_1_Nóng-Khô', 'stage_2_Nóng-Khô', 'stage_3_Nóng-Vừa', 'stage_4_Nóng-Ướt', 'stage_5_Nóng-Vừa']",Medium
Dong Thap_2011_winter_spring,2011,"['stage_1_Mát-Ướt', 'stage_2_Mát-Khô', 'stage_3_Mát-Khô', 'stage_4_Mát-Khô', 'stage_5_Vừa-Khô']",High
Dong Thap_2011_summer_autumn,2011,"['stage_1_Vừa-Vừa', 'stage_2_Vừa-Vừa', 'stage_3_Vừa-Ướt', 'stage_4_Nóng-Vừa', 'stage_5_Nóng-Vừa']",High
Dong Thap_2012_winter_spring,2012,"['stage_1_Mát-Khô', 'stage_2_Mát-Khô', 'stage_3_Mát-Khô', 'stage_4_Mát-Vừa', 'stage_5_Vừa-Vừa']",High
Dong Thap_2012_summer_autumn,2012,"['stage_1_Nóng-Vừa', 'stage_2_Vừa-Ướt', 'stage_3_Vừa-Ướt', 'stage_4_Nóng-Vừa', 'stage_5_Nóng-Vừa']",High
Dong Thap_2013_winter_spring,2013,"['stage_1_Mát-Vừa', 'stage_2_Nóng-Khô', 'stage_3_Mát-Khô', 'stage_4_Mát-Khô', 'stage_5_Nóng-Khô']",High
Dong Thap_2013_summer_autumn,2013,"['stage_1_Nóng-Khô', 'stage_2_Nóng-Ướt', 'stage_3_Vừa-Vừa', 'stage_4_Vừa-Ướt', 'stage_5_Mát-Ướt']",High
Dong Thap_2014_winter_spring,2014,"['stage_1_Mát-Vừa', 'stage_2_Mát-Khô', 'stage_3_Mát-Khô', 'stage_4_Mát-Khô', 'stage_5_Mát-Khô']",High
Dong Thap_2014_summer_autumn,2014,"['stage_1_Nóng-Khô', 'stage_2_Nóng-Vừa', 'stage_3_Nóng-Ướt', 'stage_4_Nóng-Vừa', 'stage_5_Vừa-Ướt']",Medium
Dong Thap_2015_winter_spring,2015,"['stage_1_Mát-Vừa', 'stage_2_Mát-Khô', 'stage_3_Mát-Khô', 'stage_4_Mát-Khô', 'stage_5_Mát-Khô']",Medium
Dong Thap_2015_summer_autumn,2015,"['stage_1_Nóng-Khô', 'stage_2_Nóng-Khô', 'stage_3_Nóng-Vừa', 'stage_4_Nóng-Vừa', 'stage_5_Nóng-Vừa']",Medium
Dong Thap_2016_winter_spring,2016,"['stage_1_Vừa-Khô', 'stage_2_Vừa-Khô', 'stage_3_Nóng-Khô', 'stage_4_Nóng-Khô', 'stage_5_Nóng-Khô']",Low
Dong Thap_2016_summer_autumn,2016,"['stage_1_Nóng-Khô', 'stage_2_Nóng-Vừa', 'stage_3_Nóng-Vừa', 'stage_4_Nóng-Vừa', 'stage_5_Nóng-Vừa']",Medium
Dong Thap_2017_winter_spring,2017,"['stage_1_Mát-Vừa', 'stage_2_Mát-Vừa', 'stage_3_Vừa-Khô', 'stage_4_Mát-Khô', 'stage_5_Mát-Khô']",Low
Dong Thap_2017_summer_autumn,2017,"['stage_1_Nóng-Vừa', 'stage_2_Vừa-Ướt', 'stage_3_Nóng-Ướt', 'stage_4_Nóng-Ướt', 'stage_5_Vừa-Ướt']",Medium
Dong Thap_2018_winter_spring,2018,"['stage_1_Vừa-Vừa', 'stage_2_Mát-Khô', 'stage_3_Mát-Khô', 'stage_4_Mát-Vừa', 'stage_5_Mát-Khô']",Low
Dong Thap_2018_summer_autumn,2018,"['stage_1_Nóng-Khô', 'stage_2_Nóng-Vừa', 'stage_3_Nóng-Ướt', 'stage_4_Nóng-Vừa', 'stage_5_Nóng-Ướt']",Medium
Dong Thap_2019_winter_spring,2019,"['stage_1_Vừa-Vừa', 'stage_2_Vừa-Vừa', 'stage_3_Vừa-Khô', 'stage_4_Vừa-Khô', 'stage_5_Nóng-Khô']",Low
Dong Thap_2019_summer_autumn,2019,"['stage_1_Nóng-Vừa', 'stage_2_Nóng-Vừa', 'stage_3_Nóng-Vừa', 'stage_4_Nóng-Ướt', 'stage_5_Nóng-Vừa']",Medium
Dong Thap_2020_winter_spring,2020,"['stage_1_Mát-Khô', 'stage_2_Mát-Khô', 'stage_3_Vừa-Khô', 'stage_4_Vừa-Khô', 'stage_5_Nóng-Khô']",Medium
Dong Thap_2020_summer_autumn,2020,"['stage_1_Nóng-Khô', 'stage_2_Nóng-Vừa', 'stage_3_Nóng-Ướt', 'stage_4_Vừa-Ướt', 'stage_5_Nóng-Ướt']",Medium
Dong Thap_2021_winter_spring,2021,"['stage_1_Mát-Vừa', 'stage_2_Mát-Khô', 'stage_3_Mát-Khô', 'stage_4_Mát-Khô', 'stage_5_Mát-Khô']",Medium
Dong Thap_2021_summer_autumn,2021,"['stage_1_Vừa-Ướt', 'stage_2_Nóng-Ướt', 'stage_3_Nóng-Vừa', 'stage_4_Nóng-Vừa', 'stage_5_Nóng-Ướt']",Medium
Dong Thap_2022_winter_spring,2022,"['stage_1_Mát-Ướt', 'stage_2_Mát-Khô', 'stage_3_Vừa-Khô', 'stage_4_Nóng-Khô', 'stage_5_Nóng-Vừa']",Medium
Dong Thap_2022_summer_autumn,2022,"['stage_1_Vừa-Ướt', 'stage_2_Vừa-Ướt', 'stage_3_Nóng-Vừa', 'stage_4_Nóng-Ướt', 'stage_5_Vừa-Ướt']",Medium
Dong Thap_2023_winter_spring,2023,"['stage_1_Mát-Ướt', 'stage_2_Mát-Khô', 'stage_3_Mát-Vừa', 'stage_4_Mát-Khô', 'stage_5_Vừa-Khô']",Low
Dong Thap_2023_summer_autumn,2023,"['stage_1_Nóng-Khô', 'stage_2_Nóng-Ướt', 'stage_3_Nóng-Ướt', 'stage_4_Nóng-Ướt', 'stage_5_Nóng-Ướt']",Low
Dong Thap_2024_winter_spring,2024,"['stage_1_Mát-Vừa', 'stage_2_Vừa-Khô', 'stage_3_Nóng-Khô', 'stage_4_Nóng-Khô', 'stage_5_Nóng-Khô']",Low
Dong Thap_2024_summer_autumn,2024,"['stage_1_Nóng-Khô', 'stage_2_Nóng-Ướt', 'stage_3_Nóng-Vừa', 'stage_4_Nóng-Ướt', 'stage_5_Vừa-Ướt']",Low
An Giang_1995_winter_spring,1995,"['stage_1_Vừa-Khô', 'stage_2_Mát-Khô', 'stage_3_Mát-Khô', 'stage_4_Mát-Khô', 'stage_5_Vừa-Khô']",Medium
An Giang_1995_summer_autumn,1995,"['stage_1_Nóng-Khô', 'stage_2_Nóng-Khô', 'stage_3_Nóng-Vừa', 'stage_4_Nóng-Vừa', 'stage_5_Vừa-Vừa']",High
An Giang_1995_main_season,1995,"['stage_1_Nóng-Khô', 'stage_2_Nóng-Vừa', 'stage_3_Nóng-Vừa', 'stage_4_Vừa-Vừa', 'stage_5_Vừa-Ướt']",Low
An Giang_1996_winter_spring,1996,"['stage_1_Mát-Khô', 'stage_2_Mát-Khô', 'stage_3_Mát-Khô', 'stage_4_Mát-Khô', 'stage_5_Vừa-Khô']",Medium
An Giang_1996_summer_autumn,1996,"['stage_1_Vừa-Vừa', 'stage_2_Vừa-Vừa', 'stage_3_Vừa-Vừa', 'stage_4_Nóng-Vừa', 'stage_5_Vừa-Vừa']",Medium
An Giang_1996_main_season,1996,"['stage_1_Vừa-Ướt', 'stage_2_Vừa-Vừa', 'stage_3_Vừa-Vừa', 'stage_4_Vừa-Vừa', 'stage_5_Nóng-Vừa']",Medium
An Giang_1997_winter_spring,1997,"['stage_1_Mát-Ướt', 'stage_2_Mát-Khô', 'stage_3_Mát-Khô', 'stage_4_Mát-Khô', 'stage_5_Mát-Vừa']",Medium
An Giang_1997_summer_autumn,1997,"['stage_1_Nóng-Khô', 'stage_2_Nóng-Vừa', 'stage_3_Nóng-Vừa', 'stage_4_Nóng-Vừa', 'stage_5_Mát-Ướt']",Low
An Giang_1997_main_season,1997,"['stage_1_Vừa-Ướt', 'stage_2_Nóng-Vừa', 'stage_3_Vừa-Vừa', 'stage_4_Vừa-Ướt', 'stage_5_Nóng-Vừa']",Low
An Giang_1998_winter_spring,1998,"['stage_1_Vừa-Khô', 'stage_2_Vừa-Khô', 'stage_3_Nóng-Khô', 'stage_4_Nóng-Khô', 'stage_5_Nóng-Khô']",Medium
An Giang_1998_summer_autumn,1998,"['stage_1_Nóng-Khô', 'stage_2_Nóng-Khô', 'stage_3_Nóng-Ướt', 'stage_4_Nóng-Ướt', 'stage_5_Nóng-Vừa']",Low
An Giang_1998_main_season,1998,"['stage_1_Nóng-Vừa', 'stage_2_Nóng-Ướt', 'stage_3_Nóng-Vừa', 'stage_4_Nóng-Vừa', 'stage_5_Nóng-Vừa']",Low
An Giang_1999_winter_spring,1999,"['stage_1_Mát-Vừa', 'stage_2_Mát-Khô', 'stage_3_Mát-Khô', 'stage_4_Mát-Khô', 'stage_5_Mát-Vừa']",Low
An Giang_1999_summer_autumn,1999,"['stage_1_Mát-Ướt', 'stage_2_Vừa-Ướt', 'stage_3_Mát-Ướt', 'stage_4_Vừa-Vừa', 'stage_5_Mát-Vừa']",Low
An Giang_1999_main_season,1999,"['stage_1_Mát-Ướt', 'stage_2_Mát-Vừa', 'stage_3_Mát-Vừa', 'stage_4_Vừa-Vừa', 'stage_5_Vừa-Vừa']",Low
An Giang_2000_winter_spring,2000,"['stage_1_Mát-Vừa', 'stage_2_Mát-Khô', 'stage_3_Mát-Khô', 'stage_4_Mát-Khô', 'stage_5_Vừa-Khô']",Low
An Giang_2000_summer_autumn,2000,"['stage_1_Vừa-Vừa', 'stage_2_Vừa-Vừa', 'stage_3_Vừa-Ướt', 'stage_4_Vừa-Vừa', 'stage_5_Vừa-Vừa']",Low
An Giang_2000_main_season,2000,"['stage_1_Vừa-Ướt', 'stage_2_Vừa-Vừa', 'stage_3_Vừa-Vừa', 'stage_4_Vừa-Vừa', 'stage_5_Mát-Ướt']",Medium
An Giang_2001_winter_spring,2001,"['stage_1_Mát-Vừa', 'stage_2_Mát-Vừa', 'stage_3_Mát-Khô', 'stage_4_Mát-Khô', 'stage_5_Vừa-Khô']",Low
An Giang_2001_summer_autumn,2001,"['stage_1_Nóng-Vừa', 'stage_2_Nóng-Vừa', 'stage_3_Nóng-Vừa', 'stage_4_Vừa-Ướt', 'stage_5_Nóng-Vừa']",Low
An Giang_2001_main_season,2001,"['stage_1_Vừa-Vừa', 'stage_2_Vừa-Ướt', 'stage_3_Vừa-Vừa', 'stage_4_Nóng-Vừa', 'stage_5_Vừa-Vừa']",High
An Giang_2002_winter_spring,2002,"['stage_1_Mát-Khô', 'stage_2_Mát-Khô', 'stage_3_Mát-Khô', 'stage_4_Vừa-Khô', 'stage_5_Nóng-Khô']",Medium
An Giang_2002_summer_autumn,2002,"['stage_1_Nóng-Khô', 'stage_2_Nóng-Vừa', 'stage_3_Nóng-Vừa', 'stage_4_Nóng-Vừa', 'stage_5_Nóng-Vừa']",High
An Giang_2002_main_season,2002,"['stage_1_Nóng-Vừa', 'stage_2_Vừa-Vừa', 'stage_3_Nóng-Vừa', 'stage_4_Nóng-Vừa', 'stage_5_Vừa-Vừa']",Low
An Giang_2003_winter_spring,2003,"['stage_1_Mát-Vừa', 'stage_2_Vừa-Khô', 'stage_3_Mát-Khô', 'stage_4_Mát-Khô', 'stage_5_Nóng-Khô']",Low
An Giang_2003_summer_autumn,2003,"['stage_1_Nóng-Khô', 'stage_2_Vừa-Ướt', 'stage_3_Nóng-Khô', 'stage_4_Nóng-Ướt', 'stage_5_Vừa-Ướt']",Medium
An Giang_2003_main_season,2003,"['stage_1_Vừa-Ướt', 'stage_2_Nóng-Vừa', 'stage_3_Vừa-Ướt', 'stage_4_Vừa-Ướt', 'stage_5_Nóng-Vừa']",Medium
An Giang_2004_winter_spring,2004,"['stage_1_Mát-Khô', 'stage_2_Mát-Khô', 'stage_3_Vừa-Khô', 'stage_4_Vừa-Khô', 'stage_5_Vừa-Khô']",Medium
An Giang_2004_summer_autumn,2004,"['stage_1_Nóng-Khô', 'stage_2_Nóng-Vừa', 'stage_3_Vừa-Ướt', 'stage_4_Nóng-Vừa', 'stage_5_Vừa-Vừa']",High
An Giang_2004_main_season,2004,"['stage_1_Vừa-Ướt', 'stage_2_Vừa-Vừa', 'stage_3_Nóng-Vừa', 'stage_4_Mát-Ướt', 'stage_5_Nóng-Vừa']",Medium
An Giang_2005_winter_spring,2005,"['stage_1_Vừa-Khô', 'stage_2_Mát-Khô', 'stage_3_Mát-Khô', 'stage_4_Mát-Khô', 'stage_5_Nóng-Khô']",High
An Giang_2005_summer_autumn,2005,"['stage_1_Nóng-Khô', 'stage_2_Nóng-Ướt', 'stage_3_Nóng-Vừa', 'stage_4_Nóng-Vừa', 'stage_5_Vừa-Vừa']",High
An Giang_2005_main_season,2005,"['stage_1_Vừa-Ướt', 'stage_2_Nóng-Vừa', 'stage_3_Vừa-Vừa', 'stage_4_Vừa-Ướt', 'stage_5_Nóng-Vừa']",High
An Giang_2006_winter_spring,2006,"['stage_1_Mát-Vừa', 'stage_2_Mát-Khô', 'stage_3_Mát-Khô', 'stage_4_Mát-Khô', 'stage_5_Nóng-Khô']",Medium
An Giang_2006_summer_autumn,2006,"['stage_1_Nóng-Vừa', 'stage_2_Vừa-Vừa', 'stage_3_Vừa-Vừa', 'stage_4_Mát-Ướt', 'stage_5_Nóng-Vừa']",High
An Giang_2006_main_season,2006,"['stage_1_Vừa-Ướt', 'stage_2_Vừa-Ướt', 'stage_3_Vừa-Vừa', 'stage_4_Vừa-Vừa', 'stage_5_Vừa-Vừa']",High
An Giang_2007_winter_spring,2007,"['stage_1_Vừa-Khô', 'stage_2_Vừa-Khô', 'stage_3_Mát-Vừa', 'stage_4_Mát-Khô', 'stage_5_Vừa-Khô']",High
An Giang_2007_summer_autumn,2007,"['stage_1_Nóng-Vừa', 'stage_2_Vừa-Ướt', 'stage_3_Nóng-Vừa', 'stage_4_Vừa-Ướt', 'stage_5_Vừa-Vừa']",High
An Giang_2007_main_season,2007,"['stage_1_Vừa-Vừa', 'stage_2_Vừa-Ướt', 'stage_3_Vừa-Vừa', 'stage_4_Vừa-Vừa', 'stage_5_Vừa-Vừa']",Low
An Giang_2008_winter_spring,2008,"['stage_1_Mát-Khô', 'stage_2_Vừa-Khô', 'stage_3_Mát-Khô', 'stage_4_Nóng-Khô', 'stage_5_Vừa-Khô']",High
An Giang_2008_summer_autumn,2008,"['stage_1_Vừa-Vừa', 'stage_2_Mát-Ướt', 'stage_3_Vừa-Vừa', 'stage_4_Vừa-Vừa', 'stage_5_Nóng-Vừa']",High
An Giang_2008_main_season,2008,"['stage_1_Vừa-Vừa', 'stage_2_Vừa-Vừa', 'stage_3_Vừa-Vừa', 'stage_4_Vừa-Vừa', 'stage_5_Vừa-Vừa']",High
An Giang_2009_winter_spring,2009,"['stage_1_Mát-Vừa', 'stage_2_Mát-Khô', 'stage_3_Mát-Khô', 'stage_4_Mát-Khô', 'stage_5_Mát-Vừa']",High
An Giang_2009_summer_autumn,2009,"['stage_1_Nóng-Vừa', 'stage_2_Vừa-Ướt', 'stage_3_Nóng-Vừa', 'stage_4_Nóng-Vừa', 'stage_5_Nóng-Vừa']",High
An Giang_2009_main_season,2009,"['stage_1_Vừa-Ướt', 'stage_2_Vừa-Vừa', 'stage_3_Nóng-Vừa', 'stage_4_Vừa-Vừa', 'stage_5_Nóng-Vừa']",High
An Giang_2010_winter_spring,2010,"['stage_1_Mát-Khô', 'stage_2_Vừa-Khô', 'stage_3_Vừa-Khô', 'stage_4_Mát-Khô', 'stage_5_Nóng-Khô']",High
An Giang_2010_summer_autumn,2010,"['stage_1_Nóng-Khô', 'stage_2_Nóng-Khô', 'stage_3_Nóng-Vừa', 'stage_4_Nóng-Ướt', 'stage_5_Nóng-Vừa']",High
An Giang_2010_main_season,2010,"['stage_1_Nóng-Vừa', 'stage_2_Nóng-Ướt', 'stage_3_Nóng-Vừa', 'stage_4_Nóng-Vừa', 'stage_5_Nóng-Vừa']",High
An Giang_2011_winter_spring,2011,"['stage_1_Mát-Ướt', 'stage_2_Mát-Khô', 'stage_3_Mát-Khô', 'stage_4_Mát-Khô', 'stage_5_Vừa-Khô']",High
An Giang_2011_summer_autumn,2011,"['stage_1_Vừa-Vừa', 'stage_2_Nóng-Vừa', 'stage_3_Vừa-Vừa', 'stage_4_Nóng-Vừa', 'stage_5_Nóng-Vừa']",High
An Giang_2011_main_season,2011,"['stage_1_Vừa-Vừa', 'stage_2_Vừa-Vừa', 'stage_3_Nóng-Vừa', 'stage_4_Nóng-Vừa', 'stage_5_Nóng-Vừa']",High
An Giang_2012_winter_spring,2012,"['stage_1_Mát-Khô', 'stage_2_Mát-Khô', 'stage_3_Mát-Khô', 'stage_4_Mát-Vừa', 'stage_5_Vừa-Vừa']",High
An Giang_2012_summer_autumn,2012,"['stage_1_Nóng-Vừa', 'stage_2_Vừa-Ướt', 'stage_3_Nóng-Vừa', 'stage_4_Nóng-Vừa', 'stage_5_Nóng-Vừa']",High
An Giang_2012_main_season,2012,"['stage_1_Vừa-Ướt', 'stage_2_Vừa-Khô', 'stage_3_Vừa-Ướt', 'stage_4_Nóng-Vừa', 'stage_5_Nóng-Vừa']",High
An Giang_2013_winter_spring,2013,"['stage_1_Mát-Vừa', 'stage_2_Vừa-Khô', 'stage_3_Mát-Khô', 'stage_4_Mát-Khô', 'stage_5_Nóng-Khô']",High
An Giang_2013_summer_autumn,2013,"['stage_1_Nóng-Khô', 'stage_2_Nóng-Vừa', 'stage_3_Vừa-Vừa', 'stage_4_Vừa-Ướt', 'stage_5_Mát-Ướt']",High
An Giang_2013_main_season,2013,"['stage_1_Vừa-Ướt', 'stage_2_Vừa-Ướt', 'stage_3_Vừa-Ướt', 'stage_4_Vừa-Ướt', 'stage_5_Nóng-Vừa']",High
An Giang_2014_winter_spring,2014,"['stage_1_Mát-Vừa', 'stage_2_Mát-Khô', 'stage_3_Mát-Khô', 'stage_4_Mát-Khô', 'stage_5_Mát-Khô']",High
An Giang_2014_summer_autumn,2014,"['stage_1_Nóng-Khô', 'stage_2_Nóng-Khô', 'stage_3_Nóng-Ướt', 'stage_4_Nóng-Vừa', 'stage_5_Nóng-Ướt']",High
An Giang_2014_main_season,2014,"['stage_1_Nóng-Vừa', 'stage_2_Nóng-Vừa', 'stage_3_Nóng-Ướt', 'stage_4_Vừa-Vừa', 'stage_5_Nóng-Vừa']",High
An Giang_2015_winter_spring,2015,"['stage_1_Vừa-Vừa', 'stage_2_Mát-Khô', 'stage_3_Mát-Khô', 'stage_4_Mát-Khô', 'stage_5_Mát-Khô']",High
An Giang_2015_summer_autumn,2015,"['stage_1_Nóng-Khô', 'stage_2_Nóng-Khô', 'stage_3_Nóng-Khô', 'stage_4_Nóng-Vừa', 'stage_5_Nóng-Vừa']",Medium
An Giang_2015_main_season,2015,"['stage_1_Nóng-Khô', 'stage_2_Nóng-Vừa', 'stage_3_Nóng-Vừa', 'stage_4_Nóng-Vừa', 'stage_5_Nóng-Vừa']",Low
An Giang_2016_winter_spring,2016,"['stage_1_Vừa-Khô', 'stage_2_Vừa-Khô', 'stage_3_Vừa-Khô', 'stage_4_Nóng-Khô', 'stage_5_Nóng-Khô']",Medium
An Giang_2016_summer_autumn,2016,"['stage_1_Nóng-Khô', 'stage_2_Nóng-Vừa', 'stage_3_Nóng-Vừa', 'stage_4_Nóng-Vừa', 'stage_5_Nóng-Vừa']",Low
An Giang_2016_main_season,2016,"['stage_1_Vừa-Ướt', 'stage_2_Vừa-Vừa', 'stage_3_Nóng-Vừa', 'stage_4_Nóng-Vừa', 'stage_5_Nóng-Vừa']",Medium
An Giang_2017_winter_spring,2017,"['stage_1_Mát-Vừa', 'stage_2_Mát-Vừa', 'stage_3_Vừa-Khô', 'stage_4_Mát-Vừa', 'stage_5_Mát-Khô']",Low
An Giang_2017_summer_autumn,2017,"['stage_1_Nóng-Vừa', 'stage_2_Vừa-Ướt', 'stage_3_Nóng-Ướt', 'stage_4_Nóng-Ướt', 'stage_5_Vừa-Ướt']",Low
An Giang_2017_main_season,2017,"['stage_1_Vừa-Ướt', 'stage_2_Nóng-Ướt', 'stage_3_Nóng-Ướt', 'stage_4_Vừa-Vừa', 'stage_5_Vừa-Ướt']",Low
An Giang_2018_winter_spring,2018,"['stage_1_Vừa-Khô', 'stage_2_Mát-Khô', 'stage_3_Mát-Khô', 'stage_4_Mát-Vừa', 'stage_5_Mát-Khô']",Medium
An Giang_2018_summer_autumn,2018,"['stage_1_Nóng-Khô', 'stage_2_Nóng-Vừa', 'stage_3_Nóng-Ướt', 'stage_4_Nóng-Vừa', 'stage_5_Nóng-Vừa']",Low
An Giang_2019_winter_spring,2019,"['stage_1_Vừa-Vừa', 'stage_2_Vừa-Vừa', 'stage_3_Mát-Khô', 'stage_4_Vừa-Khô', 'stage_5_Nóng-Khô']",Low
An Giang_2019_summer_autumn,2019,"['stage_1_Nóng-Khô', 'stage_2_Nóng-Vừa', 'stage_3_Nóng-Vừa', 'stage_4_Nóng-Vừa', 'stage_5_Nóng-Vừa']",Low
An Giang_2019_main_season,2019,"['stage_1_Nóng-Vừa', 'stage_2_Nóng-Vừa', 'stage_3_Nóng-Vừa', 'stage_4_Nóng-Vừa', 'stage_5_Nóng-Vừa']",Low
An Giang_2020_winter_spring,2020,"['stage_1_Vừa-Khô', 'stage_2_Mát-Khô', 'stage_3_Vừa-Khô', 'stage_4_Vừa-Khô', 'stage_5_Nóng-Khô']",Low
An Giang_2020_summer_autumn,2020,"['stage_1_Nóng-Khô', 'stage_2_Nóng-Vừa', 'stage_3_Nóng-Ướt', 'stage_4_Vừa-Ướt', 'stage_5_Nóng-Ướt']",Low
An Giang_2020_main_season,2020,"['stage_1_Nóng-Ướt', 'stage_2_Vừa-Ướt', 'stage_3_Vừa-Ướt', 'stage_4_Nóng-Ướt', 'stage_5_Nóng-Ướt']",Low
An Giang_2021_winter_spring,2021,"['stage_1_Mát-Vừa', 'stage_2_Mát-Khô', 'stage_3_Mát-Khô', 'stage_4_Mát-Khô', 'stage_5_Mát-Khô']",Medium
An Giang_2021_summer_autumn,2021,"['stage_1_Vừa-Ướt', 'stage_2_Nóng-Vừa', 'stage_3_Nóng-Vừa', 'stage_4_Nóng-Vừa', 'stage_5_Nóng-Ướt']",Medium
An Giang_2021_main_season,2021,"['stage_1_Vừa-Ướt', 'stage_2_Nóng-Vừa', 'stage_3_Nóng-Ướt', 'stage_4_Nóng-Vừa', 'stage_5_Nóng-Ướt']",Medium
An Giang_2022_winter_spring,2022,"['stage_1_Mát-Ướt', 'stage_2_Mát-Khô', 'stage_3_Vừa-Khô', 'stage_4_Nóng-Khô', 'stage_5_Nóng-Khô']",Low
An Giang_2022_summer_autumn,2022,"['stage_1_Vừa-Ướt', 'stage_2_Vừa-Ướt', 'stage_3_Nóng-Vừa', 'stage_4_Nóng-Ướt', 'stage_5_Vừa-Ướt']",Low
An Giang_2022_main_season,2022,"['stage_1_Vừa-Ướt', 'stage_2_Vừa-Vừa', 'stage_3_Vừa-Ướt', 'stage_4_Vừa-Ướt', 'stage_5_Nóng-Vừa']",Low
An Giang_2023_winter_spring,2023,"['stage_1_Mát-Ướt', 'stage_2_Mát-Khô', 'stage_3_Mát-Vừa', 'stage_4_Mát-Khô', 'stage_5_Nóng-Khô']",Low
An Giang_2023_summer_autumn,2023,"['stage_1_Nóng-Khô', 'stage_2_Nóng-Ướt', 'stage_3_Nóng-Ướt', 'stage_4_Nóng-Vừa', 'stage_5_Nóng-Ướt']",Low
An Giang_2023_main_season,2023,"['stage_1_Vừa-Ướt', 'stage_2_Nóng-Vừa', 'stage_3_Nóng-Ướt', 'stage_4_Nóng-Ướt', 'stage_5_Nóng-Vừa']",Low
An Giang_2024_winter_spring,2024,"['stage_1_Mát-Vừa', 'stage_2_Vừa-Khô', 'stage_3_Nóng-Khô', 'stage_4_Nóng-Khô', 'stage_5_Nóng-Khô']",Low
An Giang_2024_summer_autumn,2024,"['stage_1_Nóng-Khô', 'stage_2_Nóng-Ướt', 'stage_3_Nóng-Vừa', 'stage_4_Nóng-Ướt', 'stage_5_Nóng-Ướt']",Low
An Giang_2024_main_season,2024,"['stage_1_Nóng-Ướt', 'stage_2_Nóng-Ướt', 'stage_3_Vừa-Ướt', 'stage_4_Nóng-Ướt', 'stage_5_Nóng-Vừa']",Low
Kien Giang_1995_winter_spring,1995,"['stage_1_Vừa-Khô', 'stage_2_Mát-Khô', 'stage_3_Mát-Khô', 'stage_4_Mát-Khô', 'stage_5_Vừa-Khô']",High
Kien Giang_1995_summer_autumn,1995,"['stage_1_Nóng-Khô', 'stage_2_Nóng-Khô', 'stage_3_Nóng-Vừa', 'stage_4_Nóng-Vừa', 'stage_5_Vừa-Ướt']",High
Kien Giang_1995_main_season,1995,"['stage_1_Nóng-Vừa', 'stage_2_Nóng-Vừa', 'stage_3_Vừa-Vừa', 'stage_4_Vừa-Ướt', 'stage_5_Vừa-Ướt']",High
Kien Giang_1996_winter_spring,1996,"['stage_1_Mát-Khô', 'stage_2_Mát-Khô', 'stage_3_Mát-Khô', 'stage_4_Mát-Vừa', 'stage_5_Mát-Khô']",High
Kien Giang_1996_summer_autumn,1996,"['stage_1_Vừa-Vừa', 'stage_2_Vừa-Vừa', 'stage_3_Vừa-Ướt', 'stage_4_Nóng-Ướt', 'stage_5_Vừa-Ướt']",Low
Kien Giang_1996_main_season,1996,"['stage_1_Vừa-Vừa', 'stage_2_Vừa-Ướt', 'stage_3_Vừa-Vừa', 'stage_4_Vừa-Ướt', 'stage_5_Vừa-Vừa']",High
Kien Giang_1997_winter_spring,1997,"['stage_1_Mát-Ướt', 'stage_2_Mát-Khô', 'stage_3_Mát-Khô', 'stage_4_Mát-Khô', 'stage_5_Mát-Vừa']",High
Kien Giang_1997_summer_autumn,1997,"['stage_1_Nóng-Khô', 'stage_2_Nóng-Vừa', 'stage_3_Nóng-Vừa', 'stage_4_Nóng-Ướt', 'stage_5_Mát-Ướt']",Low
Kien Giang_1997_main_season,1997,"['stage_1_Vừa-Ướt', 'stage_2_Vừa-Vừa', 'stage_3_Vừa-Ướt', 'stage_4_Vừa-Ướt', 'stage_5_Vừa-Ướt']",Medium
Kien Giang_1998_winter_spring,1998,"['stage_1_Vừa-Khô', 'stage_2_Vừa-Khô', 'stage_3_Nóng-Khô', 'stage_4_Nóng-Khô', 'stage_5_Nóng-Khô']",Medium
Kien Giang_1998_summer_autumn,1998,"['stage_1_Nóng-Vừa', 'stage_2_Nóng-Vừa', 'stage_3_Nóng-Ướt', 'stage_4_Nóng-Ướt', 'stage_5_Nóng-Vừa']",Low
Kien Giang_1998_main_season,1998,"['stage_1_Nóng-Ướt', 'stage_2_Nóng-Ướt', 'stage_3_Nóng-Ướt', 'stage_4_Nóng-Vừa', 'stage_5_Nóng-Vừa']",Low
Kien Giang_1999_winter_spring,1999,"['stage_1_Mát-Vừa', 'stage_2_Mát-Khô', 'stage_3_Mát-Khô', 'stage_4_Mát-Vừa', 'stage_5_Mát-Vừa']",Low
Kien Giang_1999_summer_autumn,1999,"['stage_1_Vừa-Ướt', 'stage_2_Vừa-Ướt', 'stage_3_Vừa-Ướt', 'stage_4_Vừa-Vừa', 'stage_5_Mát-Ướt']",Medium
Kien Giang_1999_main_season,1999,"['stage_1_Mát-Ướt', 'stage_2_Mát-Ướt', 'stage_3_Mát-Ướt', 'stage_4_Mát-Ướt', 'stage_5_Vừa-Vừa']",Medium
Kien Giang_2000_winter_spring,2000,"['stage_1_Mát-Vừa', 'stage_2_Mát-Khô', 'stage_3_Mát-Khô', 'stage_4_Mát-Khô', 'stage_5_Vừa-Khô']",Low
Kien Giang_2000_summer_autumn,2000,"['stage_1_Vừa-Vừa', 'stage_2_Nóng-Ướt', 'stage_3_Vừa-Ướt', 'stage_4_Vừa-Ướt', 'stage_5_Vừa-Vừa']",Medium
Kien Giang_2000_main_season,2000,"['stage_1_Vừa-Ướt', 'stage_2_Vừa-Vừa', 'stage_3_Vừa-Ướt', 'stage_4_Vừa-Vừa', 'stage_5_Mát-Ướt']",Low
Kien Giang_2001_winter_spring,2001,"['stage_1_Mát-Vừa', 'stage_2_Mát-Vừa', 'stage_3_Mát-Khô', 'stage_4_Mát-Khô', 'stage_5_Vừa-Vừa']",Low
Kien Giang_2001_summer_autumn,2001,"['stage_1_Nóng-Vừa', 'stage_2_Nóng-Vừa', 'stage_3_Nóng-Vừa', 'stage_4_Vừa-Ướt', 'stage_5_Nóng-Vừa']",Low
Kien Giang_2001_main_season,2001,"['stage_1_Vừa-Ướt', 'stage_2_Vừa-Ướt', 'stage_3_Vừa-Ướt', 'stage_4_Nóng-Vừa', 'stage_5_Vừa-Ướt']",Low
Kien Giang_2002_winter_spring,2002,"['stage_1_Mát-Khô', 'stage_2_Mát-Khô', 'stage_3_Mát-Khô', 'stage_4_Vừa-Khô', 'stage_5_Nóng-Khô']",Low
Kien Giang_2002_summer_autumn,2002,"['stage_1_Nóng-Khô', 'stage_2_Nóng-Vừa', 'stage_3_Nóng-Vừa', 'stage_4_Nóng-Vừa', 'stage_5_Nóng-Vừa']",Medium
Kien Giang_2002_main_season,2002,"['stage_1_Nóng-Vừa', 'stage_2_Vừa-Vừa', 'stage_3_Nóng-Vừa', 'stage_4_Nóng-Vừa', 'stage_5_Vừa-Ướt']",Low
Kien Giang_2003_winter_spring,2003,"['stage_1_Mát-Vừa', 'stage_2_Vừa-Khô', 'stage_3_Mát-Khô', 'stage_4_Mát-Khô', 'stage_5_Nóng-Khô']",Low
Kien Giang_2003_summer_autumn,2003,"['stage_1_Nóng-Khô', 'stage_2_Nóng-Ướt', 'stage_3_Nóng-Vừa', 'stage_4_Vừa-Ướt', 'stage_5_Vừa-Ướt']",Low
Kien Giang_2003_main_season,2003,"['stage_1_Vừa-Ướt', 'stage_2_Nóng-Vừa', 'stage_3_Vừa-Ướt', 'stage_4_Vừa-Ướt', 'stage_5_Nóng-Vừa']",Low
Kien Giang_2004_winter_spring,2004,"['stage_1_Mát-Khô', 'stage_2_Mát-Khô', 'stage_3_Vừa-Khô', 'stage_4_Vừa-Khô', 'stage_5_Vừa-Khô']",Medium
Kien Giang_2004_summer_autumn,2004,"['stage_1_Nóng-Vừa', 'stage_2_Nóng-Vừa', 'stage_3_Vừa-Ướt', 'stage_4_Nóng-Vừa', 'stage_5_Vừa-Ướt']",Medium
Kien Giang_2004_main_season,2004,"['stage_1_Vừa-Vừa', 'stage_2_Vừa-Ướt', 'stage_3_Vừa-Vừa', 'stage_4_Mát-Ướt', 'stage_5_Vừa-Vừa']",High
Kien Giang_2005_winter_spring,2005,"['stage_1_Vừa-Khô', 'stage_2_Mát-Khô', 'stage_3_Mát-Khô', 'stage_4_Mát-Khô', 'stage_5_Nóng-Khô']",Medium
Kien Giang_2005_summer_autumn,2005,"['stage_1_Nóng-Khô', 'stage_2_Nóng-Ướt', 'stage_3_Nóng-Ướt', 'stage_4_Nóng-Ướt', 'stage_5_Vừa-Ướt']",Medium
Kien Giang_2005_main_season,2005,"['stage_1_Vừa-Ướt', 'stage_2_Nóng-Vừa', 'stage_3_Vừa-Ướt', 'stage_4_Vừa-Ướt', 'stage_5_Nóng-Vừa']",High
Kien Giang_2006_winter_spring,2006,"['stage_1_Mát-Vừa', 'stage_2_Mát-Khô', 'stage_3_Mát-Khô', 'stage_4_Mát-Khô', 'stage_5_Nóng-Khô']",Medium
Kien Giang_2006_summer_autumn,2006,"['stage_1_Vừa-Vừa', 'stage_2_Vừa-Ướt', 'stage_3_Nóng-Vừa', 'stage_4_Vừa-Ướt', 'stage_5_Vừa-Vừa']",Low
Kien Giang_2006_main_season,2006,"['stage_1_Vừa-Ướt', 'stage_2_Vừa-Ướt', 'stage_3_Vừa-Ướt', 'stage_4_Vừa-Vừa', 'stage_5_Vừa-Ướt']",Low
Kien Giang_2007_winter_spring,2007,"['stage_1_Vừa-Khô', 'stage_2_Vừa-Khô', 'stage_3_Mát-Vừa', 'stage_4_Mát-Khô', 'stage_5_Vừa-Khô']",Low
Kien Giang_2007_summer_autumn,2007,"['stage_1_Nóng-Vừa', 'stage_2_Vừa-Ướt', 'stage_3_Nóng-Vừa', 'stage_4_Vừa-Ướt', 'stage_5_Vừa-Ướt']",High
Kien Giang_2007_main_season,2007,"['stage_1_Vừa-Ướt', 'stage_2_Vừa-Ướt', 'stage_3_Vừa-Ướt', 'stage_4_Vừa-Vừa', 'stage_5_Vừa-Ướt']",Medium
Kien Giang_2008_winter_spring,2008,"['stage_1_Mát-Khô', 'stage_2_Vừa-Khô', 'stage_3_Mát-Khô', 'stage_4_Nóng-Khô', 'stage_5_Vừa-Khô']",High
Kien Giang_2008_summer_autumn,2008,"['stage_1_Vừa-Ướt', 'stage_2_Vừa-Ướt', 'stage_3_Vừa-Ướt', 'stage_4_Vừa-Vừa', 'stage_5_Vừa-Vừa']",High
Kien Giang_2008_main_season,2008,"['stage_1_Vừa-Ướt', 'stage_2_Vừa-Ướt', 'stage_3_Vừa-Vừa', 'stage_4_Vừa-Vừa', 'stage_5_Vừa-Vừa']",High
Kien Giang_2009_winter_spring,2009,"['stage_1_Mát-Vừa', 'stage_2_Mát-Khô', 'stage_3_Mát-Khô', 'stage_4_Mát-Khô', 'stage_5_Mát-Vừa']",High
Kien Giang_2009_summer_autumn,2009,"['stage_1_Nóng-Vừa', 'stage_2_Vừa-Ướt', 'stage_3_Nóng-Vừa', 'stage_4_Nóng-Vừa', 'stage_5_Nóng-Ướt']",Medium
Kien Giang_2009_main_season,2009,"['stage_1_Vừa-Ướt', 'stage_2_Nóng-Vừa', 'stage_3_Nóng-Vừa', 'stage_4_Vừa-Vừa', 'stage_5_Nóng-Vừa']",High
Kien Giang_2010_winter_spring,2010,"['stage_1_Mát-Khô', 'stage_2_Mát-Khô', 'stage_3_Vừa-Khô', 'stage_4_Mát-Khô', 'stage_5_Nóng-Khô']",High
Kien Giang_2010_summer_autumn,2010,"['stage_1_Nóng-Vừa', 'stage_2_Nóng-Vừa', 'stage_3_Nóng-Vừa', 'stage_4_Nóng-Ướt', 'stage_5_Nóng-Vừa']",Medium
Kien Giang_2010_main_season,2010,"['stage_1_Nóng-Ướt', 'stage_2_Vừa-Ướt', 'stage_3_Vừa-Ướt', 'stage_4_Vừa-Ướt', 'stage_5_Nóng-Vừa']",Medium
Kien Giang_2011_winter_spring,2011,"['stage_1_Mát-Ướt', 'stage_2_Mát-Khô', 'stage_3_Mát-Khô', 'stage_4_Mát-Khô', 'stage_5_Vừa-Khô']",High
Kien Giang_2011_summer_autumn,2011,"['stage_1_Vừa-Vừa', 'stage_2_Nóng-Vừa', 'stage_3_Vừa-Ướt', 'stage_4_Nóng-Vừa', 'stage_5_Nóng-Vừa']",High
Kien Giang_2011_main_season,2011,"['stage_1_Vừa-Ướt', 'stage_2_Vừa-Ướt', 'stage_3_Vừa-Vừa', 'stage_4_Vừa-Vừa', 'stage_5_Nóng-Vừa']",Medium
Kien Giang_2012_winter_spring,2012,"['stage_1_Mát-Khô', 'stage_2_Mát-Khô', 'stage_3_Mát-Khô', 'stage_4_Mát-Vừa', 'stage_5_Vừa-Vừa']",High
Kien Giang_2012_summer_autumn,2012,"['stage_1_Nóng-Vừa', 'stage_2_Vừa-Ướt', 'stage_3_Nóng-Vừa', 'stage_4_Nóng-Vừa', 'stage_5_Nóng-Vừa']",High
Kien Giang_2012_main_season,2012,"['stage_1_Vừa-Ướt', 'stage_2_Nóng-Vừa', 'stage_3_Vừa-Ướt', 'stage_4_Nóng-Vừa', 'stage_5_Nóng-Vừa']",High
Kien Giang_2013_winter_spring,2013,"['stage_1_Mát-Vừa', 'stage_2_Vừa-Khô', 'stage_3_Mát-Khô', 'stage_4_Mát-Khô', 'stage_5_Nóng-Khô']",High
Kien Giang_2013_summer_autumn,2013,"['stage_1_Vừa-Vừa', 'stage_2_Nóng-Ướt', 'stage_3_Vừa-Ướt', 'stage_4_Nóng-Ướt', 'stage_5_Vừa-Ướt']",High
Kien Giang_2013_main_season,2013,"['stage_1_Vừa-Ướt', 'stage_2_Vừa-Ướt', 'stage_3_Vừa-Ướt', 'stage_4_Vừa-Ướt', 'stage_5_Nóng-Vừa']",High
Kien Giang_2014_winter_spring,2014,"['stage_1_Mát-Vừa', 'stage_2_Mát-Khô', 'stage_3_Mát-Khô', 'stage_4_Mát-Khô', 'stage_5_Mát-Khô']",High
Kien Giang_2014_summer_autumn,2014,"['stage_1_Nóng-Vừa', 'stage_2_Nóng-Vừa', 'stage_3_Nóng-Ướt', 'stage_4_Nóng-Vừa', 'stage_5_Nóng-Ướt']",High
Kien Giang_2014_main_season,2014,"['stage_1_Nóng-Ướt', 'stage_2_Nóng-Ướt', 'stage_3_Nóng-Vừa', 'stage_4_Vừa-Vừa', 'stage_5_Nóng-Vừa']",High
Kien Giang_2015_winter_spring,2015,"['stage_1_Mát-Vừa', 'stage_2_Mát-Khô', 'stage_3_Mát-Khô', 'stage_4_Mát-Khô', 'stage_5_Mát-Khô']",High
Kien Giang_2015_summer_autumn,2015,"['stage_1_Nóng-Khô', 'stage_2_Nóng-Vừa', 'stage_3_Nóng-Vừa', 'stage_4_Nóng-Ướt', 'stage_5_Nóng-Vừa']",High
Kien Giang_2015_main_season,2015,"['stage_1_Nóng-Vừa', 'stage_2_Nóng-Ướt', 'stage_3_Nóng-Vừa', 'stage_4_Nóng-Vừa', 'stage_5_Nóng-Vừa']",High
Kien Giang_2016_winter_spring,2016,"['stage_1_Vừa-Khô', 'stage_2_Mát-Khô', 'stage_3_Vừa-Khô', 'stage_4_Nóng-Khô', 'stage_5_Nóng-Khô']",Low
Kien Giang_2016_summer_autumn,2016,"['stage_1_Nóng-Khô', 'stage_2_Nóng-Ướt', 'stage_3_Nóng-Vừa', 'stage_4_Nóng-Ướt', 'stage_5_Nóng-Ướt']",High
Kien Giang_2016_main_season,2016,"['stage_1_Vừa-Ướt', 'stage_2_Nóng-Ướt', 'stage_3_Nóng-Ướt', 'stage_4_Nóng-Vừa', 'stage_5_Nóng-Vừa']",Low
Kien Giang_2017_winter_spring,2017,"['stage_1_Mát-Vừa', 'stage_2_Mát-Vừa', 'stage_3_Vừa-Khô', 'stage_4_Mát-Vừa', 'stage_5_Mát-Khô']",Low
Kien Giang_2017_summer_autumn,2017,"['stage_1_Nóng-Khô', 'stage_2_Nóng-Ướt', 'stage_3_Nóng-Ướt', 'stage_4_Nóng-Ướt', 'stage_5_Nóng-Ướt']",Medium
Kien Giang_2017_main_season,2017,"['stage_1_Vừa-Ướt', 'stage_2_Nóng-Ướt', 'stage_3_Nóng-Ướt', 'stage_4_Nóng-Ướt', 'stage_5_Vừa-Ướt']",Low
Kien Giang_2018_winter_spring,2018,"['stage_1_Vừa-Khô', 'stage_2_Mát-Khô', 'stage_3_Mát-Khô', 'stage_4_Mát-Vừa', 'stage_5_Mát-Khô']",Medium
Kien Giang_2018_summer_autumn,2018,"['stage_1_Nóng-Vừa', 'stage_2_Nóng-Vừa', 'stage_3_Nóng-Ướt', 'stage_4_Nóng-Vừa', 'stage_5_Nóng-Ướt']",Low
Kien Giang_2018_main_season,2018,"['stage_1_Vừa-Ướt', 'stage_2_Nóng-Vừa', 'stage_3_Vừa-Ướt', 'stage_4_Nóng-Ướt', 'stage_5_Nóng-Ướt']",Medium
Kien Giang_2019_winter_spring,2019,"['stage_1_Vừa-Vừa', 'stage_2_Vừa-Vừa', 'stage_3_Mát-Khô', 'stage_4_Mát-Khô', 'stage_5_Nóng-Khô']",Low
Kien Giang_2019_summer_autumn,2019,"['stage_1_Nóng-Khô', 'stage_2_Nóng-Vừa', 'stage_3_Nóng-Ướt', 'stage_4_Nóng-Ướt', 'stage_5_Nóng-Vừa']",Low
Kien Giang_2019_main_season,2019,"['stage_1_Nóng-Vừa', 'stage_2_Nóng-Ướt', 'stage_3_Nóng-Vừa', 'stage_4_Nóng-Ướt', 'stage_5_Nóng-Ướt']",High
Kien Giang_2020_winter_spring,2020,"['stage_1_Vừa-Khô', 'stage_2_Mát-Khô', 'stage_3_Vừa-Khô', 'stage_4_Vừa-Khô', 'stage_5_Nóng-Khô']",Medium
Kien Giang_2020_summer_autumn,2020,"['stage_1_Nóng-Vừa', 'stage_2_Nóng-Vừa', 'stage_3_Nóng-Ướt', 'stage_4_Nóng-Ướt', 'stage_5_Nóng-Ướt']",Medium
Kien Giang_2020_main_season,2020,"['stage_1_Nóng-Ướt', 'stage_2_Nóng-Ướt', 'stage_3_Vừa-Ướt', 'stage_4_Nóng-Ướt', 'stage_5_Nóng-Vừa']",High
Kien Giang_2021_winter_spring,2021,"['stage_1_Mát-Vừa', 'stage_2_Mát-Vừa', 'stage_3_Mát-Khô', 'stage_4_Mát-Khô', 'stage_5_Mát-Khô']",High
Kien Giang_2021_summer_autumn,2021,"['stage_1_Vừa-Vừa', 'stage_2_Nóng-Ướt', 'stage_3_Nóng-Vừa', 'stage_4_Nóng-Vừa', 'stage_5_Nóng-Ướt']",Medium
Kien Giang_2021_main_season,2021,"['stage_1_Vừa-Ướt', 'stage_2_Nóng-Vừa', 'stage_3_Vừa-Ướt', 'stage_4_Nóng-Ướt', 'stage_5_Nóng-Ướt']",Low
Kien Giang_2022_winter_spring,2022,"['stage_1_Mát-Ướt', 'stage_2_Mát-Khô', 'stage_3_Vừa-Khô', 'stage_4_Nóng-Khô', 'stage_5_Nóng-Vừa']",Low
Kien Giang_2022_summer_autumn,2022,"['stage_1_Vừa-Ướt', 'stage_2_Nóng-Ướt', 'stage_3_Nóng-Vừa', 'stage_4_Nóng-Vừa', 'stage_5_Vừa-Ướt']",Low
Kien Giang_2022_main_season,2022,"['stage_1_Vừa-Ướt', 'stage_2_Nóng-Khô', 'stage_3_Vừa-Ướt', 'stage_4_Vừa-Ướt', 'stage_5_Nóng-Ướt']",High
Kien Giang_2023_winter_spring,2023,"['stage_1_Mát-Ướt', 'stage_2_Mát-Khô', 'stage_3_Mát-Vừa', 'stage_4_Mát-Khô', 'stage_5_Nóng-Khô']",Medium
Kien Giang_2023_summer_autumn,2023,"['stage_1_Nóng-Khô', 'stage_2_Nóng-Vừa', 'stage_3_Nóng-Ướt', 'stage_4_Nóng-Vừa', 'stage_5_Nóng-Ướt']",Low
Kien Giang_2023_main_season,2023,"['stage_1_Nóng-Ướt', 'stage_2_Nóng-Vừa', 'stage_3_Nóng-Ướt', 'stage_4_Nóng-Ướt', 'stage_5_Nóng-Ướt']",High
Kien Giang_2024_winter_spring,2024,"['stage_1_Mát-Khô', 'stage_2_Vừa-Khô', 'stage_3_Vừa-Khô', 'stage_4_Nóng-Khô', 'stage_5_Nóng-Khô']",Medium
Kien Giang_2024_summer_autumn,2024,"['stage_1_Nóng-Khô', 'stage_2_Nóng-Ướt', 'stage_3_Nóng-Vừa', 'stage_4_Nóng-Ướt', 'stage_5_Nóng-Ướt']",Low
Kien Giang_2024_main_season,2024,"['stage_1_Nóng-Ướt', 'stage_2_Nóng-Ướt', 'stage_3_Vừa-Ướt', 'stage_4_Nóng-Ướt', 'stage_5_Nóng-Vừa']",High
Can Tho_1995_winter_spring,1995,"['stage_1_Mát-Khô', 'stage_2_Mát-Khô', 'stage_3_Mát-Khô', 'stage_4_Mát-Khô', 'stage_5_Mát-Khô']",Low
Can Tho_1995_summer_autumn,1995,"['stage_1_Nóng-Khô', 'stage_2_Nóng-Khô', 'stage_3_Nóng-Vừa', 'stage_4_Nóng-Ướt', 'stage_5_Mát-Vừa']",High
Can Tho_1995_main_season,1995,"['stage_1_Nóng-Khô', 'stage_2_Nóng-Vừa', 'stage_3_Vừa-Vừa', 'stage_4_Vừa-Vừa', 'stage_5_Mát-Ướt']",High
Can Tho_1996_winter_spring,1996,"['stage_1_Mát-Vừa', 'stage_2_Mát-Khô', 'stage_3_Mát-Khô', 'stage_4_Mát-Khô', 'stage_5_Mát-Khô']",Medium
Can Tho_1996_summer_autumn,1996,"['stage_1_Vừa-Vừa', 'stage_2_Vừa-Vừa', 'stage_3_Vừa-Vừa', 'stage_4_Vừa-Vừa', 'stage_5_Mát-Ướt']",High
Can Tho_1996_main_season,1996,"['stage_1_Vừa-Ướt', 'stage_2_Vừa-Ướt', 'stage_3_Vừa-Vừa', 'stage_4_Vừa-Vừa', 'stage_5_Mát-Vừa']",Low
Can Tho_1997_winter_spring,1997,"['stage_1_Mát-Ướt', 'stage_2_Mát-Vừa', 'stage_3_Mát-Khô', 'stage_4_Mát-Khô', 'stage_5_Mát-Khô']",Low
Can Tho_1997_summer_autumn,1997,"['stage_1_Nóng-Khô', 'stage_2_Nóng-Vừa', 'stage_3_Vừa-Vừa', 'stage_4_Nóng-Vừa', 'stage_5_Mát-Ướt']",Medium
Can Tho_1997_main_season,1997,"['stage_1_Vừa-Ướt', 'stage_2_Vừa-Vừa', 'stage_3_Mát-Ướt', 'stage_4_Mát-Ướt', 'stage_5_Vừa-Vừa']",Medium
Can Tho_1998_winter_spring,1998,"['stage_1_Mát-Khô', 'stage_2_Vừa-Khô', 'stage_3_Vừa-Khô', 'stage_4_Nóng-Khô', 'stage_5_Nóng-Khô']",Medium
Can Tho_1998_summer_autumn,1998,"['stage_1_Nóng-Khô', 'stage_2_Nóng-Vừa', 'stage_3_Nóng-Vừa', 'stage_4_Vừa-Ướt', 'stage_5_Nóng-Vừa']",Medium
Can Tho_1998_main_season,1998,"['stage_1_Nóng-Ướt', 'stage_2_Vừa-Ướt', 'stage_3_Vừa-Ướt', 'stage_4_Nóng-Ướt', 'stage_5_Vừa-Vừa']",Medium
Can Tho_1999_winter_spring,1999,"['stage_1_Mát-Vừa', 'stage_2_Mát-Vừa', 'stage_3_Mát-Khô', 'stage_4_Mát-Khô', 'stage_5_Mát-Khô']",Low
Can Tho_1999_summer_autumn,1999,"['stage_1_Mát-Ướt', 'stage_2_Mát-Ướt', 'stage_3_Mát-Ướt', 'stage_4_Mát-Vừa', 'stage_5_Mát-Vừa']",Low
Can Tho_2000_winter_spring,2000,"['stage_1_Mát-Vừa', 'stage_2_Mát-Khô', 'stage_3_Mát-Khô', 'stage_4_Mát-Khô', 'stage_5_Mát-Khô']",Low
Can Tho_2000_summer_autumn,2000,"['stage_1_Vừa-Vừa', 'stage_2_Vừa-Vừa', 'stage_3_Mát-Ướt', 'stage_4_Mát-Ướt', 'stage_5_Mát-Vừa']",Medium
Can Tho_2001_winter_spring,2001,"['stage_1_Mát-Ướt', 'stage_2_Mát-Vừa', 'stage_3_Mát-Khô', 'stage_4_Mát-Khô', 'stage_5_Mát-Khô']",Low
Can Tho_2001_summer_autumn,2001,"['stage_1_Vừa-Vừa', 'stage_2_Nóng-Vừa', 'stage_3_Vừa-Vừa', 'stage_4_Mát-Ướt', 'stage_5_Vừa-Vừa']",Low
Can Tho_2002_winter_spring,2002,"['stage_1_Mát-Khô', 'stage_2_Mát-Khô', 'stage_3_Mát-Khô', 'stage_4_Vừa-Khô', 'stage_5_Vừa-Khô']",High
Can Tho_2002_summer_autumn,2002,"['stage_1_Nóng-Khô', 'stage_2_Nóng-Khô', 'stage_3_Nóng-Vừa', 'stage_4_Nóng-Vừa', 'stage_5_Nóng-Vừa']",Medium
Can Tho_2003_winter_spring,2003,"['stage_1_Mát-Vừa', 'stage_2_Mát-Khô', 'stage_3_Mát-Khô', 'stage_4_Mát-Khô', 'stage_5_Nóng-Khô']",Low
Can Tho_2003_summer_autumn,2003,"['stage_1_Nóng-Khô', 'stage_2_Vừa-Ướt', 'stage_3_Nóng-Vừa', 'stage_4_Vừa-Vừa', 'stage_5_Mát-Ướt']",Low
Can Tho_2004_winter_spring,2004,"['stage_1_Mát-Khô', 'stage_2_Mát-Khô', 'stage_3_Mát-Khô', 'stage_4_Mát-Khô', 'stage_5_Mát-Khô']",High
Can Tho_2004_summer_autumn,2004,"['stage_1_Nóng-Khô', 'stage_2_Nóng-Vừa', 'stage_3_Mát-Ướt', 'stage_4_Nóng-Vừa', 'stage_5_Mát-Vừa']",Medium
Can Tho_2005_winter_spring,2005,"['stage_1_Mát-Khô', 'stage_2_Mát-Khô', 'stage_3_Mát-Khô', 'stage_4_Mát-Khô', 'stage_5_Nóng-Khô']",High
Can Tho_2005_summer_autumn,2005,"['stage_1_Nóng-Khô', 'stage_2_Nóng-Vừa', 'stage_3_Nóng-Vừa', 'stage_4_Vừa-Ướt', 'stage_5_Mát-Vừa']",Medium
Can Tho_2006_winter_spring,2006,"['stage_1_Mát-Vừa', 'stage_2_Mát-Vừa', 'stage_3_Mát-Khô', 'stage_4_Mát-Khô', 'stage_5_Nóng-Khô']",High
Can Tho_2006_summer_autumn,2006,"['stage_1_Vừa-Vừa', 'stage_2_Vừa-Ướt', 'stage_3_Vừa-Vừa', 'stage_4_Mát-Ướt', 'stage_5_Vừa-Vừa']",Low
Can Tho_2007_winter_spring,2007,"['stage_1_Vừa-Vừa', 'stage_2_Mát-Khô', 'stage_3_Mát-Vừa', 'stage_4_Mát-Khô', 'stage_5_Mát-Khô']",High
Can Tho_2007_summer_autumn,2007,"['stage_1_Nóng-Vừa', 'stage_2_Vừa-Ướt', 'stage_3_Nóng-Vừa', 'stage_4_Vừa-Vừa', 'stage_5_Mát-Ướt']",Medium
Can Tho_2008_winter_spring,2008,"['stage_1_Mát-Khô', 'stage_2_Mát-Khô', 'stage_3_Mát-Khô', 'stage_4_Vừa-Khô', 'stage_5_Mát-Khô']",High
Can Tho_2008_summer_autumn,2008,"['stage_1_Vừa-Ướt', 'stage_2_Mát-Ướt', 'stage_3_Vừa-Vừa', 'stage_4_Vừa-Vừa', 'stage_5_Mát-Vừa']",Medium
Can Tho_2009_winter_spring,2009,"['stage_1_Mát-Vừa', 'stage_2_Mát-Khô', 'stage_3_Mát-Khô', 'stage_4_Mát-Khô', 'stage_5_Mát-Vừa']",Medium
Can Tho_2009_summer_autumn,2009,"['stage_1_Vừa-Ướt', 'stage_2_Vừa-Ướt', 'stage_3_Nóng-Vừa', 'stage_4_Nóng-Vừa', 'stage_5_Vừa-Vừa']",Medium
Can Tho_2010_winter_spring,2010,"['stage_1_Mát-Khô', 'stage_2_Mát-Khô', 'stage_3_Mát-Khô', 'stage_4_Mát-Vừa', 'stage_5_Nóng-Khô']",High
Can Tho_2010_summer_autumn,2010,"['stage_1_Nóng-Khô', 'stage_2_Nóng-Vừa', 'stage_3_Nóng-Vừa', 'stage_4_Vừa-Ướt', 'stage_5_Vừa-Vừa']",Medium
Can Tho_2011_winter_spring,2011,"['stage_1_Mát-Ướt', 'stage_2_Mát-Khô', 'stage_3_Mát-Khô', 'stage_4_Mát-Khô', 'stage_5_Mát-Khô']",High
Can Tho_2011_summer_autumn,2011,"['stage_1_Vừa-Vừa', 'stage_2_Vừa-Vừa', 'stage_3_Vừa-Vừa', 'stage_4_Vừa-Vừa', 'stage_5_Vừa-Vừa']",Medium
Can Tho_2012_winter_spring,2012,"['stage_1_Mát-Khô', 'stage_2_Mát-Khô', 'stage_3_Mát-Khô', 'stage_4_Mát-Vừa', 'stage_5_Vừa-Khô']",High
Can Tho_2012_summer_autumn,2012,"['stage_1_Vừa-Vừa', 'stage_2_Vừa-Vừa', 'stage_3_Vừa-Vừa', 'stage_4_Vừa-Vừa', 'stage_5_Vừa-Vừa']",Medium
Can Tho_2013_winter_spring,2013,"['stage_1_Mát-Vừa', 'stage_2_Vừa-Khô', 'stage_3_Mát-Vừa', 'stage_4_Mát-Khô', 'stage_5_Nóng-Khô']",High
Can Tho_2013_summer_autumn,2013,"['stage_1_Vừa-Vừa', 'stage_2_Nóng-Ướt', 'stage_3_Vừa-Ướt', 'stage_4_Vừa-Ướt', 'stage_5_Mát-Vừa']",Medium
Can Tho_2014_winter_spring,2014,"['stage_1_Mát-Vừa', 'stage_2_Mát-Khô', 'stage_3_Mát-Khô', 'stage_4_Mát-Khô', 'stage_5_Mát-Khô']",High
Can Tho_2014_summer_autumn,2014,"['stage_1_Nóng-Vừa', 'stage_2_Nóng-Vừa', 'stage_3_Nóng-Ướt', 'stage_4_Nóng-Ướt', 'stage_5_Vừa-Ướt']",Medium
Can Tho_2015_winter_spring,2015,"['stage_1_Mát-Vừa', 'stage_2_Mát-Khô', 'stage_3_Mát-Khô', 'stage_4_Mát-Khô', 'stage_5_Mát-Khô']",High
Can Tho_2015_summer_autumn,2015,"['stage_1_Nóng-Khô', 'stage_2_Nóng-Khô', 'stage_3_Nóng-Vừa', 'stage_4_Nóng-Vừa', 'stage_5_Nóng-Vừa']",Medium
Can Tho_2016_winter_spring,2016,"['stage_1_Vừa-Khô', 'stage_2_Mát-Khô', 'stage_3_Vừa-Khô', 'stage_4_Nóng-Khô', 'stage_5_Nóng-Khô']",Medium
Can Tho_2016_summer_autumn,2016,"['stage_1_Nóng-Khô', 'stage_2_Nóng-Vừa', 'stage_3_Nóng-Vừa', 'stage_4_Vừa-Vừa', 'stage_5_Vừa-Vừa']",Medium
Can Tho_2017_winter_spring,2017,"['stage_1_Mát-Vừa', 'stage_2_Mát-Vừa', 'stage_3_Vừa-Khô', 'stage_4_Mát-Khô', 'stage_5_Mát-Khô']",Low
Can Tho_2017_summer_autumn,2017,"['stage_1_Nóng-Khô', 'stage_2_Nóng-Ướt', 'stage_3_Nóng-Ướt', 'stage_4_Nóng-Vừa', 'stage_5_Mát-Ướt']",Medium
Can Tho_2018_winter_spring,2018,"['stage_1_Mát-Vừa', 'stage_2_Mát-Khô', 'stage_3_Mát-Khô', 'stage_4_Mát-Khô', 'stage_5_Mát-Khô']",Low
Can Tho_2018_summer_autumn,2018,"['stage_1_Nóng-Khô', 'stage_2_Nóng-Vừa', 'stage_3_Nóng-Vừa', 'stage_4_Vừa-Vừa', 'stage_5_Vừa-Ướt']",Medium
Can Tho_2019_winter_spring,2019,"['stage_1_Mát-Vừa', 'stage_2_Vừa-Vừa', 'stage_3_Mát-Khô', 'stage_4_Mát-Khô', 'stage_5_Nóng-Khô']",Low
Can Tho_2019_summer_autumn,2019,"['stage_1_Nóng-Khô', 'stage_2_Nóng-Vừa', 'stage_3_Nóng-Vừa', 'stage_4_Nóng-Vừa', 'stage_5_Nóng-Ướt']",Medium
Can Tho_2020_winter_spring,2020,"['stage_1_Mát-Khô', 'stage_2_Mát-Khô', 'stage_3_Vừa-Khô', 'stage_4_Vừa-Khô', 'stage_5_Nóng-Khô']",Low
Can Tho_2020_summer_autumn,2020,"['stage_1_Nóng-Khô', 'stage_2_Nóng-Khô', 'stage_3_Nóng-Ướt', 'stage_4_Vừa-Ướt', 'stage_5_Nóng-Ướt']",High
Can Tho_2021_winter_spring,2021,"['stage_1_Mát-Khô', 'stage_2_Mát-Khô', 'stage_3_Mát-Khô', 'stage_4_Mát-Khô', 'stage_5_Mát-Khô']",Medium
Can Tho_2021_summer_autumn,2021,"['stage_1_Vừa-Ướt', 'stage_2_Nóng-Vừa', 'stage_3_Nóng-Vừa', 'stage_4_Nóng-Vừa', 'stage_5_Vừa-Ướt']",High
Can Tho_2022_winter_spring,2022,"['stage_1_Mát-Ướt', 'stage_2_Mát-Khô', 'stage_3_Vừa-Khô', 'stage_4_Vừa-Khô', 'stage_5_Nóng-Khô']",Low
Can Tho_2022_summer_autumn,2022,"['stage_1_Vừa-Ướt', 'stage_2_Vừa-Ướt', 'stage_3_Nóng-Vừa', 'stage_4_Vừa-Ướt', 'stage_5_Vừa-Ướt']",Medium
Can Tho_2023_winter_spring,2023,"['stage_1_Mát-Ướt', 'stage_2_Mát-Khô', 'stage_3_Mát-Vừa', 'stage_4_Mát-Khô', 'stage_5_Vừa-Khô']",Low
Can Tho_2023_summer_autumn,2023,"['stage_1_Nóng-Khô', 'stage_2_Nóng-Ướt', 'stage_3_Nóng-Ướt', 'stage_4_Nóng-Ướt', 'stage_5_Vừa-Ướt']",Low
Can Tho_2024_winter_spring,2024,"['stage_1_Mát-Vừa', 'stage_2_Vừa-Khô', 'stage_3_Vừa-Khô', 'stage_4_Nóng-Khô', 'stage_5_Nóng-Khô']",Low
Can Tho_2024_summer_autumn,2024,"['stage_1_Nóng-Khô', 'stage_2_Nóng-Ướt', 'stage_3_Nóng-Vừa', 'stage_4_Nóng-Ướt', 'stage_5_Vừa-Ướt']",Low
Hau Giang_2004_winter_spring,2004,"['stage_1_Mát-Khô', 'stage_2_Mát-Khô', 'stage_3_Mát-Khô', 'stage_4_Vừa-Khô', 'stage_5_Mát-Khô']",High
Hau Giang_2004_summer_autumn,2004,"['stage_1_Nóng-Khô', 'stage_2_Nóng-Vừa', 'stage_3_Mát-Ướt', 'stage_4_Nóng-Vừa', 'stage_5_Mát-Ướt']",Medium
Hau Giang_2005_winter_spring,2005,"['stage_1_Mát-Khô', 'stage_2_Mát-Khô', 'stage_3_Mát-Khô', 'stage_4_Mát-Khô', 'stage_5_Nóng-Khô']",High
Hau Giang_2005_summer_autumn,2005,"['stage_1_Nóng-Khô', 'stage_2_Nóng-Ướt', 'stage_3_Nóng-Vừa', 'stage_4_Vừa-Ướt', 'stage_5_Mát-Ướt']",Medium
Hau Giang_2006_winter_spring,2006,"['stage_1_Mát-Ướt', 'stage_2_Mát-Vừa', 'stage_3_Mát-Khô', 'stage_4_Mát-Khô', 'stage_5_Nóng-Khô']",Medium
Hau Giang_2006_summer_autumn,2006,"['stage_1_Vừa-Vừa', 'stage_2_Vừa-Ướt', 'stage_3_Vừa-Vừa', 'stage_4_Mát-Ướt', 'stage_5_Vừa-Vừa']",Low
Hau Giang_2007_winter_spring,2007,"['stage_1_Vừa-Vừa', 'stage_2_Mát-Khô', 'stage_3_Mát-Vừa', 'stage_4_Mát-Khô', 'stage_5_Mát-Khô']",Low
Hau Giang_2007_summer_autumn,2007,"['stage_1_Vừa-Vừa', 'stage_2_Vừa-Ướt', 'stage_3_Nóng-Vừa', 'stage_4_Vừa-Ướt', 'stage_5_Mát-Ướt']",Medium
Hau Giang_2008_winter_spring,2008,"['stage_1_Mát-Khô', 'stage_2_Vừa-Khô', 'stage_3_Mát-Khô', 'stage_4_Vừa-Khô', 'stage_5_Mát-Khô']",Low
Hau Giang_2008_summer_autumn,2008,"['stage_1_Vừa-Ướt', 'stage_2_Mát-Ướt', 'stage_3_Vừa-Ướt', 'stage_4_Vừa-Vừa', 'stage_5_Mát-Ướt']",Medium
Hau Giang_2009_winter_spring,2009,"['stage_1_Mát-Vừa', 'stage_2_Mát-Khô', 'stage_3_Mát-Khô', 'stage_4_Mát-Khô', 'stage_5_Mát-Vừa']",Low
Hau Giang_2009_summer_autumn,2009,"['stage_1_Vừa-Ướt', 'stage_2_Vừa-Ướt', 'stage_3_Nóng-Vừa', 'stage_4_Vừa-Vừa', 'stage_5_Vừa-Vừa']",Medium
Hau Giang_2010_winter_spring,2010,"['stage_1_Mát-Khô', 'stage_2_Mát-Khô', 'stage_3_Vừa-Khô', 'stage_4_Mát-Khô', 'stage_5_Nóng-Khô']",Medium
Hau Giang_2010_summer_autumn,2010,"['stage_1_Nóng-Khô', 'stage_2_Nóng-Vừa', 'stage_3_Nóng-Ướt', 'stage_4_Vừa-Ướt', 'stage_5_Vừa-Ướt']",Low
Hau Giang_2011_winter_spring,2011,"['stage_1_Mát-Ướt', 'stage_2_Mát-Khô', 'stage_3_Mát-Khô', 'stage_4_Mát-Khô', 'stage_5_Mát-Khô']",Medium
Hau Giang_2011_summer_autumn,2011,"['stage_1_Vừa-Vừa', 'stage_2_Vừa-Ướt', 'stage_3_Vừa-Ướt', 'stage_4_Vừa-Ướt', 'stage_5_Vừa-Vừa']",Low
Hau Giang_2012_winter_spring,2012,"['stage_1_Mát-Khô', 'stage_2_Mát-Khô', 'stage_3_Mát-Khô', 'stage_4_Mát-Vừa', 'stage_5_Vừa-Khô']",High
Hau Giang_2012_summer_autumn,2012,"['stage_1_Vừa-Vừa', 'stage_2_Vừa-Ướt', 'stage_3_Vừa-Vừa', 'stage_4_Vừa-Vừa', 'stage_5_Vừa-Ướt']",Low
Hau Giang_2013_winter_spring,2013,"['stage_1_Mát-Ướt', 'stage_2_Vừa-Khô', 'stage_3_Mát-Vừa', 'stage_4_Mát-Khô', 'stage_5_Nóng-Khô']",High
Hau Giang_2013_summer_autumn,2013,"['stage_1_Vừa-Vừa', 'stage_2_Nóng-Ướt', 'stage_3_Vừa-Ướt', 'stage_4_Vừa-Ướt', 'stage_5_Mát-Ướt']",Low
Hau Giang_2014_winter_spring,2014,"['stage_1_Mát-Vừa', 'stage_2_Mát-Khô', 'stage_3_Mát-Khô', 'stage_4_Mát-Khô', 'stage_5_Mát-Khô']",High
Hau Giang_2014_summer_autumn,2014,"['stage_1_Nóng-Vừa', 'stage_2_Nóng-Ướt', 'stage_3_Nóng-Ướt', 'stage_4_Nóng-Ướt', 'stage_5_Mát-Ướt']",Medium
Hau Giang_2015_winter_spring,2015,"['stage_1_Mát-Vừa', 'stage_2_Mát-Khô', 'stage_3_Mát-Khô', 'stage_4_Mát-Khô', 'stage_5_Mát-Khô']",High
Hau Giang_2015_summer_autumn,2015,"['stage_1_Nóng-Khô', 'stage_2_Nóng-Khô', 'stage_3_Nóng-Vừa', 'stage_4_Vừa-Ướt', 'stage_5_Nóng-Vừa']",High
Hau Giang_2016_winter_spring,2016,"['stage_1_Vừa-Vừa', 'stage_2_Mát-Khô', 'stage_3_Vừa-Khô', 'stage_4_Nóng-Khô', 'stage_5_Nóng-Khô']",Low
Hau Giang_2016_summer_autumn,2016,"['stage_1_Nóng-Khô', 'stage_2_Nóng-Vừa', 'stage_3_Nóng-Vừa', 'stage_4_Vừa-Ướt', 'stage_5_Vừa-Ướt']",High
Hau Giang_2017_winter_spring,2017,"['stage_1_Mát-Vừa', 'stage_2_Mát-Vừa', 'stage_3_Mát-Khô', 'stage_4_Mát-Khô', 'stage_5_Mát-Khô']",Low
Hau Giang_2017_summer_autumn,2017,"['stage_1_Nóng-Vừa', 'stage_2_Vừa-Ướt', 'stage_3_Nóng-Ướt', 'stage_4_Nóng-Vừa', 'stage_5_Mát-Ướt']",High
Hau Giang_2018_winter_spring,2018,"['stage_1_Mát-Vừa', 'stage_2_Mát-Vừa', 'stage_3_Mát-Khô', 'stage_4_Mát-Khô', 'stage_5_Mát-Khô']",Medium
Hau Giang_2018_summer_autumn,2018,"['stage_1_Nóng-Vừa', 'stage_2_Nóng-Vừa', 'stage_3_Vừa-Vừa', 'stage_4_Vừa-Vừa', 'stage_5_Vừa-Ướt']",High
Hau Giang_2019_winter_spring,2019,"['stage_1_Vừa-Khô', 'stage_2_Vừa-Vừa', 'stage_3_Mát-Khô', 'stage_4_Mát-Khô', 'stage_5_Nóng-Khô']",Low
Hau Giang_2019_summer_autumn,2019,"['stage_1_Nóng-Khô', 'stage_2_Nóng-Vừa', 'stage_3_Nóng-Vừa', 'stage_4_Nóng-Vừa', 'stage_5_Nóng-Ướt']",High
Hau Giang_2020_winter_spring,2020,"['stage_1_Mát-Khô', 'stage_2_Mát-Khô', 'stage_3_Vừa-Khô', 'stage_4_Vừa-Khô', 'stage_5_Nóng-Khô']",Medium
Hau Giang_2020_summer_autumn,2020,"['stage_1_Nóng-Khô', 'stage_2_Nóng-Vừa', 'stage_3_Nóng-Ướt', 'stage_4_Vừa-Ướt', 'stage_5_Nóng-Ướt']",Medium
Hau Giang_2021_winter_spring,2021,"['stage_1_Mát-Khô', 'stage_2_Mát-Khô', 'stage_3_Mát-Khô', 'stage_4_Mát-Khô', 'stage_5_Mát-Khô']",Medium
Hau Giang_2021_summer_autumn,2021,"['stage_1_Vừa-Ướt', 'stage_2_Nóng-Ướt', 'stage_3_Nóng-Vừa', 'stage_4_Nóng-Vừa', 'stage_5_Vừa-Ướt']",Medium
Hau Giang_2022_winter_spring,2022,"['stage_1_Mát-Ướt', 'stage_2_Mát-Khô', 'stage_3_Vừa-Khô', 'stage_4_Nóng-Khô', 'stage_5_Nóng-Khô']",Medium
Hau Giang_2022_summer_autumn,2022,"['stage_1_Vừa-Ướt', 'stage_2_Vừa-Ướt', 'stage_3_Nóng-Ướt', 'stage_4_Vừa-Ướt', 'stage_5_Mát-Ướt']",Medium
Hau Giang_2023_winter_spring,2023,"['stage_1_Mát-Ướt', 'stage_2_Mát-Khô', 'stage_3_Mát-Vừa', 'stage_4_Mát-Khô', 'stage_5_Vừa-Khô']",Medium
Hau Giang_2023_summer_autumn,2023,"['stage_1_Nóng-Khô', 'stage_2_Nóng-Ướt', 'stage_3_Nóng-Ướt', 'stage_4_Nóng-Ướt', 'stage_5_Vừa-Ướt']",Low
Hau Giang_2024_winter_spring,2024,"['stage_1_Mát-Vừa', 'stage_2_Vừa-Khô', 'stage_3_Vừa-Khô', 'stage_4_Nóng-Khô', 'stage_5_Nóng-Khô']",Low
Hau Giang_2024_summer_autumn,2024,"['stage_1_Nóng-Khô', 'stage_2_Nóng-Ướt', 'stage_3_Nóng-Vừa', 'stage_4_Vừa-Ướt', 'stage_5_Vừa-Ướt']",Low
Soc Trang_1995_winter_spring,1995,"['stage_1_Mát-Khô', 'stage_2_Mát-Khô', 'stage_3_Mát-Khô', 'stage_4_Mát-Khô', 'stage_5_Mát-Khô']",High
Soc Trang_1995_summer_autumn,1995,"['stage_1_Nóng-Khô', 'stage_2_Nóng-Khô', 'stage_3_Nóng-Vừa', 'stage_4_Nóng-Ướt', 'stage_5_Mát-Vừa']",High
Soc Trang_1995_main_season,1995,"['stage_1_Nóng-Vừa', 'stage_2_Nóng-Vừa', 'stage_3_Vừa-Ướt', 'stage_4_Vừa-Vừa', 'stage_5_Mát-Ướt']",Medium
Soc Trang_1996_winter_spring,1996,"['stage_1_Mát-Vừa', 'stage_2_Mát-Khô', 'stage_3_Mát-Khô', 'stage_4_Mát-Khô', 'stage_5_Mát-Khô']",Low
Soc Trang_1996_summer_autumn,1996,"['stage_1_Vừa-Vừa', 'stage_2_Vừa-Vừa', 'stage_3_Vừa-Vừa', 'stage_4_Vừa-Ướt', 'stage_5_Mát-Vừa']",Low
Soc Trang_1996_main_season,1996,"['stage_1_Vừa-Ướt', 'stage_2_Vừa-Ướt', 'stage_3_Vừa-Vừa', 'stage_4_Vừa-Vừa', 'stage_5_Mát-Vừa']",High
Soc Trang_1997_winter_spring,1997,"['stage_1_Mát-Ướt', 'stage_2_Mát-Vừa', 'stage_3_Mát-Khô', 'stage_4_Mát-Khô', 'stage_5_Mát-Khô']",Low
Soc Trang_1997_summer_autumn,1997,"['stage_1_Nóng-Khô', 'stage_2_Nóng-Vừa', 'stage_3_Nóng-Vừa', 'stage_4_Nóng-Vừa', 'stage_5_Mát-Ướt']",Low
Soc Trang_1997_main_season,1997,"['stage_1_Vừa-Ướt', 'stage_2_Vừa-Vừa', 'stage_3_Mát-Ướt', 'stage_4_Mát-Ướt', 'stage_5_Vừa-Vừa']",Low
Soc Trang_1998_winter_spring,1998,"['stage_1_Mát-Khô', 'stage_2_Vừa-Khô', 'stage_3_Vừa-Khô', 'stage_4_Nóng-Khô', 'stage_5_Nóng-Khô']",Low
Soc Trang_1998_summer_autumn,1998,"['stage_1_Nóng-Khô', 'stage_2_Nóng-Khô', 'stage_3_Nóng-Ướt', 'stage_4_Vừa-Ướt', 'stage_5_Nóng-Ướt']",Medium
Soc Trang_1998_main_season,1998,"['stage_1_Nóng-Vừa', 'stage_2_Vừa-Ướt', 'stage_3_Vừa-Ướt', 'stage_4_Nóng-Ướt', 'stage_5_Nóng-Ướt']",Low
Soc Trang_1999_winter_spring,1999,"['stage_1_Mát-Vừa', 'stage_2_Mát-Vừa', 'stage_3_Mát-Khô', 'stage_4_Mát-Khô', 'stage_5_Mát-Khô']",Low
Soc Trang_1999_summer_autumn,1999,"['stage_1_Mát-Ướt', 'stage_2_Mát-Ướt', 'stage_3_Mát-Ướt', 'stage_4_Mát-Vừa', 'stage_5_Mát-Vừa']",Low
Soc Trang_1999_main_season,1999,"['stage_1_Mát-Ướt', 'stage_2_Mát-Vừa', 'stage_3_Mát-Ướt', 'stage_4_Mát-Vừa', 'stage_5_Mát-Vừa']",High
Soc Trang_2000_winter_spring,2000,"['stage_1_Mát-Ướt', 'stage_2_Mát-Khô', 'stage_3_Mát-Khô', 'stage_4_Mát-Khô', 'stage_5_Mát-Khô']",Medium
Soc Trang_2000_summer_autumn,2000,"['stage_1_Vừa-Vừa', 'stage_2_Vừa-Vừa', 'stage_3_Vừa-Ướt', 'stage_4_Mát-Ướt', 'stage_5_Mát-Vừa']",Medium
Soc Trang_2000_main_season,2000,"['stage_1_Vừa-Ướt', 'stage_2_Mát-Ướt', 'stage_3_Mát-Vừa', 'stage_4_Vừa-Vừa', 'stage_5_Mát-Ướt']",Medium
Soc Trang_2001_winter_spring,2001,"['stage_1_Mát-Ướt', 'stage_2_Mát-Vừa', 'stage_3_Mát-Khô', 'stage_4_Mát-Khô', 'stage_5_Mát-Khô']",Low
Soc Trang_2001_summer_autumn,2001,"['stage_1_Vừa-Vừa', 'stage_2_Nóng-Vừa', 'stage_3_Vừa-Ướt', 'stage_4_Mát-Ướt', 'stage_5_Vừa-Vừa']",Medium
Soc Trang_2001_main_season,2001,"['stage_1_Vừa-Ướt', 'stage_2_Mát-Ướt', 'stage_3_Mát-Vừa', 'stage_4_Vừa-Vừa', 'stage_5_Mát-Ướt']",High
Soc Trang_2002_winter_spring,2002,"['stage_1_Mát-Khô', 'stage_2_Mát-Khô', 'stage_3_Mát-Khô', 'stage_4_Mát-Khô', 'stage_5_Mát-Khô']",Medium
Soc Trang_2002_summer_autumn,2002,"['stage_1_Nóng-Khô', 'stage_2_Nóng-Vừa', 'stage_3_Nóng-Vừa', 'stage_4_Nóng-Vừa', 'stage_5_Nóng-Vừa']",Medium
Soc Trang_2002_main_season,2002,"['stage_1_Vừa-Vừa', 'stage_2_Vừa-Ướt', 'stage_3_Nóng-Khô', 'stage_4_Nóng-Vừa', 'stage_5_Mát-Vừa']",Medium
Soc Trang_2003_winter_spring,2003,"['stage_1_Mát-Ướt', 'stage_2_Mát-Khô', 'stage_3_Mát-Khô', 'stage_4_Mát-Khô', 'stage_5_Vừa-Khô']",Medium
Soc Trang_2003_summer_autumn,2003,"['stage_1_Nóng-Khô', 'stage_2_Vừa-Ướt', 'stage_3_Nóng-Vừa', 'stage_4_Vừa-Ướt', 'stage_5_Mát-Ướt']",Low
Soc Trang_2003_main_season,2003,"['stage_1_Vừa-Ướt', 'stage_2_Vừa-Vừa', 'stage_3_Mát-Ướt', 'stage_4_Vừa-Ướt', 'stage_5_Vừa-Vừa']",Low
Soc Trang_2004_winter_spring,2004,"['stage_1_Mát-Khô', 'stage_2_Mát-Khô', 'stage_3_Mát-Khô', 'stage_4_Mát-Khô', 'stage_5_Mát-Khô']",Medium
Soc Trang_2004_summer_autumn,2004,"['stage_1_Nóng-Khô', 'stage_2_Nóng-Vừa', 'stage_3_Vừa-Ướt', 'stage_4_Nóng-Vừa', 'stage_5_Mát-Ướt']",Medium
Soc Trang_2004_main_season,2004,"['stage_1_Vừa-Ướt', 'stage_2_Vừa-Ướt', 'stage_3_Vừa-Vừa', 'stage_4_Mát-Ướt', 'stage_5_Mát-Vừa']",Low
Soc Trang_2005_winter_spring,2005,"['stage_1_Mát-Khô', 'stage_2_Mát-Khô', 'stage_3_Mát-Khô', 'stage_4_Mát-Khô', 'stage_5_Vừa-Khô']",High
Soc Trang_2005_summer_autumn,2005,"['stage_1_Nóng-Khô', 'stage_2_Nóng-Vừa', 'stage_3_Nóng-Ướt', 'stage_4_Vừa-Ướt', 'stage_5_Vừa-Vừa']",High
Soc Trang_2005_main_season,2005,"['stage_1_Vừa-Ướt', 'stage_2_Vừa-Vừa', 'stage_3_Vừa-Vừa', 'stage_4_Vừa-Vừa', 'stage_5_Vừa-Vừa']",Low
Soc Trang_2006_winter_spring,2006,"['stage_1_Mát-Ướt', 'stage_2_Mát-Vừa', 'stage_3_Mát-Khô', 'stage_4_Mát-Khô', 'stage_5_Vừa-Khô']",Medium
Soc Trang_2006_summer_autumn,2006,"['stage_1_Vừa-Vừa', 'stage_2_Vừa-Ướt', 'stage_3_Vừa-Ướt', 'stage_4_Mát-Ướt', 'stage_5_Vừa-Vừa']",Medium
Soc Trang_2006_main_season,2006,"['stage_1_Mát-Ướt', 'stage_2_Mát-Ướt', 'stage_3_Mát-Ướt', 'stage_4_Vừa-Vừa', 'stage_5_Mát-Ướt']",Low
Soc Trang_2007_winter_spring,2007,"['stage_1_Vừa-Khô', 'stage_2_Mát-Khô', 'stage_3_Mát-Vừa', 'stage_4_Mát-Khô', 'stage_5_Mát-Khô']",Low
Soc Trang_2007_summer_autumn,2007,"['stage_1_Nóng-Vừa', 'stage_2_Vừa-Ướt', 'stage_3_Nóng-Vừa', 'stage_4_Vừa-Ướt', 'stage_5_Mát-Ướt']",Medium
Soc Trang_2007_main_season,2007,"['stage_1_Vừa-Ướt', 'stage_2_Vừa-Ướt', 'stage_3_Mát-Ướt', 'stage_4_Vừa-Vừa', 'stage_5_Mát-Vừa']",Low
Soc Trang_2008_winter_spring,2008,"['stage_1_Mát-Khô', 'stage_2_Mát-Khô', 'stage_3_Mát-Khô', 'stage_4_Mát-Khô', 'stage_5_Mát-Khô']",High
Soc Trang_2008_summer_autumn,2008,"['stage_1_Vừa-Ướt', 'stage_2_Mát-Ướt', 'stage_3_Vừa-Ướt', 'stage_4_Vừa-Ướt', 'stage_5_Mát-Ướt']",Medium
Soc Trang_2008_main_season,2008,"['stage_1_Mát-Ướt', 'stage_2_Mát-Ướt', 'stage_3_Mát-Ướt', 'stage_4_Vừa-Ướt', 'stage_5_Mát-Vừa']",Medium
Soc Trang_2009_winter_spring,2009,"['stage_1_Mát-Vừa', 'stage_2_Mát-Khô', 'stage_3_Mát-Khô', 'stage_4_Mát-Khô', 'stage_5_Mát-Vừa']",Medium
Soc Trang_2009_summer_autumn,2009,"['stage_1_Vừa-Vừa', 'stage_2_Vừa-Ướt', 'stage_3_Nóng-Vừa', 'stage_4_Vừa-Ướt', 'stage_5_Vừa-Ướt']",Medium
Soc Trang_2009_main_season,2009,"['stage_1_Vừa-Ướt', 'stage_2_Vừa-Vừa', 'stage_3_Vừa-Ướt', 'stage_4_Vừa-Vừa', 'stage_5_Nóng-Vừa']",Medium
Soc Trang_2010_winter_spring,2010,"['stage_1_Mát-Khô', 'stage_2_Mát-Khô', 'stage_3_Mát-Khô', 'stage_4_Mát-Khô', 'stage_5_Vừa-Khô']",High
Soc Trang_2010_summer_autumn,2010,"['stage_1_Nóng-Khô', 'stage_2_Nóng-Vừa', 'stage_3_Nóng-Ướt', 'stage_4_Vừa-Ướt', 'stage_5_Vừa-Ướt']",High
Soc Trang_2010_main_season,2010,"['stage_1_Nóng-Vừa', 'stage_2_Vừa-Ướt', 'stage_3_Vừa-Vừa', 'stage_4_Vừa-Ướt', 'stage_5_Vừa-Vừa']",High
Soc Trang_2011_winter_spring,2011,"['stage_1_Mát-Ướt', 'stage_2_Mát-Khô', 'stage_3_Mát-Khô', 'stage_4_Mát-Khô', 'stage_5_Mát-Khô']",High
Soc Trang_2011_summer_autumn,2011,"['stage_1_Vừa-Vừa', 'stage_2_Vừa-Ướt', 'stage_3_Vừa-Vừa', 'stage_4_Vừa-Ướt', 'stage_5_Vừa-Vừa']",High
Soc Trang_2011_main_season,2011,"['stage_1_Vừa-Ướt', 'stage_2_Vừa-Ướt', 'stage_3_Vừa-Vừa', 'stage_4_Vừa-Vừa', 'stage_5_Vừa-Ướt']",Medium
Soc Trang_2012_winter_spring,2012,"['stage_1_Mát-Khô', 'stage_2_Mát-Khô', 'stage_3_Mát-Khô', 'stage_4_Mát-Khô', 'stage_5_Vừa-Khô']",High
Soc Trang_2012_summer_autumn,2012,"['stage_1_Vừa-Vừa', 'stage_2_Vừa-Ướt', 'stage_3_Nóng-Vừa', 'stage_4_Vừa-Vừa', 'stage_5_Vừa-Ướt']",High
Soc Trang_2012_main_season,2012,"['stage_1_Vừa-Ướt', 'stage_2_Vừa-Vừa', 'stage_3_Mát-Ướt', 'stage_4_Vừa-Vừa', 'stage_5_Vừa-Vừa']",High
Soc Trang_2013_winter_spring,2013,"['stage_1_Mát-Vừa', 'stage_2_Vừa-Khô', 'stage_3_Mát-Vừa', 'stage_4_Mát-Khô', 'stage_5_Vừa-Khô']",High
Soc Trang_2013_summer_autumn,2013,"['stage_1_Vừa-Vừa', 'stage_2_Nóng-Ướt', 'stage_3_Vừa-Ướt', 'stage_4_Vừa-Ướt', 'stage_5_Mát-Ướt']",High
Soc Trang_2013_main_season,2013,"['stage_1_Vừa-Ướt', 'stage_2_Vừa-Ướt', 'stage_3_Vừa-Ướt', 'stage_4_Mát-Ướt', 'stage_5_Vừa-Vừa']",High
Soc Trang_2014_winter_spring,2014,"['stage_1_Mát-Vừa', 'stage_2_Mát-Khô', 'stage_3_Mát-Khô', 'stage_4_Mát-Khô', 'stage_5_Mát-Khô']",High
Soc Trang_2014_summer_autumn,2014,"['stage_1_Nóng-Vừa', 'stage_2_Nóng-Vừa', 'stage_3_Nóng-Ướt', 'stage_4_Nóng-Vừa', 'stage_5_Vừa-Vừa']",High
Soc Trang_2014_main_season,2014,"['stage_1_Vừa-Ướt', 'stage_2_Vừa-Ướt', 'stage_3_Vừa-Vừa', 'stage_4_Vừa-Vừa', 'stage_5_Vừa-Vừa']",High
Soc Trang_2015_winter_spring,2015,"['stage_1_Mát-Vừa', 'stage_2_Mát-Khô', 'stage_3_Mát-Khô', 'stage_4_Mát-Khô', 'stage_5_Mát-Khô']",High
Soc Trang_2015_summer_autumn,2015,"['stage_1_Nóng-Khô', 'stage_2_Nóng-Khô', 'stage_3_Nóng-Vừa', 'stage_4_Nóng-Vừa', 'stage_5_Nóng-Vừa']",High
Soc Trang_2015_main_season,2015,"['stage_1_Nóng-Vừa', 'stage_2_Nóng-Vừa', 'stage_3_Nóng-Vừa', 'stage_4_Nóng-Vừa', 'stage_5_Vừa-Ướt']",High
Soc Trang_2016_winter_spring,2016,"['stage_1_Vừa-Vừa', 'stage_2_Mát-Khô', 'stage_3_Vừa-Khô', 'stage_4_Nóng-Khô', 'stage_5_Vừa-Khô']",Low
Soc Trang_2016_summer_autumn,2016,"['stage_1_Nóng-Khô', 'stage_2_Nóng-Vừa', 'stage_3_Nóng-Vừa', 'stage_4_Nóng-Ướt', 'stage_5_Vừa-Vừa']",Medium
Soc Trang_2016_main_season,2016,"['stage_1_Vừa-Ướt', 'stage_2_Vừa-Ướt', 'stage_3_Nóng-Vừa', 'stage_4_Vừa-Vừa', 'stage_5_Nóng-Vừa']",Medium
Soc Trang_2017_winter_spring,2017,"['stage_1_Mát-Vừa', 'stage_2_Mát-Vừa', 'stage_3_Vừa-Khô', 'stage_4_Mát-Vừa', 'stage_5_Mát-Khô']",Medium
Soc Trang_2017_summer_autumn,2017,"['stage_1_Nóng-Khô', 'stage_2_Vừa-Ướt', 'stage_3_Nóng-Ướt', 'stage_4_Nóng-Ướt', 'stage_5_Mát-Ướt']",Medium
Soc Trang_2017_main_season,2017,"['stage_1_Vừa-Ướt', 'stage_2_Vừa-Ướt', 'stage_3_Vừa-Ướt', 'stage_4_Vừa-Ướt', 'stage_5_Mát-Ướt']",High
Soc Trang_2018_winter_spring,2018,"['stage_1_Mát-Vừa', 'stage_2_Mát-Khô', 'stage_3_Mát-Khô', 'stage_4_Mát-Khô', 'stage_5_Mát-Khô']",Low
Soc Trang_2018_summer_autumn,2018,"['stage_1_Nóng-Khô', 'stage_2_Nóng-Vừa', 'stage_3_Nóng-Vừa', 'stage_4_Vừa-Ướt', 'stage_5_Vừa-Vừa']",Medium
Soc Trang_2018_main_season,2018,"['stage_1_Vừa-Ướt', 'stage_2_Vừa-Vừa', 'stage_3_Vừa-Vừa', 'stage_4_Vừa-Vừa', 'stage_5_Vừa-Ướt']",Medium
Soc Trang_2019_winter_spring,2019,"['stage_1_Mát-Vừa', 'stage_2_Mát-Vừa', 'stage_3_Mát-Vừa', 'stage_4_Mát-Khô', 'stage_5_Vừa-Khô']",Low
Soc Trang_2019_summer_autumn,2019,"['stage_1_Nóng-Khô', 'stage_2_Nóng-Vừa', 'stage_3_Nóng-Ướt', 'stage_4_Nóng-Ướt', 'stage_5_Vừa-Ướt']",Low
Soc Trang_2019_main_season,2019,"['stage_1_Vừa-Ướt', 'stage_2_Vừa-Ướt', 'stage_3_Vừa-Vừa', 'stage_4_Vừa-Ướt', 'stage_5_Vừa-Ướt']",Medium
Soc Trang_2020_winter_spring,2020,"['stage_1_Mát-Khô', 'stage_2_Mát-Khô', 'stage_3_Vừa-Khô', 'stage_4_Mát-Khô', 'stage_5_Vừa-Khô']",Low
Soc Trang_2020_summer_autumn,2020,"['stage_1_Nóng-Khô', 'stage_2_Nóng-Vừa', 'stage_3_Nóng-Ướt', 'stage_4_Vừa-Ướt', 'stage_5_Vừa-Ướt']",Low
Soc Trang_2020_main_season,2020,"['stage_1_Nóng-Ướt', 'stage_2_Vừa-Ướt', 'stage_3_Vừa-Ướt', 'stage_4_Vừa-Ướt', 'stage_5_Nóng-Ướt']",Medium
Soc Trang_2021_winter_spring,2021,"['stage_1_Mát-Vừa', 'stage_2_Mát-Vừa', 'stage_3_Mát-Khô', 'stage_4_Mát-Khô', 'stage_5_Mát-Khô']",Medium
Soc Trang_2021_summer_autumn,2021,"['stage_1_Vừa-Ướt', 'stage_2_Nóng-Ướt', 'stage_3_Nóng-Vừa', 'stage_4_Nóng-Vừa', 'stage_5_Vừa-Ướt']",Low
Soc Trang_2021_main_season,2021,"['stage_1_Vừa-Ướt', 'stage_2_Vừa-Ướt', 'stage_3_Vừa-Ướt', 'stage_4_Nóng-Vừa', 'stage_5_Vừa-Ướt']",Low
Soc Trang_2022_winter_spring,2022,"['stage_1_Mát-Ướt', 'stage_2_Mát-Khô', 'stage_3_Mát-Khô', 'stage_4_Mát-Khô', 'stage_5_Nóng-Khô']",Low
Soc Trang_2022_summer_autumn,2022,"['stage_1_Vừa-Vừa', 'stage_2_Vừa-Ướt', 'stage_3_Vừa-Ướt', 'stage_4_Vừa-Ướt', 'stage_5_Mát-Ướt']",Low
Soc Trang_2022_main_season,2022,"['stage_1_Vừa-Ướt', 'stage_2_Vừa-Ướt', 'stage_3_Mát-Ướt', 'stage_4_Vừa-Ướt', 'stage_5_Mát-Ướt']",Low
Soc Trang_2023_winter_spring,2023,"['stage_1_Mát-Ướt', 'stage_2_Mát-Khô', 'stage_3_Mát-Vừa', 'stage_4_Mát-Khô', 'stage_5_Mát-Khô']",Low
Soc Trang_2023_summer_autumn,2023,"['stage_1_Nóng-Khô', 'stage_2_Nóng-Ướt', 'stage_3_Nóng-Ướt', 'stage_4_Nóng-Ướt', 'stage_5_Vừa-Ướt']",Low
Soc Trang_2023_main_season,2023,"['stage_1_Vừa-Ướt', 'stage_2_Vừa-Ướt', 'stage_3_Vừa-Ướt', 'stage_4_Vừa-Ướt', 'stage_5_Nóng-Vừa']",Low
Soc Trang_2024_winter_spring,2024,"['stage_1_Mát-Vừa', 'stage_2_Vừa-Khô', 'stage_3_Vừa-Khô', 'stage_4_Vừa-Khô', 'stage_5_Nóng-Khô']",Low
Soc Trang_2024_summer_autumn,2024,"['stage_1_Nóng-Khô', 'stage_2_Nóng-Ướt', 'stage_3_Nóng-Vừa', 'stage_4_Nóng-Ướt', 'stage_5_Vừa-Ướt']",Low
Soc Trang_2024_main_season,2024,"['stage_1_Nóng-Ướt', 'stage_2_Nóng-Ướt', 'stage_3_Vừa-Ướt', 'stage_4_Vừa-Ướt', 'stage_5_Nóng-Ướt']",Medium
Bac Lieu_1995_summer_autumn,1995,"['stage_1_Nóng-Khô', 'stage_2_Nóng-Khô', 'stage_3_Nóng-Vừa', 'stage_4_Nóng-Ướt', 'stage_5_Vừa-Ướt']",Low
Bac Lieu_1995_main_season,1995,"['stage_1_Nóng-Vừa', 'stage_2_Nóng-Vừa', 'stage_3_Vừa-Vừa', 'stage_4_Vừa-Ướt', 'stage_5_Vừa-Ướt']",High
Bac Lieu_1996_winter_spring,1996,"['stage_1_Mát-Vừa', 'stage_2_Mát-Khô', 'stage_3_Mát-Khô', 'stage_4_Mát-Khô', 'stage_5_Mát-Khô']",Low
Bac Lieu_1996_summer_autumn,1996,"['stage_1_Vừa-Vừa', 'stage_2_Nóng-Ướt', 'stage_3_Nóng-Ướt', 'stage_4_Nóng-Vừa', 'stage_5_Vừa-Ướt']",Low
Bac Lieu_1996_main_season,1996,"['stage_1_Vừa-Ướt', 'stage_2_Vừa-Ướt', 'stage_3_Vừa-Vừa', 'stage_4_Vừa-Vừa', 'stage_5_Vừa-Vừa']",High
Bac Lieu_1997_winter_spring,1997,"['stage_1_Mát-Ướt', 'stage_2_Mát-Vừa', 'stage_3_Mát-Khô', 'stage_4_Mát-Khô', 'stage_5_Mát-Khô']",Low
Bac Lieu_1997_summer_autumn,1997,"['stage_1_Nóng-Khô', 'stage_2_Nóng-Vừa', 'stage_3_Nóng-Vừa', 'stage_4_Nóng-Vừa', 'stage_5_Mát-Ướt']",High
Bac Lieu_1997_main_season,1997,"['stage_1_Vừa-Ướt', 'stage_2_Nóng-Vừa', 'stage_3_Vừa-Ướt', 'stage_4_Vừa-Ướt', 'stage_5_Vừa-Vừa']",Low
Bac Lieu_1998_winter_spring,1998,"['stage_1_Vừa-Khô', 'stage_2_Vừa-Khô', 'stage_3_Vừa-Khô', 'stage_4_Nóng-Khô', 'stage_5_Nóng-Khô']",Low
Bac Lieu_1998_summer_autumn,1998,"['stage_1_Nóng-Khô', 'stage_2_Nóng-Khô', 'stage_3_Nóng-Vừa', 'stage_4_Nóng-Ướt', 'stage_5_Nóng-Ướt']",High
Bac Lieu_1998_main_season,1998,"['stage_1_Nóng-Vừa', 'stage_2_Nóng-Ướt', 'stage_3_Nóng-Ướt', 'stage_4_Nóng-Ướt', 'stage_5_Nóng-Vừa']",High
Bac Lieu_1999_winter_spring,1999,"['stage_1_Mát-Ướt', 'stage_2_Mát-Ướt', 'stage_3_Mát-Khô', 'stage_4_Mát-Khô', 'stage_5_Mát-Khô']",High
Bac Lieu_1999_summer_autumn,1999,"['stage_1_Vừa-Ướt', 'stage_2_Vừa-Ướt', 'stage_3_Vừa-Ướt', 'stage_4_Vừa-Vừa', 'stage_5_Vừa-Vừa']",Medium
Bac Lieu_1999_main_season,1999,"['stage_1_Mát-Ướt', 'stage_2_Vừa-Vừa', 'stage_3_Mát-Ướt', 'stage_4_Vừa-Vừa', 'stage_5_Vừa-Vừa']",Low
Bac Lieu_2000_winter_spring,2000,"['stage_1_Mát-Ướt', 'stage_2_Mát-Khô', 'stage_3_Mát-Khô', 'stage_4_Mát-Khô', 'stage_5_Mát-Khô']",High
Bac Lieu_2000_summer_autumn,2000,"['stage_1_Vừa-Vừa', 'stage_2_Nóng-Vừa', 'stage_3_Vừa-Ướt', 'stage_4_Vừa-Ướt', 'stage_5_Vừa-Vừa']",High
Bac Lieu_2000_main_season,2000,"['stage_1_Vừa-Ướt', 'stage_2_Vừa-Ướt', 'stage_3_Vừa-Ướt', 'stage_4_Vừa-Vừa', 'stage_5_Mát-Ướt']",Medium
Bac Lieu_2001_winter_spring,2001,"['stage_1_Mát-Ướt', 'stage_2_Mát-Vừa', 'stage_3_Mát-Khô', 'stage_4_Mát-Khô', 'stage_5_Mát-Khô']",Medium
Bac Lieu_2001_summer_autumn,2001,"['stage_1_Vừa-Ướt', 'stage_2_Nóng-Vừa', 'stage_3_Nóng-Ướt', 'stage_4_Vừa-Ướt', 'stage_5_Nóng-Vừa']",Medium
Bac Lieu_2001_main_season,2001,"['stage_1_Vừa-Ướt', 'stage_2_Vừa-Ướt', 'stage_3_Vừa-Vừa', 'stage_4_Nóng-Vừa', 'stage_5_Vừa-Ướt']",Medium
Bac Lieu_2002_winter_spring,2002,"['stage_1_Mát-Khô', 'stage_2_Mát-Khô', 'stage_3_Mát-Khô', 'stage_4_Mát-Khô', 'stage_5_Mát-Khô']",Medium
Bac Lieu_2002_summer_autumn,2002,"['stage_1_Nóng-Khô', 'stage_2_Nóng-Vừa', 'stage_3_Nóng-Vừa', 'stage_4_Nóng-Vừa', 'stage_5_Nóng-Vừa']",High
Bac Lieu_2002_main_season,2002,"['stage_1_Nóng-Vừa', 'stage_2_Nóng-Ướt', 'stage_3_Nóng-Vừa', 'stage_4_Nóng-Vừa', 'stage_5_Vừa-Vừa']",Low
Bac Lieu_2003_winter_spring,2003,"['stage_1_Mát-Ướt', 'stage_2_Vừa-Khô', 'stage_3_Mát-Khô', 'stage_4_Mát-Khô', 'stage_5_Vừa-Khô']",Low
Bac Lieu_2003_summer_autumn,2003,"['stage_1_Nóng-Khô', 'stage_2_Vừa-Ướt', 'stage_3_Nóng-Vừa', 'stage_4_Vừa-Ướt', 'stage_5_Mát-Ướt']",Medium
Bac Lieu_2003_main_season,2003,"['stage_1_Vừa-Ướt', 'stage_2_Vừa-Vừa', 'stage_3_Vừa-Ướt', 'stage_4_Vừa-Ướt', 'stage_5_Nóng-Vừa']",Low
Bac Lieu_2004_winter_spring,2004,"['stage_1_Mát-Khô', 'stage_2_Mát-Khô', 'stage_3_Mát-Khô', 'stage_4_Mát-Khô', 'stage_5_Mát-Khô']",High
Bac Lieu_2004_summer_autumn,2004,"['stage_1_Nóng-Vừa', 'stage_2_Nóng-Vừa', 'stage_3_Vừa-Ướt', 'stage_4_Nóng-Vừa', 'stage_5_Vừa-Vừa']",High
Bac Lieu_2004_main_season,2004,"['stage_1_Vừa-Ướt', 'stage_2_Vừa-Ướt', 'stage_3_Vừa-Vừa', 'stage_4_Vừa-Ướt', 'stage_5_Vừa-Vừa']",Medium
Bac Lieu_2005_winter_spring,2005,"['stage_1_Mát-Khô', 'stage_2_Mát-Khô', 'stage_3_Mát-Khô', 'stage_4_Mát-Khô', 'stage_5_Vừa-Khô']",High
Bac Lieu_2005_summer_autumn,2005,"['stage_1_Nóng-Khô', 'stage_2_Nóng-Vừa', 'stage_3_Nóng-Ướt', 'stage_4_Nóng-Vừa', 'stage_5_Vừa-Vừa']",High
Bac Lieu_2005_main_season,2005,"['stage_1_Vừa-Ướt', 'stage_2_Nóng-Vừa', 'stage_3_Vừa-Vừa', 'stage_4_Vừa-Vừa', 'stage_5_Nóng-Vừa']",High
Bac Lieu_2006_winter_spring,2006,"['stage_1_Mát-Ướt', 'stage_2_Mát-Ướt', 'stage_3_Mát-Khô', 'stage_4_Mát-Khô', 'stage_5_Nóng-Khô']",High
Bac Lieu_2006_summer_autumn,2006,"['stage_1_Vừa-Vừa', 'stage_2_Vừa-Ướt', 'stage_3_Nóng-Vừa', 'stage_4_Vừa-Ướt', 'stage_5_Nóng-Vừa']",Low
Bac Lieu_2006_main_season,2006,"['stage_1_Vừa-Ướt', 'stage_2_Vừa-Ướt', 'stage_3_Vừa-Ướt', 'stage_4_Vừa-Vừa', 'stage_5_Vừa-Ướt']",Medium
Bac Lieu_2007_winter_spring,2007,"['stage_1_Vừa-Khô', 'stage_2_Vừa-Khô', 'stage_3_Mát-Vừa', 'stage_4_Mát-Khô', 'stage_5_Mát-Khô']",Medium
Bac Lieu_2007_summer_autumn,2007,"['stage_1_Nóng-Ướt', 'stage_2_Nóng-Ướt', 'stage_3_Nóng-Vừa', 'stage_4_Vừa-Ướt', 'stage_5_Vừa-Ướt']",Low
Bac Lieu_2007_main_season,2007,"['stage_1_Vừa-Ướt', 'stage_2_Vừa-Ướt', 'stage_3_Vừa-Ướt', 'stage_4_Vừa-Vừa', 'stage_5_Vừa-Vừa']",High
Bac Lieu_2008_winter_spring,2008,"['stage_1_Mát-Khô', 'stage_2_Mát-Khô', 'stage_3_Mát-Khô', 'stage_4_Vừa-Khô', 'stage_5_Mát-Khô']",High
Bac Lieu_2008_summer_autumn,2008,"['stage_1_Vừa-Ướt', 'stage_2_Vừa-Ướt', 'stage_3_Vừa-Ướt', 'stage_4_Vừa-Vừa', 'stage_5_Vừa-Ướt']",Medium
Bac Lieu_2008_main_season,2008,"['stage_1_Vừa-Ướt', 'stage_2_Vừa-Ướt', 'stage_3_Vừa-Ướt', 'stage_4_Vừa-Ướt', 'stage_5_Vừa-Vừa']",Medium
Bac Lieu_2009_winter_spring,2009,"['stage_1_Mát-Vừa', 'stage_2_Mát-Khô', 'stage_3_Mát-Khô', 'stage_4_Mát-Khô', 'stage_5_Mát-Vừa']",High
Bac Lieu_2009_summer_autumn,2009,"['stage_1_Vừa-Vừa', 'stage_2_Vừa-Ướt', 'stage_3_Nóng-Vừa', 'stage_4_Nóng-Ướt', 'stage_5_Nóng-Ướt']",Low
Bac Lieu_2009_main_season,2009,"['stage_1_Vừa-Ướt', 'stage_2_Nóng-Vừa', 'stage_3_Vừa-Ướt', 'stage_4_Nóng-Vừa', 'stage_5_Nóng-Vừa']",Medium
Bac Lieu_2010_winter_spring,2010,"['stage_1_Mát-Vừa', 'stage_2_Mát-Khô', 'stage_3_Mát-Khô', 'stage_4_Mát-Khô', 'stage_5_Nóng-Khô']",Low
Bac Lieu_2010_summer_autumn,2010,"['stage_1_Nóng-Khô', 'stage_2_Nóng-Vừa', 'stage_3_Nóng-Vừa', 'stage_4_Nóng-Ướt', 'stage_5_Nóng-Ướt']",Medium
Bac Lieu_2010_main_season,2010,"['stage_1_Nóng-Vừa', 'stage_2_Nóng-Ướt', 'stage_3_Nóng-Ướt', 'stage_4_Vừa-Ướt', 'stage_5_Nóng-Vừa']",Medium
Bac Lieu_2011_winter_spring,2011,"['stage_1_Mát-Ướt', 'stage_2_Mát-Khô', 'stage_3_Mát-Khô', 'stage_4_Mát-Khô', 'stage_5_Mát-Khô']",High
Bac Lieu_2011_summer_autumn,2011,"['stage_1_Vừa-Vừa', 'stage_2_Nóng-Vừa', 'stage_3_Nóng-Vừa', 'stage_4_Nóng-Ướt', 'stage_5_Nóng-Vừa']",High
Bac Lieu_2011_main_season,2011,"['stage_1_Vừa-Ướt', 'stage_2_Vừa-Ướt', 'stage_3_Vừa-Vừa', 'stage_4_Nóng-Vừa', 'stage_5_Vừa-Ướt']",Medium
Bac Lieu_2012_winter_spring,2012,"['stage_1_Mát-Khô', 'stage_2_Mát-Khô', 'stage_3_Mát-Khô', 'stage_4_Mát-Khô', 'stage_5_Mát-Khô']",Medium
Bac Lieu_2012_summer_autumn,2012,"['stage_1_Nóng-Vừa', 'stage_2_Vừa-Ướt', 'stage_3_Nóng-Vừa', 'stage_4_Nóng-Vừa', 'stage_5_Nóng-Vừa']",High
Bac Lieu_2012_main_season,2012,"['stage_1_Vừa-Ướt', 'stage_2_Nóng-Vừa', 'stage_3_Vừa-Ướt', 'stage_4_Nóng-Vừa', 'stage_5_Nóng-Vừa']",High
Bac Lieu_2013_winter_spring,2013,"['stage_1_Mát-Ướt', 'stage_2_Vừa-Khô', 'stage_3_Mát-Vừa', 'stage_4_Mát-Khô', 'stage_5_Vừa-Khô']",High
Bac Lieu_2013_summer_autumn,2013,"['stage_1_Vừa-Vừa', 'stage_2_Nóng-Ướt', 'stage_3_Nóng-Ướt', 'stage_4_Nóng-Ướt', 'stage_5_Vừa-Ướt']",High
Bac Lieu_2013_main_season,2013,"['stage_1_Vừa-Ướt', 'stage_2_Vừa-Ướt', 'stage_3_Vừa-Ướt', 'stage_4_Vừa-Ướt', 'stage_5_Nóng-Vừa']",Medium
Bac Lieu_2014_winter_spring,2014,"['stage_1_Mát-Ướt', 'stage_2_Mát-Khô', 'stage_3_Mát-Khô', 'stage_4_Mát-Khô', 'stage_5_Mát-Khô']",High
Bac Lieu_2014_summer_autumn,2014,"['stage_1_Nóng-Khô', 'stage_2_Nóng-Vừa', 'stage_3_Nóng-Ướt', 'stage_4_Nóng-Vừa', 'stage_5_Nóng-Ướt']",Medium
Bac Lieu_2014_main_season,2014,"['stage_1_Nóng-Ướt', 'stage_2_Nóng-Ướt', 'stage_3_Nóng-Ướt', 'stage_4_Nóng-Vừa', 'stage_5_Nóng-Vừa']",Medium
Bac Lieu_2015_winter_spring,2015,"['stage_1_Vừa-Vừa', 'stage_2_Mát-Khô', 'stage_3_Mát-Khô', 'stage_4_Mát-Khô', 'stage_5_Mát-Khô']",High
Bac Lieu_2015_summer_autumn,2015,"['stage_1_Nóng-Khô', 'stage_2_Nóng-Khô', 'stage_3_Nóng-Vừa', 'stage_4_Nóng-Vừa', 'stage_5_Nóng-Vừa']",High
Bac Lieu_2015_main_season,2015,"['stage_1_Nóng-Vừa', 'stage_2_Nóng-Vừa', 'stage_3_Nóng-Vừa', 'stage_4_Nóng-Vừa', 'stage_5_Nóng-Ướt']",Low
Bac Lieu_2016_winter_spring,2016,"['stage_1_Vừa-Vừa', 'stage_2_Vừa-Khô', 'stage_3_Vừa-Khô', 'stage_4_Nóng-Khô', 'stage_5_Vừa-Khô']",Low
Bac Lieu_2016_summer_autumn,2016,"['stage_1_Nóng-Khô', 'stage_2_Nóng-Vừa', 'stage_3_Nóng-Vừa', 'stage_4_Nóng-Vừa', 'stage_5_Nóng-Ướt']",High
Bac Lieu_2016_main_season,2016,"['stage_1_Nóng-Ướt', 'stage_2_Nóng-Vừa', 'stage_3_Nóng-Vừa', 'stage_4_Nóng-Vừa', 'stage_5_Nóng-Vừa']",Low
Bac Lieu_2017_winter_spring,2017,"['stage_1_Mát-Ướt', 'stage_2_Mát-Vừa', 'stage_3_Vừa-Khô', 'stage_4_Mát-Vừa', 'stage_5_Mát-Khô']",Medium
Bac Lieu_2017_summer_autumn,2017,"['stage_1_Nóng-Khô', 'stage_2_Nóng-Ướt', 'stage_3_Nóng-Ướt', 'stage_4_Nóng-Ướt', 'stage_5_Vừa-Ướt']",Medium
Bac Lieu_2017_main_season,2017,"['stage_1_Vừa-Ướt', 'stage_2_Vừa-Ướt', 'stage_3_Vừa-Ướt', 'stage_4_Vừa-Ướt', 'stage_5_Mát-Ướt']",Low
Bac Lieu_2018_winter_spring,2018,"['stage_1_Vừa-Vừa', 'stage_2_Mát-Khô', 'stage_3_Mát-Khô', 'stage_4_Mát-Khô', 'stage_5_Mát-Khô']",Medium
Bac Lieu_2018_summer_autumn,2018,"['stage_1_Nóng-Khô', 'stage_2_Nóng-Vừa', 'stage_3_Nóng-Vừa', 'stage_4_Nóng-Ướt', 'stage_5_Vừa-Ướt']",Medium
Bac Lieu_2018_main_season,2018,"['stage_1_Vừa-Ướt', 'stage_2_Nóng-Vừa', 'stage_3_Vừa-Ướt', 'stage_4_Nóng-Vừa', 'stage_5_Nóng-Vừa']",Low
Bac Lieu_2019_winter_spring,2019,"['stage_1_Vừa-Vừa', 'stage_2_Vừa-Vừa', 'stage_3_Mát-Vừa', 'stage_4_Mát-Khô', 'stage_5_Vừa-Khô']",Medium
Bac Lieu_2019_summer_autumn,2019,"['stage_1_Nóng-Khô', 'stage_2_Nóng-Vừa', 'stage_3_Nóng-Ướt', 'stage_4_Nóng-Ướt', 'stage_5_Nóng-Ướt']",Medium
Bac Lieu_2019_main_season,2019,"['stage_1_Nóng-Vừa', 'stage_2_Vừa-Ướt', 'stage_3_Nóng-Vừa', 'stage_4_Vừa-Ướt', 'stage_5_Nóng-Ướt']",Low
Bac Lieu_2020_winter_spring,2020,"['stage_1_Vừa-Khô', 'stage_2_Mát-Khô', 'stage_3_Nóng-Khô', 'stage_4_Vừa-Khô', 'stage_5_Vừa-Khô']",Medium
Bac Lieu_2020_summer_autumn,2020,"['stage_1_Nóng-Khô', 'stage_2_Nóng-Khô', 'stage_3_Nóng-Ướt', 'stage_4_Vừa-Ướt', 'stage_5_Nóng-Ướt']",Low
Bac Lieu_2020_main_season,2020,"['stage_1_Nóng-Vừa', 'stage_2_Vừa-Ướt', 'stage_3_Vừa-Ướt', 'stage_4_Nóng-Vừa', 'stage_5_Nóng-Ướt']",High
Bac Lieu_2021_winter_spring,2021,"['stage_1_Mát-Vừa', 'stage_2_Mát-Vừa', 'stage_3_Mát-Khô', 'stage_4_Mát-Khô', 'stage_5_Mát-Khô']",Low
Bac Lieu_2021_summer_autumn,2021,"['stage_1_Vừa-Ướt', 'stage_2_Nóng-Vừa', 'stage_3_Nóng-Vừa', 'stage_4_Nóng-Vừa', 'stage_5_Nóng-Ướt']",Medium
Bac Lieu_2021_main_season,2021,"['stage_1_Vừa-Ướt', 'stage_2_Nóng-Vừa', 'stage_3_Vừa-Ướt', 'stage_4_Nóng-Vừa', 'stage_5_Nóng-Ướt']",High
Bac Lieu_2022_winter_spring,2022,"['stage_1_Mát-Ướt', 'stage_2_Mát-Khô', 'stage_3_Vừa-Khô', 'stage_4_Mát-Khô', 'stage_5_Nóng-Khô']",Low
Bac Lieu_2022_summer_autumn,2022,"['stage_1_Vừa-Vừa', 'stage_2_Nóng-Ướt', 'stage_3_Nóng-Ướt', 'stage_4_Nóng-Ướt', 'stage_5_Vừa-Ướt']",Low
Bac Lieu_2022_main_season,2022,"['stage_1_Vừa-Ướt', 'stage_2_Nóng-Vừa', 'stage_3_Vừa-Ướt', 'stage_4_Vừa-Vừa', 'stage_5_Vừa-Ướt']",High
Bac Lieu_2023_winter_spring,2023,"['stage_1_Mát-Ướt', 'stage_2_Mát-Khô', 'stage_3_Mát-Vừa', 'stage_4_Mát-Khô', 'stage_5_Mát-Khô']",Low
Bac Lieu_2023_summer_autumn,2023,"['stage_1_Nóng-Khô', 'stage_2_Nóng-Ướt', 'stage_3_Nóng-Vừa', 'stage_4_Nóng-Ướt', 'stage_5_Vừa-Ướt']",Medium
Bac Lieu_2023_main_season,2023,"['stage_1_Nóng-Ướt', 'stage_2_Nóng-Ướt', 'stage_3_Nóng-Ướt', 'stage_4_Vừa-Ướt', 'stage_5_Nóng-Vừa']",High
Bac Lieu_2024_winter_spring,2024,"['stage_1_Mát-Vừa', 'stage_2_Vừa-Khô', 'stage_3_Vừa-Khô', 'stage_4_Vừa-Khô', 'stage_5_Nóng-Khô']",Low
Bac Lieu_2024_summer_autumn,2024,"['stage_1_Nóng-Khô', 'stage_2_Nóng-Vừa', 'stage_3_Nóng-Vừa', 'stage_4_Nóng-Ướt', 'stage_5_Nóng-Ướt']",Medium
Bac Lieu_2024_main_season,2024,"['stage_1_Nóng-Vừa', 'stage_2_Nóng-Vừa', 'stage_3_Vừa-Ướt', 'stage_4_Nóng-Ướt', 'stage_5_Nóng-Ướt']",High
Ca Mau_1995_summer_autumn,1995,"['stage_1_Nóng-Khô', 'stage_2_Nóng-Khô', 'stage_3_Nóng-Vừa', 'stage_4_Nóng-Ướt', 'stage_5_Vừa-Ướt']",High
Ca Mau_1995_main_season,1995,"['stage_1_Nóng-Vừa', 'stage_2_Nóng-Ướt', 'stage_3_Vừa-Ướt', 'stage_4_Vừa-Ướt', 'stage_5_Mát-Ướt']",Low
Ca Mau_1996_summer_autumn,1996,"['stage_1_Vừa-Ướt', 'stage_2_Vừa-Vừa', 'stage_3_Vừa-Ướt', 'stage_4_Nóng-Ướt', 'stage_5_Vừa-Ướt']",Low
Ca Mau_1996_main_season,1996,"['stage_1_Vừa-Vừa', 'stage_2_Vừa-Ướt', 'stage_3_Vừa-Ướt', 'stage_4_Vừa-Ướt', 'stage_5_Vừa-Ướt']",Medium
Ca Mau_1997_winter_spring,1997,"['stage_1_Mát-Ướt', 'stage_2_Mát-Vừa', 'stage_3_Mát-Khô', 'stage_4_Mát-Khô', 'stage_5_Mát-Khô']",High
Ca Mau_1997_summer_autumn,1997,"['stage_1_Nóng-Khô', 'stage_2_Nóng-Vừa', 'stage_3_Nóng-Vừa', 'stage_4_Nóng-Ướt', 'stage_5_Mát-Ướt']",Medium
Ca Mau_1997_main_season,1997,"['stage_1_Vừa-Ướt', 'stage_2_Vừa-Vừa', 'stage_3_Vừa-Ướt', 'stage_4_Vừa-Ướt', 'stage_5_Vừa-Ướt']",Low
Ca Mau_1998_winter_spring,1998,"['stage_1_Mát-Khô', 'stage_2_Vừa-Khô', 'stage_3_Nóng-Khô', 'stage_4_Nóng-Khô', 'stage_5_Nóng-Khô']",Low
Ca Mau_1998_summer_autumn,1998,"['stage_1_Nóng-Khô', 'stage_2_Nóng-Vừa', 'stage_3_Nóng-Ướt', 'stage_4_Nóng-Ướt', 'stage_5_Nóng-Ướt']",Low
Ca Mau_1998_main_season,1998,"['stage_1_Nóng-Ướt', 'stage_2_Vừa-Ướt', 'stage_3_Nóng-Ướt', 'stage_4_Nóng-Ướt', 'stage_5_Nóng-Ướt']",Medium
Ca Mau_1999_winter_spring,1999,"['stage_1_Mát-Ướt', 'stage_2_Mát-Ướt', 'stage_3_Mát-Khô', 'stage_4_Mát-Khô', 'stage_5_Mát-Khô']",High
Ca Mau_1999_summer_autumn,1999,"['stage_1_Mát-Ướt', 'stage_2_Vừa-Ướt', 'stage_3_Vừa-Ướt', 'stage_4_Mát-Vừa', 'stage_5_Mát-Vừa']",Medium
Ca Mau_1999_main_season,1999,"['stage_1_Mát-Ướt', 'stage_2_Mát-Vừa', 'stage_3_Mát-Ướt', 'stage_4_Vừa-Vừa', 'stage_5_Vừa-Vừa']",High
Ca Mau_2000_winter_spring,2000,"['stage_1_Mát-Ướt', 'stage_2_Mát-Khô', 'stage_3_Mát-Khô', 'stage_4_Mát-Khô', 'stage_5_Mát-Vừa']",High
Ca Mau_2000_summer_autumn,2000,"['stage_1_Vừa-Ướt', 'stage_2_Vừa-Ướt', 'stage_3_Vừa-Ướt', 'stage_4_Mát-Ướt', 'stage_5_Vừa-Vừa']",High
Ca Mau_2000_main_season,2000,"['stage_1_Vừa-Ướt', 'stage_2_Mát-Ướt', 'stage_3_Vừa-Ướt', 'stage_4_Vừa-Vừa', 'stage_5_Mát-Ướt']",Medium
Ca Mau_2001_winter_spring,2001,"['stage_1_Mát-Vừa', 'stage_2_Mát-Vừa', 'stage_3_Mát-Khô', 'stage_4_Mát-Khô', 'stage_5_Mát-Vừa']",High
Ca Mau_2001_summer_autumn,2001,"['stage_1_Vừa-Vừa', 'stage_2_Nóng-Vừa', 'stage_3_Nóng-Ướt', 'stage_4_Mát-Ướt', 'stage_5_Nóng-Vừa']",Low
Ca Mau_2001_main_season,2001,"['stage_1_Vừa-Ướt', 'stage_2_Mát-Ướt', 'stage_3_Vừa-Vừa', 'stage_4_Nóng-Vừa', 'stage_5_Vừa-Ướt']",Medium
Ca Mau_2002_winter_spring,2002,"['stage_1_Mát-Khô', 'stage_2_Mát-Khô', 'stage_3_Mát-Khô', 'stage_4_Vừa-Khô', 'stage_5_Vừa-Khô']",Low
Ca Mau_2002_summer_autumn,2002,"['stage_1_Nóng-Khô', 'stage_2_Nóng-Vừa', 'stage_3_Nóng-Ướt', 'stage_4_Nóng-Vừa', 'stage_5_Nóng-Vừa']",Low
Ca Mau_2002_main_season,2002,"['stage_1_Nóng-Vừa', 'stage_2_Vừa-Ướt', 'stage_3_Nóng-Vừa', 'stage_4_Nóng-Vừa', 'stage_5_Vừa-Ướt']",Medium
Ca Mau_2003_summer_autumn,2003,"['stage_1_Nóng-Khô', 'stage_2_Vừa-Ướt', 'stage_3_Nóng-Vừa', 'stage_4_Vừa-Ướt', 'stage_5_Mát-Ướt']",Low
Ca Mau_2003_main_season,2003,"['stage_1_Vừa-Ướt', 'stage_2_Vừa-Vừa', 'stage_3_Mát-Ướt', 'stage_4_Vừa-Ướt', 'stage_5_Nóng-Vừa']",Medium
Ca Mau_2004_summer_autumn,2004,"['stage_1_Nóng-Vừa', 'stage_2_Nóng-Vừa', 'stage_3_Vừa-Ướt', 'stage_4_Nóng-Vừa', 'stage_5_Vừa-Ướt']",Medium
Ca Mau_2004_main_season,2004,"['stage_1_Vừa-Ướt', 'stage_2_Vừa-Ướt', 'stage_3_Vừa-Ướt', 'stage_4_Mát-Ướt', 'stage_5_Vừa-Vừa']",Low
Ca Mau_2005_summer_autumn,2005,"['stage_1_Nóng-Khô', 'stage_2_Nóng-Ướt', 'stage_3_Nóng-Ướt', 'stage_4_Nóng-Ướt', 'stage_5_Vừa-Ướt']",High
Ca Mau_2005_main_season,2005,"['stage_1_Vừa-Ướt', 'stage_2_Nóng-Vừa', 'stage_3_Vừa-Ướt', 'stage_4_Vừa-Ướt', 'stage_5_Nóng-Vừa']",Medium
Ca Mau_2006_summer_autumn,2006,"['stage_1_Vừa-Ướt', 'stage_2_Vừa-Ướt', 'stage_3_Vừa-Ướt', 'stage_4_Mát-Ướt', 'stage_5_Vừa-Vừa']",Low
Ca Mau_2006_main_season,2006,"['stage_1_Mát-Ướt', 'stage_2_Mát-Ướt', 'stage_3_Vừa-Ướt', 'stage_4_Vừa-Vừa', 'stage_5_Mát-Ướt']",Medium
Ca Mau_2007_summer_autumn,2007,"['stage_1_Vừa-Ướt', 'stage_2_Vừa-Ướt', 'stage_3_Nóng-Ướt', 'stage_4_Vừa-Ướt', 'stage_5_Vừa-Ướt']",Low
Ca Mau_2007_main_season,2007,"['stage_1_Vừa-Ướt', 'stage_2_Vừa-Ướt', 'stage_3_Vừa-Ướt', 'stage_4_Vừa-Ướt', 'stage_5_Vừa-Vừa']",Medium
Ca Mau_2008_summer_autumn,2008,"['stage_1_Vừa-Ướt', 'stage_2_Mát-Ướt', 'stage_3_Vừa-Ướt', 'stage_4_Vừa-Ướt', 'stage_5_Vừa-Ướt']",Low
Ca Mau_2008_main_season,2008,"['stage_1_Vừa-Ướt', 'stage_2_Vừa-Ướt', 'stage_3_Vừa-Ướt', 'stage_4_Vừa-Ướt', 'stage_5_Vừa-Ướt']",High
Ca Mau_2009_summer_autumn,2009,"['stage_1_Vừa-Ướt', 'stage_2_Vừa-Ướt', 'stage_3_Nóng-Vừa', 'stage_4_Nóng-Vừa', 'stage_5_Vừa-Ướt']",Low
Ca Mau_2009_main_season,2009,"['stage_1_Vừa-Ướt', 'stage_2_Nóng-Vừa', 'stage_3_Vừa-Ướt', 'stage_4_Vừa-Ướt', 'stage_5_Nóng-Ướt']",Medium
Ca Mau_2010_summer_autumn,2010,"['stage_1_Nóng-Khô', 'stage_2_Nóng-Vừa', 'stage_3_Nóng-Ướt', 'stage_4_Nóng-Ướt', 'stage_5_Nóng-Ướt']",Medium
Ca Mau_2010_main_season,2010,"['stage_1_Nóng-Ướt', 'stage_2_Vừa-Ướt', 'stage_3_Vừa-Ướt', 'stage_4_Vừa-Ướt', 'stage_5_Nóng-Ướt']",High
Ca Mau_2011_summer_autumn,2011,"['stage_1_Vừa-Ướt', 'stage_2_Nóng-Ướt', 'stage_3_Vừa-Ướt', 'stage_4_Nóng-Ướt', 'stage_5_Nóng-Vừa']",High
Ca Mau_2011_main_season,2011,"['stage_1_Vừa-Ướt', 'stage_2_Vừa-Ướt', 'stage_3_Vừa-Ướt', 'stage_4_Vừa-Vừa', 'stage_5_Vừa-Ướt']",High
Ca Mau_2012_summer_autumn,2012,"['stage_1_Vừa-Vừa', 'stage_2_Vừa-Ướt', 'stage_3_Nóng-Vừa', 'stage_4_Nóng-Vừa', 'stage_5_Vừa-Ướt']",High
Ca Mau_2012_main_season,2012,"['stage_1_Vừa-Ướt', 'stage_2_Nóng-Vừa', 'stage_3_Mát-Ướt', 'stage_4_Vừa-Vừa', 'stage_5_Vừa-Vừa']",High
Ca Mau_2013_summer_autumn,2013,"['stage_1_Vừa-Ướt', 'stage_2_Nóng-Ướt', 'stage_3_Vừa-Ướt', 'stage_4_Nóng-Ướt', 'stage_5_Mát-Ướt']",High
Ca Mau_2013_main_season,2013,"['stage_1_Vừa-Ướt', 'stage_2_Vừa-Ướt', 'stage_3_Vừa-Ướt', 'stage_4_Vừa-Ướt', 'stage_5_Vừa-Vừa']",High
Ca Mau_2014_summer_autumn,2014,"['stage_1_Nóng-Vừa', 'stage_2_Nóng-Ướt', 'stage_3_Nóng-Ướt', 'stage_4_Nóng-Vừa', 'stage_5_Vừa-Vừa']",Medium
Ca Mau_2014_main_season,2014,"['stage_1_Vừa-Ướt', 'stage_2_Nóng-Ướt', 'stage_3_Vừa-Ướt', 'stage_4_Vừa-Vừa', 'stage_5_Vừa-Ướt']",High
Ca Mau_2015_summer_autumn,2015,"['stage_1_Nóng-Khô', 'stage_2_Nóng-Vừa', 'stage_3_Nóng-Ướt', 'stage_4_Nóng-Vừa', 'stage_5_Nóng-Vừa']",Low
Ca Mau_2015_main_season,2015,"['stage_1_Nóng-Vừa', 'stage_2_Nóng-Ướt', 'stage_3_Nóng-Vừa', 'stage_4_Nóng-Vừa', 'stage_5_Vừa-Ướt']",Low
Ca Mau_2016_summer_autumn,2016,"['stage_1_Nóng-Khô', 'stage_2_Nóng-Vừa', 'stage_3_Nóng-Ướt', 'stage_4_Nóng-Ướt', 'stage_5_Nóng-Ướt']",Medium
Ca Mau_2016_main_season,2016,"['stage_1_Vừa-Ướt', 'stage_2_Nóng-Ướt', 'stage_3_Nóng-Ướt', 'stage_4_Vừa-Ướt', 'stage_5_Nóng-Vừa']",Medium
Ca Mau_2017_winter_spring,2017,"['stage_1_Mát-Ướt', 'stage_2_Mát-Vừa', 'stage_3_Vừa-Khô', 'stage_4_Mát-Vừa', 'stage_5_Mát-Vừa']",Low
Ca Mau_2017_summer_autumn,2017,"['stage_1_Nóng-Vừa', 'stage_2_Nóng-Ướt', 'stage_3_Nóng-Ướt', 'stage_4_Nóng-Ướt', 'stage_5_Vừa-Ướt']",Low
Ca Mau_2017_main_season,2017,"['stage_1_Vừa-Ướt', 'stage_2_Vừa-Ướt', 'stage_3_Vừa-Vừa', 'stage_4_Vừa-Ướt', 'stage_5_Mát-Ướt']",Medium
Ca Mau_2018_summer_autumn,2018,"['stage_1_Nóng-Vừa', 'stage_2_Nóng-Vừa', 'stage_3_Nóng-Ướt', 'stage_4_Nóng-Vừa', 'stage_5_Nóng-Ướt']",Low
Ca Mau_2018_main_season,2018,"['stage_1_Vừa-Ướt', 'stage_2_Vừa-Vừa', 'stage_3_Vừa-Ướt', 'stage_4_Nóng-Vừa', 'stage_5_Nóng-Ướt']",High
Ca Mau_2019_winter_spring,2019,"['stage_1_Vừa-Vừa', 'stage_2_Vừa-Vừa', 'stage_3_Mát-Vừa', 'stage_4_Mát-Khô', 'stage_5_Nóng-Khô']",Medium
Ca Mau_2019_summer_autumn,2019,"['stage_1_Nóng-Khô', 'stage_2_Nóng-Vừa', 'stage_3_Nóng-Ướt', 'stage_4_Nóng-Ướt', 'stage_5_Nóng-Ướt']",High
Ca Mau_2019_main_season,2019,"['stage_1_Vừa-Ướt', 'stage_2_Vừa-Ướt', 'stage_3_Nóng-Vừa', 'stage_4_Nóng-Ướt', 'stage_5_Nóng-Ướt']",Medium
Ca Mau_2020_winter_spring,2020,"['stage_1_Mát-Khô', 'stage_2_Mát-Khô', 'stage_3_Nóng-Khô', 'stage_4_Vừa-Khô', 'stage_5_Nóng-Khô']",High
Ca Mau_2020_summer_autumn,2020,"['stage_1_Nóng-Khô', 'stage_2_Nóng-Vừa', 'stage_3_Nóng-Ướt', 'stage_4_Vừa-Ướt', 'stage_5_Nóng-Ướt']",Low
Ca Mau_2020_main_season,2020,"['stage_1_Nóng-Ướt', 'stage_2_Vừa-Ướt', 'stage_3_Vừa-Ướt', 'stage_4_Nóng-Ướt', 'stage_5_Nóng-Vừa']",Low
Ca Mau_2021_winter_spring,2021,"['stage_1_Mát-Vừa', 'stage_2_Mát-Vừa', 'stage_3_Mát-Khô', 'stage_4_Mát-Khô', 'stage_5_Mát-Khô']",High
Ca Mau_2021_summer_autumn,2021,"['stage_1_Vừa-Ướt', 'stage_2_Nóng-Ướt', 'stage_3_Nóng-Vừa', 'stage_4_Nóng-Vừa', 'stage_5_Nóng-Ướt']",High
Ca Mau_2021_main_season,2021,"['stage_1_Vừa-Ướt', 'stage_2_Vừa-Vừa', 'stage_3_Vừa-Ướt', 'stage_4_Nóng-Vừa', 'stage_5_Nóng-Ướt']",Low
Ca Mau_2022_winter_spring,2022,"['stage_1_Mát-Ướt', 'stage_2_Mát-Khô', 'stage_3_Vừa-Khô', 'stage_4_Vừa-Khô', 'stage_5_Nóng-Vừa']",High
Ca Mau_2022_summer_autumn,2022,"['stage_1_Vừa-Ướt', 'stage_2_Nóng-Vừa', 'stage_3_Nóng-Vừa', 'stage_4_Nóng-Ướt', 'stage_5_Vừa-Ướt']",Medium
Ca Mau_2022_main_season,2022,"['stage_1_Vừa-Ướt', 'stage_2_Nóng-Vừa', 'stage_3_Vừa-Ướt', 'stage_4_Vừa-Ướt', 'stage_5_Vừa-Vừa']",High
Ca Mau_2023_winter_spring,2023,"['stage_1_Mát-Ướt', 'stage_2_Mát-Khô', 'stage_3_Mát-Vừa', 'stage_4_Mát-Vừa', 'stage_5_Mát-Vừa']",High
Ca Mau_2023_summer_autumn,2023,"['stage_1_Nóng-Vừa', 'stage_2_Nóng-Ướt', 'stage_3_Nóng-Ướt', 'stage_4_Nóng-Ướt', 'stage_5_Vừa-Ướt']",High
Ca Mau_2023_main_season,2023,"['stage_1_Nóng-Ướt', 'stage_2_Nóng-Vừa', 'stage_3_Nóng-Ướt', 'stage_4_Vừa-Ướt', 'stage_5_Nóng-Vừa']",High
Ca Mau_2024_winter_spring,2024,"['stage_1_Mát-Vừa', 'stage_2_Vừa-Khô', 'stage_3_Vừa-Khô', 'stage_4_Nóng-Khô', 'stage_5_Nóng-Khô']",High
Ca Mau_2024_summer_autumn,2024,"['stage_1_Nóng-Khô', 'stage_2_Nóng-Vừa', 'stage_3_Nóng-Vừa', 'stage_4_Nóng-Ướt', 'stage_5_Vừa-Ướt']",High
Ca Mau_2024_main_season,2024,"['stage_1_Nóng-Ướt', 'stage_2_Nóng-Ướt', 'stage_3_Vừa-Ướt', 'stage_4_Nóng-Ướt', 'stage_5_Nóng-Ướt']",High
