id_vụ,year,yield_class,yield_class_encoded,stage_1_count_heat_days,stage_1_avg_et0,stage_2_count_heat_days,stage_2_avg_et0,stage_3_avg_et0,stage_4_avg_temp,stage_4_total_precip,stage_4_avg_et0,stage_5_total_precip,stage_5_avg_et0,pat_001__stage_2_Mát-Khô__stage_4_Mát-Khô,pat_005__stage_5_Mát-Vừa,pat_009__stage_1_Mát-Khô__stage_2_Mát-Khô__stage_3_Mát-Khô,pat_014__stage_2_Vừa-Ướt__stage_5_Vừa-Vừa,pat_016__stage_2_Mát-Khô__stage_3_Mát-Khô,pat_018__stage_1_Mát-Khô__stage_3_Mát-Khô,pat_023__stage_1_Mát-Ướt,pat_025__stage_4_Vừa-Vừa__stage_5_Vừa-Vừa,pat_026__stage_1_Mát-Khô__stage_2_Mát-Khô,pat_029__stage_2_Mát-Khô__stage_3_Mát-Khô__stage_4_Mát-Khô
Long An_1995_winter_spring,1995,Low,1,0.0,4.051189309074765,0.0,3.765020046234131,4.36910400390625,26.43908338546753,22.299999043345455,4.47525384426117,0.7000000178813934,5.1763694381713865,0.0,0.0,0.0,0.0,0.0,0.0,0.0,0.0,0.0,0.0
Tien Giang_1995_winter_spring,1995,Medium,2,0.0,4.005243834995088,0.0,3.6624737405776977,4.252577416102091,25.91870861053467,11.90000019222498,4.551205182075501,0.9000000208616257,5.039116516113281,1.0,0.0,1.0,0.0,1.0,1.0,0.0,0.0,1.0,1.0
Tien Giang_1995_summer_autumn,1995,Medium,2,0.0,5.5317510196140836,1.0,4.7126126480102535,4.317402362823486,26.98985357284546,214.79999923706055,3.7068896889686584,197.49999737739563,3.644486894607544,0.0,1.0,0.0,0.0,0.0,0.0,0.0,0.0,0.0,0.0
Tien Giang_1995_main_season,1995,High,0,0.0,4.640637636184692,0.0,3.892976484298706,3.67579820950826,26.358498954772948,146.89999997615814,3.702457582950592,307.9999920129776,3.430181107521057,0.0,0.0,0.0,0.0,0.0,0.0,0.0,0.0,0.0,0.0
Bac Lieu_1995_main_season,1995,High,0,0.0,4.7202239717756,0.0,3.928601036071777,3.892465416590373,26.645395374298097,186.0000038146973,3.650374007225037,249.20000088214871,3.422643585205078,0.0,0.0,0.0,0.0,0.0,0.0,0.0,0.0,0.0,0.0
Bac Lieu_1995_summer_autumn,1995,Low,1,0.0,5.748090698605492,0.0,4.889773273468018,4.430950816472372,27.39622802734375,166.09999668598175,3.6603725075721742,225.59999918937683,3.732388677597046,0.0,0.0,0.0,0.0,0.0,0.0,0.0,0.0,0.0,0.0
Ben Tre_1995_winter_spring,1995,Low,1,0.0,3.925649438585554,0.0,3.6089537000656127,4.154909722010294,25.790019989013672,11.90000019222498,4.440549790859222,0.9000000208616257,4.90453685760498,1.0,0.0,1.0,0.0,1.0,1.0,0.0,0.0,1.0,1.0
Ben Tre_1995_summer_autumn,1995,Medium,2,0.0,5.4214710508074075,0.0,4.686173057556152,4.313544511795044,27.020540142059325,214.79999923706055,3.688815915584564,197.49999737739563,3.6347737216949465,0.0,1.0,0.0,0.0,0.0,0.0,0.0,0.0,0.0,0.0
Ben Tre_1995_main_season,1995,Medium,2,0.0,4.630853380475726,0.0,3.881080369949341,3.6675300121307375,26.410853576660156,146.89999997615814,3.689230096340179,307.9999920129776,3.420892992019654,0.0,0.0,0.0,0.0,0.0,0.0,0.0,0.0,0.0,0.0
Soc Trang_1995_main_season,1995,Medium,2,0.0,4.6322560878027055,0.0,3.8174484729766847,3.8305862744649257,26.331582927703856,147.8999969959259,3.5764413714408874,244.80000495910645,3.401596121788025,0.0,0.0,0.0,0.0,0.0,0.0,0.0,0.0,0.0,0.0
Soc Trang_1995_summer_autumn,1995,High,0,0.0,5.63556702931722,0.0,4.816165752410889,4.300848706563314,27.067105102539063,177.2000040113926,3.578030633926391,203.499996304512,3.6483046054840087,0.0,1.0,0.0,0.0,0.0,0.0,0.0,0.0,0.0,0.0
Tra Vinh_1995_winter_spring,1995,High,0,0.0,4.029779502323696,0.0,3.6604596519470216,4.321068827311198,25.817541694641115,9.299999475479128,4.61431587934494,0.8000000193715096,4.964673862457276,1.0,0.0,1.0,0.0,1.0,1.0,0.0,0.0,1.0,1.0
Tra Vinh_1995_summer_autumn,1995,High,0,0.0,5.462800184885661,0.0,4.7291514015197755,4.317940346399943,27.03493776321411,227.99999737739563,3.656101107597351,204.10000121593475,3.668370189666748,0.0,1.0,0.0,0.0,0.0,0.0,0.0,0.0,0.0,0.0
Tra Vinh_1995_main_season,1995,Low,1,0.0,4.6257423105694,0.0,3.8646850204467778,3.742430798212687,26.423999118804932,156.50000095367432,3.6905009746551514,297.49999368190765,3.463660297393799,0.0,0.0,0.0,0.0,0.0,0.0,0.0,0.0,0.0,0.0
Can Tho_1995_main_season,1995,High,0,0.0,4.5785628613971525,0.0,3.782746429443359,3.665407387415568,26.344143676757813,129.6999985948205,3.5054110646247865,322.90000569820404,3.2455021858215334,0.0,0.0,0.0,0.0,0.0,0.0,0.0,0.0,0.0,0.0
Can Tho_1995_summer_autumn,1995,High,0,9.0,5.705951077597482,2.0,4.687468023300171,4.232383410135905,27.085915565490723,163.800000526011,3.5893021702766417,158.10000178962946,3.5428785610198976,0.0,1.0,0.0,0.0,0.0,0.0,0.0,0.0,0.0,0.0
Can Tho_1995_winter_spring,1995,Low,1,0.0,3.8405465398515974,0.0,3.556115536689758,4.105513509114584,25.986540603637696,5.800000049173832,4.55648193359375,0.3000000044703483,4.979325065612793,1.0,0.0,1.0,0.0,1.0,1.0,0.0,0.0,1.0,1.0
Kien Giang_1995_main_season,1995,High,0,0.0,4.794806616646903,0.0,3.926319732666016,3.811033042271932,26.603459072113036,201.6999990940094,3.557373356819153,355.9000056385994,3.4197054433822633,0.0,0.0,0.0,0.0,0.0,0.0,0.0,0.0,0.0,0.0
Kien Giang_1995_summer_autumn,1995,High,0,10.0,5.626023133595784,2.0,4.849895238876343,4.310999075571696,27.54002151489258,122.49999809265135,3.8299150347709654,216.10000026226044,3.6338844203948977,0.0,0.0,0.0,0.0,0.0,0.0,0.0,0.0,0.0,0.0
Kien Giang_1995_winter_spring,1995,High,0,0.0,3.8481900578453425,0.0,3.68424979686737,4.207191530863444,26.19897871017456,8.000000029802322,4.455449748039245,3.000000037252903,4.995009937286377,1.0,0.0,1.0,0.0,1.0,1.0,0.0,0.0,1.0,1.0
Vinh Long_1995_winter_spring,1995,Low,1,0.0,3.90278528985523,0.0,3.6023179578781126,4.180505021413167,26.07287521362305,11.699999906122684,4.500964820384979,0.1000000014901161,5.050092029571533,1.0,0.0,1.0,0.0,1.0,1.0,0.0,0.0,1.0,1.0
Vinh Long_1995_summer_autumn,1995,High,0,8.0,5.6364088285537,2.0,4.661264600753785,4.225005563100179,27.09412431716919,179.30000483989716,3.6536269307136537,199.3000054359436,3.5529279327392578,0.0,1.0,0.0,0.0,0.0,0.0,0.0,0.0,0.0,0.0
Vinh Long_1995_main_season,1995,Medium,2,0.0,4.584474211647397,0.0,3.8236152744293217,3.626605049769083,26.373812866210937,160.50000596046448,3.570076584815979,285.29999566078186,3.3191910362243653,0.0,0.0,0.0,0.0,0.0,0.0,0.0,0.0,0.0,0.0
An Giang_1995_main_season,1995,Low,1,0.0,4.88409484000433,0.0,4.081231508255005,3.8614348411560058,26.75154161453247,137.90000514686108,3.709635591506958,254.49999886751175,3.4649389791488647,0.0,0.0,0.0,0.0,0.0,0.0,0.0,0.0,0.0,0.0
An Giang_1995_summer_autumn,1995,High,0,15.0,5.758206662677583,2.0,4.824321622848511,4.514797258377075,27.650188064575197,119.90000299364328,3.955287218093872,194.10000632703304,3.7245484256744383,0.0,0.0,0.0,0.0,0.0,0.0,0.0,0.0,0.0,0.0
An Giang_1995_winter_spring,1995,Medium,2,0.0,3.859755118687948,0.0,3.694817280769348,4.17770250638326,26.09175043106079,12.299999721348286,4.34772937297821,0.0,5.006621360778809,1.0,0.0,0.0,0.0,1.0,0.0,0.0,0.0,0.0,1.0
Dong Thap_1995_winter_spring,1995,Low,1,0.0,3.952255600974673,0.0,3.722276334762573,4.239013417561849,26.17414426803589,11.299999848008156,4.405688691139221,0.300000011920929,5.075308456420898,1.0,0.0,0.0,0.0,1.0,0.0,0.0,0.0,0.0,1.0
Dong Thap_1995_summer_autumn,1995,High,0,11.0,5.816786902291434,3.0,4.779903039932251,4.467238807678223,27.519665908813476,155.20000100135803,3.883263194561005,208.60000053048137,3.6794411277771,0.0,0.0,0.0,0.0,0.0,0.0,0.0,0.0,0.0,0.0
Ca Mau_1995_summer_autumn,1995,High,0,1.0,5.4753792853582475,3.0,4.697132110595703,4.293560679753622,27.248082542419432,207.60000157356265,3.511100447177887,305.90000200271606,3.6709506511688232,0.0,0.0,0.0,0.0,0.0,0.0,0.0,0.0,0.0,0.0
Ca Mau_1995_main_season,1995,Low,1,0.0,4.567823852811541,0.0,3.7396515560150143,3.860201629002889,26.473187351226805,195.79999995231628,3.535113477706909,377.2999975681305,3.28114333152771,0.0,0.0,0.0,0.0,0.0,0.0,0.0,0.0,0.0,0.0
Soc Trang_1995_winter_spring,1995,High,0,0.0,4.12518622761681,0.0,3.731599371433258,4.5396043459574384,25.85814647674561,7.100000053644181,4.913215243816376,0.3000000044703483,5.020584621429443,1.0,0.0,1.0,0.0,1.0,1.0,0.0,0.0,1.0,1.0
Long An_1995_summer_autumn,1995,High,0,17.0,5.980853285108294,6.0,4.888817949295044,4.4339735825856526,27.156270694732665,173.2000057697296,3.8300026297569274,245.5000061392784,3.676655874252319,0.0,0.0,0.0,0.0,0.0,0.0,0.0,0.0,0.0,0.0
Long An_1995_main_season,1995,Medium,2,2.0,4.827374844324021,0.0,3.993965711593628,3.712463235855102,26.46179094314575,175.10000437498093,3.764818155765534,268.2999996095896,3.4735559844970703,0.0,0.0,0.0,0.0,0.0,0.0,0.0,0.0,0.0,0.0
Tien Giang_1996_winter_spring,1996,Low,1,0.0,3.146624917075747,0.0,3.335177903175354,3.764841985702515,24.927249050140382,36.30000248551369,3.486227869987488,2.9000000283122063,4.4573830890655515,1.0,0.0,0.0,0.0,1.0,0.0,0.0,0.0,0.0,1.0
Dong Thap_1996_summer_autumn,1996,High,0,0.0,4.522259973344349,0.0,3.7164851665496825,3.6775438944498697,26.97977056503296,126.40000037103891,3.876167976856232,172.09999799728394,3.353429174423218,0.0,1.0,0.0,0.0,0.0,0.0,0.0,0.0,0.0,0.0
Dong Thap_1996_winter_spring,1996,Low,1,0.0,3.503521845454262,0.0,3.922845592498779,3.8527626514434816,25.369977951049805,32.80000128597021,3.587722736597061,3.0000000447034836,4.55979434967041,1.0,0.0,1.0,0.0,1.0,1.0,0.0,0.0,1.0,1.0
Vinh Long_1996_main_season,1996,Low,1,0.0,3.472020319529942,0.0,3.397411389350891,3.741663853327433,26.369332218170165,140.00000035762787,3.318571811914444,197.50000244379044,3.6871127796173098,0.0,1.0,0.0,0.0,0.0,0.0,1.0,0.0,0.0,0.0
Long An_1996_winter_spring,1996,Medium,2,0.0,3.3520599830718267,0.0,3.733371901512146,3.980514923731486,25.546165657043456,26.400000870227817,3.758895480632782,2.200000047683716,4.734049196243286,1.0,0.0,1.0,0.0,1.0,1.0,0.0,0.0,1.0,1.0
Long An_1996_summer_autumn,1996,Medium,2,0.0,4.5535295350211005,0.0,3.652600212097168,3.6084352016448977,26.8404372215271,131.79999801516533,3.831011378765106,159.1000079214573,3.5391790962219236,0.0,1.0,0.0,0.0,0.0,0.0,0.0,0.0,0.0,0.0
Long An_1996_main_season,1996,High,0,0.0,3.57809126944769,0.0,3.485189075469971,3.951190837224325,26.61939525604248,116.40000620484352,3.5848357677459717,197.1999985948205,3.805320672988892,0.0,0.0,0.0,1.0,0.0,0.0,1.0,1.0,0.0,0.0
An Giang_1996_winter_spring,1996,Medium,2,0.0,3.5860978819075084,0.0,4.011146230697632,3.872266960144043,25.37685422897339,31.399999663233753,3.591445338726044,3.7000000923871994,4.5183345985412595,1.0,0.0,1.0,0.0,1.0,1.0,0.0,0.0,1.0,1.0
An Giang_1996_summer_autumn,1996,Medium,2,0.0,4.535148552485874,0.0,3.7694930839538574,3.8064584573109945,27.022376823425297,133.80000062286854,3.8984344244003295,201.8000019788742,3.3459672689437867,0.0,1.0,0.0,0.0,0.0,0.0,0.0,0.0,0.0,0.0
An Giang_1996_main_season,1996,Medium,2,0.0,3.720185143607003,0.0,3.6092989444732666,4.0171586036682125,26.64675054550171,151.00000343471766,3.360992056131363,179.40000188350675,3.8577004528045657,0.0,0.0,0.0,0.0,0.0,0.0,0.0,1.0,0.0,0.0
Tra Vinh_1996_main_season,1996,High,0,0.0,3.5500520297459195,0.0,3.4836026191711427,3.7761948108673096,26.41004180908203,141.80000567436218,3.461890238523483,238.1000030040741,3.815270118713379,0.0,0.0,0.0,0.0,0.0,0.0,1.0,0.0,0.0,0.0
Tra Vinh_1996_summer_autumn,1996,Low,1,0.0,4.504558915183658,0.0,3.627038698196411,3.50567839940389,26.883375358581542,166.70000238716602,3.9365492820739743,214.30000519752505,3.2747808122634887,0.0,1.0,0.0,0.0,0.0,0.0,0.0,0.0,0.0,0.0
Ben Tre_1996_summer_autumn,1996,Medium,2,0.0,4.463244233812604,0.0,3.606650505065918,3.468784729639689,26.88689479827881,150.70000046491623,3.891881060600281,201.40000176429749,3.3225038385391237,0.0,1.0,0.0,0.0,0.0,0.0,0.0,0.0,0.0,0.0
Tien Giang_1996_summer_autumn,1996,Medium,2,0.0,4.469637893495106,0.0,3.627529640197754,3.49097957611084,26.827978134155273,150.70000046491623,3.8904002904891968,201.40000176429749,3.352215781211853,0.0,1.0,0.0,0.0,0.0,0.0,0.0,0.0,0.0,0.0
Tien Giang_1996_main_season,1996,Low,1,0.0,3.5311634881155833,0.0,3.4572687911987305,3.819800504048666,26.454541301727296,121.10000272095203,3.53230796456337,205.1000013947487,3.8059227752685545,0.0,1.0,0.0,0.0,0.0,0.0,1.0,0.0,0.0,0.0
Tra Vinh_1996_winter_spring,1996,Medium,2,0.0,3.048392307190668,0.0,3.1861475038528444,3.765144697825114,24.768270683288577,26.499999918043617,3.554549753665924,3.100000075995922,4.507954893112182,1.0,0.0,0.0,0.0,1.0,0.0,0.0,0.0,0.0,1.0
Can Tho_1996_main_season,1996,Low,1,0.0,3.492686294374012,0.0,3.4078759479522707,3.7190900007883703,26.29185400009155,132.4999991208315,3.1716270804405213,195.70000272989273,3.638705406188965,0.0,1.0,0.0,0.0,0.0,0.0,0.0,0.0,0.0,0.0
Soc Trang_1996_winter_spring,1996,Low,1,0.0,2.9203865698405673,0.0,3.1394430923461916,3.914336760838826,24.69252109527588,28.300001740455627,3.781188315153122,4.6999999806284904,4.703348388671875,1.0,0.0,0.0,0.0,1.0,0.0,0.0,0.0,0.0,1.0
Soc Trang_1996_summer_autumn,1996,Low,1,0.0,4.4883613132295155,0.0,3.5796134185791018,3.5783069292704264,26.858770751953124,165.30000296235085,3.885562801361084,198.9000001549721,3.2329777002334597,0.0,1.0,0.0,0.0,0.0,0.0,0.0,0.0,0.0,0.0
Soc Trang_1996_main_season,1996,High,0,0.0,3.5687243257250105,0.0,3.4726559829711916,3.713910977045695,26.407000255584716,131.60000026226044,3.390066462755203,190.00000083446503,3.790106716156006,0.0,1.0,0.0,0.0,0.0,0.0,0.0,0.0,0.0,0.0
Bac Lieu_1996_main_season,1996,High,0,0.0,3.720370474315825,0.0,3.5742162561416624,3.823747237523397,26.82674961090088,153.3999988436699,3.564211332798004,186.20000548660755,3.860949144363403,0.0,0.0,0.0,1.0,0.0,0.0,0.0,1.0,0.0,0.0
Bac Lieu_1996_summer_autumn,1996,Low,1,0.0,4.520941632134574,0.0,3.706863260269165,3.723948431015015,27.240186595916747,144.3000009804964,3.927842849493026,236.0999962091446,3.4043338966369627,0.0,0.0,0.0,0.0,0.0,0.0,0.0,0.0,0.0,0.0
Bac Lieu_1996_winter_spring,1996,Low,1,0.0,3.1429634378069924,0.0,3.4000541400909423,4.2376998583475745,24.951853370666505,24.40000123530626,4.037902987003326,6.59999980032444,4.826513338088989,1.0,0.0,0.0,0.0,1.0,0.0,0.0,0.0,0.0,1.0
Ben Tre_1996_main_season,1996,Medium,2,0.0,3.514313470749628,0.0,3.4477946949005127,3.8058034420013422,26.45929088592529,121.10000272095203,3.5078602850437166,205.1000013947487,3.787218909263611,0.0,1.0,0.0,0.0,0.0,0.0,1.0,0.0,0.0,0.0
Ca Mau_1996_summer_autumn,1996,Low,1,0.0,4.288050288245792,0.0,3.6501763534545897,3.6722044150034585,27.06922845840454,183.1000006198883,3.8508700907230375,236.5999975204468,3.2653181028366087,0.0,0.0,0.0,0.0,0.0,0.0,0.0,0.0,0.0,0.0
Ca Mau_1996_main_season,1996,Medium,2,0.0,3.725524425506592,0.0,3.505161108970642,3.852669636408488,26.602874565124512,166.59999614953995,3.289943164587021,255.79999673366547,3.7047954845428466,0.0,0.0,0.0,0.0,0.0,0.0,0.0,0.0,0.0,0.0
Ben Tre_1996_winter_spring,1996,Low,1,0.0,3.12434827146076,0.0,3.262020869255066,3.7177942911783854,24.839499378204344,36.30000248551369,3.4458739876747133,2.9000000283122063,4.357607154846192,1.0,0.0,0.0,0.0,1.0,0.0,0.0,0.0,0.0,1.0
Kien Giang_1996_main_season,1996,High,0,0.0,3.8480953943161738,0.0,3.5884504652023317,3.970615593592326,26.6283540725708,212.30000300705433,3.10152924656868,204.4999938979745,3.721949257850647,0.0,0.0,0.0,1.0,0.0,0.0,0.0,0.0,0.0,0.0
Kien Giang_1996_summer_autumn,1996,Low,1,0.0,4.510842266536894,0.0,3.829096813201904,3.9437134742736815,27.10804204940796,233.10000622272491,3.73070974946022,278.39999985694885,3.1652068567276,0.0,0.0,0.0,0.0,0.0,0.0,0.0,0.0,0.0,0.0
Vinh Long_1996_summer_autumn,1996,Medium,2,0.0,4.3621977510906405,0.0,3.5535504817962646,3.4388163725535077,26.82829170227051,129.80000752210617,3.8170152366161343,191.10000121593475,3.1757635736465453,0.0,1.0,0.0,0.0,0.0,0.0,0.0,0.0,0.0,0.0
Vinh Long_1996_winter_spring,1996,Medium,2,0.0,3.162064921288263,0.0,3.43399751663208,3.694774055480957,24.956207847595216,28.999999798834324,3.4190555572509767,3.800000086426735,4.439700269699097,1.0,0.0,1.0,0.0,1.0,1.0,0.0,0.0,1.0,1.0
Kien Giang_1996_winter_spring,1996,High,0,0.0,3.5769897415524436,0.0,4.038784923553467,3.913730430603027,25.053249835968018,56.29999980330467,3.669585525989533,15.600000090897083,4.490528736114502,1.0,0.0,1.0,0.0,1.0,1.0,0.0,0.0,1.0,1.0
Can Tho_1996_winter_spring,1996,Medium,2,0.0,3.0896480026699247,0.0,3.3838625240325926,3.6456652959187825,24.690081977844237,42.50000013411045,3.363949918746948,6.500000044703484,4.361849994659424,1.0,0.0,0.0,0.0,1.0,0.0,0.0,0.0,0.0,1.0
Can Tho_1996_summer_autumn,1996,High,0,0.0,4.311580771491641,0.0,3.510047378540039,3.51642058690389,26.74758243560791,138.70000022649765,3.78493903875351,205.4000024795532,3.077479658126831,0.0,1.0,0.0,0.0,0.0,0.0,0.0,0.0,0.0,0.0
Soc Trang_1997_summer_autumn,1997,Low,1,0.0,5.2410096895127065,0.0,4.1537309265136715,4.116852108637492,27.036271381378175,149.9000044465065,3.879068779945374,240.10000252723697,3.0927824354171753,0.0,0.0,0.0,0.0,0.0,0.0,0.0,0.0,0.0,0.0
Soc Trang_1997_winter_spring,1997,Low,1,0.0,2.753224809964498,0.0,2.8146392583847044,3.904637368520101,24.75022897720337,1.7000001221895218,4.1951860904693605,17.499999925494194,4.245237627029419,0.0,0.0,0.0,0.0,0.0,0.0,1.0,0.0,0.0,0.0
Tra Vinh_1997_main_season,1997,Low,1,0.0,3.609430256344023,0.0,4.199469084739685,3.655507485071818,26.019937133789064,258.5000011920929,2.845016449689865,217.1000021249056,3.747767052650451,0.0,0.0,0.0,0.0,0.0,0.0,0.0,0.0,0.0,0.0
Tra Vinh_1997_winter_spring,1997,Medium,2,0.0,2.9651085308619907,0.0,2.776654069423675,3.7848961353302,24.743687629699707,2.4000000953674316,4.053001832962036,20.499999187886715,4.202229995727539,0.0,0.0,0.0,0.0,0.0,0.0,1.0,0.0,0.0,0.0
An Giang_1997_main_season,1997,Low,1,0.0,3.693848939169021,0.0,4.167878363132477,3.6719574610392254,26.40154218673706,191.9000056385994,2.815313059091568,149.69999623298645,3.7988930797576903,0.0,0.0,0.0,0.0,0.0,0.0,0.0,0.0,0.0,0.0
Dong Thap_1997_summer_autumn,1997,Medium,2,2.0,5.1548920813060946,0.0,4.190474681854248,4.178034925460816,27.411853504180907,103.09999841451643,4.080187511444092,244.5999985709786,3.0871391773223875,0.0,0.0,0.0,0.0,0.0,0.0,0.0,0.0,0.0,0.0
Tra Vinh_1997_summer_autumn,1997,Low,1,0.0,5.147504624866304,0.0,4.045943431854248,4.19379301071167,27.1471248626709,138.59999910742044,4.010848742723465,314.7000014781952,3.1592762994766237,0.0,0.0,0.0,0.0,0.0,0.0,0.0,0.0,0.0,0.0
Can Tho_1997_summer_autumn,1997,Medium,2,3.0,5.1492901756649925,0.0,3.9688650703430177,3.964394203821818,26.916957092285156,135.49999848008156,3.7259458243846897,246.7000036239624,2.9046852731704713,0.0,0.0,0.0,0.0,0.0,0.0,0.0,0.0,0.0,0.0
Tien Giang_1997_winter_spring,1997,Medium,2,0.0,3.084862998553685,0.0,2.8289982795715334,3.7987610975901287,25.000479698181152,1.699999965727329,4.089258873462677,28.60000072419643,4.118849630355835,0.0,0.0,0.0,0.0,0.0,0.0,1.0,0.0,0.0,0.0
Tien Giang_1997_summer_autumn,1997,Medium,2,0.0,5.109744208199637,0.0,4.045652580261231,4.237295293807984,27.235165691375737,116.09999699890614,4.07053993344307,259.3000044822693,3.1152368879318235,0.0,0.0,0.0,0.0,0.0,0.0,0.0,0.0,0.0,0.0
Tien Giang_1997_main_season,1997,Medium,2,0.0,3.6622520628429593,0.0,4.237242331504822,3.7213608264923095,25.831103324890137,228.40000116825104,2.736235189437866,170.8999993801117,3.7468884944915777,0.0,0.0,0.0,0.0,0.0,0.0,0.0,0.0,0.0,0.0
Bac Lieu_1997_winter_spring,1997,Low,1,0.0,2.79184475399199,0.0,2.989982843399048,4.226145315170288,25.16456232070923,0.5000000074505805,4.4304276466369625,20.000000037252903,4.300116128921509,0.0,0.0,0.0,0.0,0.0,0.0,1.0,0.0,0.0,0.0
Bac Lieu_1997_summer_autumn,1997,High,0,0.0,5.328760623931885,0.0,4.3041273212432865,4.191064643859863,27.25935287475586,135.2000050842762,3.9567892789840697,229.59999346733093,3.1579913854599,0.0,1.0,0.0,0.0,0.0,0.0,0.0,0.0,0.0,0.0
Bac Lieu_1997_main_season,1997,Low,1,0.0,3.7571617989313033,0.0,4.177290124893188,3.491458018620809,26.53935317993164,170.0999948978424,3.0818044364452364,201.3999968767166,3.7916383266448976,0.0,0.0,0.0,0.0,0.0,0.0,0.0,1.0,0.0,0.0
Soc Trang_1997_main_season,1997,Low,1,0.0,3.617436999366397,0.0,4.097822961807251,3.446112600962321,26.137313079833984,186.60000336170197,2.933922559022903,174.39999973773956,3.7139492988586422,0.0,0.0,0.0,0.0,0.0,0.0,0.0,0.0,0.0,0.0
Can Tho_1997_main_season,1997,Medium,2,0.0,3.4774349189939953,0.0,3.9251006555557257,3.3838337739308675,26.031332874298094,207.9000027179718,2.630459302663803,181.9999964237213,3.5496203804016115,0.0,1.0,0.0,0.0,0.0,0.0,1.0,0.0,0.0,0.0
Kien Giang_1997_main_season,1997,Medium,2,0.0,3.5377375398363387,0.0,3.9939623165130618,3.493188492457072,26.4217924118042,220.5999927520752,2.829749032855034,205.79999935626984,3.6596789741516114,0.0,0.0,0.0,0.0,0.0,0.0,0.0,0.0,0.0,0.0
Kien Giang_1997_summer_autumn,1997,Low,1,1.0,5.164368220738003,0.0,4.093598384857177,4.04994428952535,27.221478939056396,173.2999888062477,3.8460265159606934,271.09999895095825,2.9924158596992494,0.0,0.0,0.0,0.0,0.0,0.0,0.0,0.0,0.0,0.0
Ca Mau_1997_main_season,1997,Low,1,0.0,3.5673710845765614,0.0,3.950372905731202,3.389675418535868,26.50797882080078,205.7999963760376,3.005083918571472,207.199997484684,3.652257037162781,0.0,0.0,0.0,0.0,0.0,0.0,0.0,0.0,0.0,0.0
Ca Mau_1997_summer_autumn,1997,Medium,2,0.0,4.987518605731783,0.0,4.075817670822143,4.038372993469238,26.99141569137573,177.4000005275011,3.720952296257019,275.69999384880066,3.0291730642318724,0.0,0.0,0.0,0.0,0.0,0.0,0.0,0.0,0.0,0.0
Ca Mau_1997_winter_spring,1997,High,0,0.0,2.7007380837485906,0.0,2.9202411937713624,3.9819207032521566,25.40891590118408,9.800000242888927,4.400498414039612,32.00000049173832,4.116637907028198,0.0,0.0,0.0,0.0,0.0,0.0,1.0,0.0,0.0,0.0
Ben Tre_1997_winter_spring,1997,Low,1,0.0,3.0554567518688382,0.0,2.7943203902244567,3.7650439103444415,24.80939588546753,1.699999965727329,3.985211074352264,28.60000072419643,4.067706079483032,0.0,0.0,0.0,0.0,0.0,0.0,1.0,0.0,0.0,0.0
Dong Thap_1997_winter_spring,1997,Low,1,0.0,3.1370803174518405,0.0,3.174735817909241,3.9049885590871174,25.30883283615112,2.8000001162290573,4.107762169837952,41.500000417232506,4.1232413387298585,1.0,0.0,0.0,0.0,1.0,0.0,1.0,0.0,0.0,1.0
Long An_1997_winter_spring,1997,Medium,2,0.0,3.178986980801537,0.0,3.060038785934448,4.0218892097473145,25.60689535140991,0.6000000089406967,4.304933321475983,30.500000290572647,4.231831035614014,0.0,0.0,0.0,0.0,0.0,0.0,1.0,0.0,0.0,0.0
Long An_1997_summer_autumn,1997,Low,1,6.0,5.200151375361851,2.0,4.335028848648071,4.295863342285156,27.57929105758667,104.5999995470047,4.253559559583664,294.3000022172928,3.0887605285644533,0.0,0.0,0.0,0.0,0.0,0.0,0.0,0.0,0.0,0.0
Long An_1997_main_season,1997,Medium,2,0.0,3.876452094032651,0.0,4.365380492210388,3.761245425542195,26.04033260345459,239.49999940395355,2.731359398365021,175.00000301003456,3.790089693069458,0.0,0.0,0.0,0.0,0.0,0.0,0.0,0.0,0.0,0.0
Ben Tre_1997_summer_autumn,1997,Medium,2,0.0,5.060392016456241,0.0,4.006418790817261,4.224077272415161,27.206061840057373,116.09999699890614,4.037846636772156,259.3000044822693,3.1049720287322997,0.0,0.0,0.0,0.0,0.0,0.0,0.0,0.0,0.0,0.0
Kien Giang_1997_winter_spring,1997,High,0,0.0,3.1709245159512474,0.0,3.3628052949905394,4.03626495997111,25.24689598083496,4.000000067055225,4.15854709148407,44.399999856948845,4.147577123641968,1.0,0.0,0.0,0.0,1.0,0.0,1.0,0.0,0.0,1.0
Vinh Long_1997_main_season,1997,Medium,2,0.0,3.586758988244193,0.0,4.072650814056397,3.575420618057251,25.918812370300294,223.80000124126673,2.6185980319976805,166.0999988913536,3.647666759490966,0.0,0.0,0.0,0.0,0.0,0.0,0.0,0.0,0.0,0.0
Vinh Long_1997_summer_autumn,1997,Medium,2,3.0,5.134581384204683,0.0,4.0163922691345215,4.113434187571207,27.102770805358887,132.1999989748001,3.890000951290131,260.6000033393502,2.9873925924301146,0.0,0.0,0.0,0.0,0.0,0.0,0.0,0.0,0.0,0.0
An Giang_1997_winter_spring,1997,Medium,2,0.0,3.1341705208732966,0.0,3.2590233659744263,3.9261671861012775,25.129041767120363,2.9000000879168515,4.051406800746918,42.899999141693115,4.062010202407837,1.0,0.0,0.0,0.0,1.0,0.0,1.0,0.0,0.0,1.0
An Giang_1997_summer_autumn,1997,Low,1,2.0,5.114331926618304,0.0,4.188877515792846,4.1603462378184,27.35675048828125,111.1000046133995,4.03782254755497,230.9000020623207,3.08891571521759,0.0,0.0,0.0,0.0,0.0,0.0,0.0,0.0,0.0,0.0
Vinh Long_1997_winter_spring,1997,Medium,2,0.0,3.014582111721947,0.0,2.8399924874305724,3.7155532519022625,25.026416778564453,3.30000014603138,4.004699957370758,27.09999878704548,4.086420288085938,0.0,0.0,0.0,0.0,0.0,0.0,1.0,0.0,0.0,0.0
Ben Tre_1997_main_season,1997,Low,1,0.0,3.6284690016791936,0.0,4.211587591171265,3.69474941889445,25.910228729248047,228.40000116825104,2.7337523341178893,170.8999993801117,3.722247695922852,0.0,0.0,0.0,0.0,0.0,0.0,0.0,0.0,0.0,0.0
Can Tho_1997_winter_spring,1997,Low,1,0.0,2.898360093434652,0.0,2.8493950843811033,3.6517488956451416,24.69487428665161,4.999999992549419,3.922434425354004,38.19999835640192,4.0004771900177,0.0,0.0,0.0,0.0,0.0,0.0,1.0,0.0,0.0,0.0
Bac Lieu_1998_main_season,1998,High,0,0.0,4.53837031409854,0.0,3.274885377883911,3.7049309889475506,27.272582054138184,212.3000081777573,3.726155084371567,174.50000043213367,3.922833003997803,0.0,0.0,0.0,1.0,0.0,0.0,0.0,0.0,0.0,0.0
Bac Lieu_1998_winter_spring,1998,Low,1,0.0,4.399526823134649,0.0,4.893534240722656,4.719726689656576,27.473832511901858,0.6000000238418579,5.446423268318176,0.1000000014901161,5.229790363311768,0.0,0.0,0.0,0.0,0.0,0.0,0.0,0.0,0.0,0.0
Bac Lieu_1998_summer_autumn,1998,High,0,0.0,5.7407417978559225,0.0,5.208752880096435,3.75125040213267,27.259248638153075,218.8000054359436,3.169570916891098,228.5000091791153,3.809804291725159,0.0,0.0,0.0,0.0,0.0,0.0,0.0,0.0,0.0,0.0
Ca Mau_1998_winter_spring,1998,Low,1,0.0,4.06255917322068,0.0,4.504008693695068,4.667124430338542,28.014853286743165,0.8999999910593033,5.477116441726684,2.0000000298023224,5.28369592666626,0.0,0.0,0.0,0.0,0.0,0.0,0.0,0.0,0.0,0.0
Kien Giang_1998_summer_autumn,1998,Low,1,5.0,5.326808611551921,6.0,4.698100483417511,3.591753029823303,27.159709644317623,265.40000307559967,3.293135291337967,154.59999686479568,4.057535228729248,0.0,0.0,0.0,0.0,0.0,0.0,0.0,0.0,0.0,0.0
Kien Giang_1998_main_season,1998,Low,1,0.0,3.993864993254343,0.0,3.436206274032593,3.829462703069051,27.301166439056395,155.09999775886536,3.930229294300079,204.29999923706055,3.792222785949707,0.0,0.0,0.0,1.0,0.0,0.0,0.0,0.0,0.0,0.0
Vinh Long_1998_main_season,1998,High,0,1.0,4.004883096331642,0.0,3.450864706039429,3.5584428866704303,27.05600004196167,168.9999983906746,3.762041568756103,212.50000143051147,3.798479604721069,0.0,0.0,0.0,1.0,0.0,0.0,0.0,0.0,0.0,0.0
Soc Trang_1998_winter_spring,1998,Low,1,0.0,4.218663476762318,0.0,4.676830863952636,4.552534914016723,27.302520561218262,1.100000001490116,5.261524629592896,1.5000000298023224,4.985276126861573,0.0,0.0,0.0,0.0,0.0,0.0,0.0,0.0,0.0,0.0
Soc Trang_1998_summer_autumn,1998,Medium,2,0.0,5.41388784136091,6.0,5.029394330978394,3.721783916155497,26.863979530334472,197.4000015258789,3.1021747291088104,224.79999840259552,3.753339672088623,0.0,0.0,0.0,0.0,0.0,0.0,0.0,0.0,0.0,0.0
Soc Trang_1998_main_season,1998,Low,1,1.0,4.362009048461914,0.0,3.2275491905212403,3.6460899194081624,26.95075016021729,200.40000474452972,3.654645597934723,211.0000013113022,3.866262683868408,0.0,0.0,0.0,1.0,0.0,0.0,0.0,0.0,0.0,0.0
Ben Tre_1998_main_season,1998,Low,1,2.0,4.137060381117321,0.0,3.529477262496948,3.626407782236735,27.118874549865723,166.49999845027926,3.880266809463501,242.5000044107437,3.921437397003174,0.0,0.0,0.0,0.0,0.0,0.0,0.0,0.0,0.0,0.0
Ben Tre_1998_summer_autumn,1998,Medium,2,1.0,5.131096998850505,6.0,4.778718643188476,3.936936616897583,26.821478652954102,211.7999963760376,3.358605456352234,175.69999992847443,3.8922607135772704,0.0,0.0,0.0,0.0,0.0,0.0,0.0,0.0,0.0,0.0
Ben Tre_1998_winter_spring,1998,Low,1,0.0,4.173095816657657,0.0,4.367536153793335,4.5227340380350745,27.326374816894532,0.6000000089406967,4.922186315059662,2.1000000536441803,4.719600963592529,0.0,0.0,0.0,0.0,0.0,0.0,0.0,0.0,0.0,0.0
Kien Giang_1998_winter_spring,1998,Medium,2,0.0,4.075986396698725,0.0,4.290241641998291,4.5152052243550616,27.940333461761476,0.300000011920929,5.21349036693573,3.700000062584877,5.05880823135376,0.0,0.0,0.0,0.0,0.0,0.0,0.0,0.0,0.0,0.0
Vinh Long_1998_summer_autumn,1998,Low,1,10.0,5.191788264683315,9.0,4.78753005027771,3.8133646806081134,26.79808387756348,216.00000405311584,3.272591537237167,194.29999953508377,3.8277157497406007,0.0,0.0,0.0,0.0,0.0,0.0,0.0,0.0,0.0,0.0
Can Tho_1998_winter_spring,1998,Medium,2,0.0,4.073204483304705,0.0,4.34511477470398,4.541878048578898,27.585290241241456,0.8000000268220901,5.196826696395874,0.2000000029802322,4.95454704284668,0.0,0.0,0.0,0.0,0.0,0.0,0.0,0.0,0.0,0.0
An Giang_1998_summer_autumn,1998,Low,1,15.0,5.32146490187872,9.0,4.966766371726989,3.784605638186137,27.07029209136963,175.80000293254852,3.3952852964401243,161.60000208765268,4.105245065689087,0.0,0.0,0.0,0.0,0.0,0.0,0.0,0.0,0.0,0.0
Ca Mau_1998_main_season,1998,Medium,2,1.0,4.188697304044451,0.0,3.189868550300598,3.686825656890869,27.12474956512451,223.5999927520752,3.6748655080795287,267.3000054359436,3.7288266706466673,0.0,0.0,0.0,0.0,0.0,0.0,0.0,0.0,0.0,0.0
Long An_1998_winter_spring,1998,Medium,2,0.0,4.12299310593378,0.0,4.422239046096802,4.8061526616414385,28.286165618896483,0.0,5.144616055488586,2.2000000551342964,5.0284494781494145,0.0,0.0,0.0,0.0,0.0,0.0,0.0,0.0,0.0,0.0
Long An_1998_summer_autumn,1998,Low,1,11.0,5.159373567217872,10.0,5.021835832595825,3.905799992879232,26.961686897277833,179.60000000149012,3.4756160140037538,164.29999959468842,4.097365274429321,0.0,0.0,0.0,0.0,0.0,0.0,0.0,1.0,0.0,0.0
Tra Vinh_1998_main_season,1998,Low,1,1.0,4.25767657870338,0.0,3.458608236312866,3.6514641920725506,27.045249652862548,194.5000062584877,3.805520170927048,234.90000241994855,3.9430406379699705,0.0,0.0,0.0,0.0,0.0,0.0,0.0,0.0,0.0,0.0
An Giang_1998_main_season,1998,Low,1,0.0,4.123396078745524,0.0,3.572862024307251,3.799238268534342,27.47372999191284,149.900002874434,4.0097784996032715,199.59999930858612,3.9014615345001222,0.0,0.0,0.0,1.0,0.0,0.0,0.0,0.0,0.0,0.0
Tra Vinh_1998_winter_spring,1998,Medium,2,0.0,4.1980299949646,0.0,4.514963636398315,4.53657374382019,27.264937591552737,0.4000000059604645,5.029287958145142,0.7000000029802322,4.811112775802612,0.0,0.0,0.0,0.0,0.0,0.0,0.0,0.0,0.0,0.0
Long An_1998_main_season,1998,High,0,1.0,4.074290979476202,0.0,3.642387857437134,3.713469378153483,27.216271114349365,158.40000140666962,4.125603818893433,223.8000032901764,3.8958831214904786,0.0,0.0,0.0,1.0,0.0,0.0,0.0,0.0,0.0,0.0
Dong Thap_1998_winter_spring,1998,Medium,2,0.0,4.107758215495518,0.0,4.3507560348510745,4.7033970832824705,28.018103504180907,0.0,5.157674431800842,0.9000000134110451,4.94579571723938,0.0,0.0,0.0,0.0,0.0,0.0,0.0,0.0,0.0,0.0
Dong Thap_1998_summer_autumn,1998,Low,1,12.0,5.292309817813692,9.0,4.991506834030151,3.814496612548828,27.01070718765259,192.10000085830688,3.3881771147251127,158.0000030770898,4.060276756286621,0.0,0.0,0.0,0.0,0.0,0.0,0.0,0.0,0.0,0.0
Tien Giang_1998_winter_spring,1998,Low,1,0.0,4.2265457652864,0.0,4.459860801696777,4.7206194241841635,27.56891603469849,0.6000000089406967,5.138431882858276,2.1000000536441803,4.8462464427948,0.0,0.0,0.0,0.0,0.0,0.0,0.0,0.0,0.0,0.0
Tien Giang_1998_summer_autumn,1998,High,0,0.0,5.142295178912935,8.0,4.807920322418213,3.94442081451416,26.792041301727295,211.7999963760376,3.37360075712204,175.69999992847443,3.9120073032379152,0.0,0.0,0.0,0.0,0.0,0.0,0.0,0.0,0.0,0.0
Tra Vinh_1998_summer_autumn,1998,Low,1,1.0,5.245309159869239,4.0,4.896475372314453,3.9105124473571777,26.85775032043457,225.79999804496765,3.3081205010414125,202.90000531077385,3.8485740995407105,0.0,0.0,0.0,0.0,0.0,0.0,0.0,0.0,0.0,0.0
Ca Mau_1998_summer_autumn,1998,Low,1,16.0,5.695283163161505,8.0,4.845190658569336,3.6380154927571615,27.022458362579343,260.50000405311584,3.061713379621506,265.9999976158142,3.750276956558228,0.0,0.0,0.0,0.0,0.0,0.0,0.0,0.0,0.0,0.0
Can Tho_1998_summer_autumn,1998,Medium,2,13.0,5.338418733505976,8.0,4.774468927383423,3.714478556315104,26.811436653137207,206.90000581741333,3.170523065328598,187.199999332428,3.738132576942444,0.0,0.0,0.0,0.0,0.0,0.0,0.0,0.0,0.0,0.0
Can Tho_1998_main_season,1998,Medium,2,0.0,3.988604466120402,0.0,3.350230131149292,3.5329790194829305,26.92154016494751,167.30000042915344,3.628929990530014,166.19999927282333,3.7152123260498047,0.0,0.0,0.0,1.0,0.0,0.0,0.0,1.0,0.0,0.0
An Giang_1998_winter_spring,1998,Medium,2,0.0,4.07297742934454,0.0,4.278711156845093,4.566021855672201,27.952270889282225,0.1000000014901161,5.064667654037476,1.0,4.90952919960022,0.0,0.0,0.0,0.0,0.0,0.0,0.0,0.0,0.0,0.0
Vinh Long_1998_winter_spring,1998,High,0,0.0,4.101820559728713,0.0,4.355328798294067,4.680774466196696,27.719333362579345,0.6000000089406966,5.145068979263305,0.800000011920929,4.873232507705689,0.0,0.0,0.0,0.0,0.0,0.0,0.0,0.0,0.0,0.0
Tien Giang_1998_main_season,1998,Medium,2,1.0,4.103484869003296,0.0,3.54512321472168,3.637245512008667,27.05756196975708,166.49999845027926,3.902157783508301,242.5000044107437,3.930353345870971,0.0,0.0,0.0,0.0,0.0,0.0,0.0,0.0,0.0,0.0
Kien Giang_1999_winter_spring,1999,Low,1,0.0,3.156131698971703,0.0,3.4518203783035277,3.7898760159810383,25.84304246902466,56.79999635368586,3.7364259541034697,48.39999870210886,4.450346565246582,1.0,0.0,0.0,0.0,1.0,0.0,0.0,0.0,0.0,1.0
Vinh Long_1999_winter_spring,1999,Low,1,0.0,2.986537768727257,0.0,2.986366455554962,3.4583404064178467,25.814645862579347,48.599999733269215,3.625898575782776,7.500000044703484,4.475117015838623,1.0,0.0,0.0,0.0,1.0,0.0,0.0,0.0,0.0,1.0
Long An_1999_main_season,1999,Low,1,0.0,3.389399562563215,0.0,3.6344259929656983,3.782825311024984,26.02762432098389,221.6000030040741,3.315739119052887,166.80000050365925,3.97815969467163,0.0,0.0,0.0,0.0,0.0,0.0,1.0,0.0,0.0,0.0
Long An_1999_summer_autumn,1999,Medium,2,0.0,3.86330847513108,0.0,3.766673717498779,3.083869202931722,26.215645027160644,126.00000102818012,3.750284159183502,190.6000035777688,3.670147624015808,0.0,1.0,0.0,0.0,0.0,0.0,0.0,0.0,0.0,0.0
Long An_1999_winter_spring,1999,Low,1,0.0,2.957600235939026,0.0,3.1138741397857665,3.6168164094289144,26.05470762252808,38.500000678002834,3.7767361044883727,25.40000021457672,4.6887733936309814,1.0,0.0,0.0,0.0,1.0,0.0,0.0,0.0,0.0,1.0
Vinh Long_1999_summer_autumn,1999,Medium,2,0.0,3.7461482343219576,0.0,3.6011266231536867,2.83887468179067,26.101832962036134,151.10000109672546,3.5990208745002747,149.199996560812,3.502535200119018,0.0,1.0,0.0,0.0,0.0,0.0,1.0,0.0,0.0,0.0
Ben Tre_1999_winter_spring,1999,Low,1,0.0,2.998658991995312,0.0,2.9744491291046145,3.467579698562622,25.929812145233154,42.69999933987856,3.712548905611038,6.699999921023845,4.524285621643067,0.0,0.0,0.0,0.0,0.0,0.0,0.0,0.0,0.0,0.0
Ben Tre_1999_summer_autumn,1999,Low,1,0.0,3.8614798046293712,0.0,3.691694679260254,2.9412696838378904,26.159708786010743,147.29999911785126,3.703061389923095,163.50000244379044,3.6275138521194457,0.0,1.0,0.0,0.0,0.0,0.0,1.0,0.0,0.0,0.0
Soc Trang_1999_main_season,1999,High,0,0.0,3.1889735630580356,0.0,3.615671377182007,3.412225914001465,26.021479511260985,143.30000227689743,3.39436047077179,173.60000348091123,3.778610048294067,0.0,1.0,0.0,0.0,0.0,0.0,1.0,0.0,0.0,0.0
Soc Trang_1999_summer_autumn,1999,Low,1,0.0,3.771957828885033,0.0,3.596673173904419,3.050131114323934,26.16054229736328,141.29999923706055,3.62496337890625,174.20000237226486,3.5791068840026856,0.0,1.0,0.0,0.0,0.0,0.0,1.0,0.0,0.0,0.0
Soc Trang_1999_winter_spring,1999,Low,1,0.0,3.1844947905767533,0.0,3.135558214187622,3.579289166132609,25.85241632461548,43.30000016093254,3.9078707456588746,7.8000000566244125,4.786338567733765,0.0,0.0,0.0,0.0,0.0,0.0,0.0,0.0,0.0,0.0
Tra Vinh_1999_main_season,1999,Low,1,0.0,3.2650386776242937,0.0,3.5831408405303957,3.619113938013713,26.000979137420657,176.8999993801117,3.3992246747016908,193.79999986290932,3.8747953033447264,0.0,1.0,0.0,0.0,0.0,0.0,1.0,0.0,0.0,0.0
Tra Vinh_1999_summer_autumn,1999,Medium,2,0.0,3.8561662265232632,0.0,3.6904937648773193,2.947311202685038,26.145041275024415,180.7000014781952,3.699292635917664,200.9999966621399,3.6442782211303713,0.0,1.0,0.0,0.0,0.0,0.0,1.0,0.0,0.0,0.0
Tra Vinh_1999_winter_spring,1999,Low,1,0.0,3.0738482759112404,0.0,3.0167781496047974,3.4986552715301515,25.9004581451416,42.999998688697815,3.8003750801086422,7.400000028312206,4.6389774894714355,0.0,0.0,0.0,0.0,0.0,0.0,0.0,0.0,0.0,0.0
Vinh Long_1999_main_season,1999,Medium,2,0.0,3.15795776389894,0.0,3.4633838748931884,3.525343481699626,25.95735445022583,141.79999741911888,3.253307509422302,144.29999947547913,3.8163558578491217,0.0,1.0,0.0,0.0,0.0,0.0,1.0,0.0,0.0,0.0
Can Tho_1999_summer_autumn,1999,Low,1,0.0,3.634403160640172,0.0,3.49271915435791,2.844709539413452,26.05497875213623,118.29999811947346,3.5059882521629335,174.00000289082527,3.417190113067627,0.0,1.0,0.0,0.0,0.0,0.0,1.0,0.0,0.0,0.0
Can Tho_1999_winter_spring,1999,Low,1,0.0,3.014864961306254,0.0,3.0076001620292665,3.391671641667684,25.57851972579956,51.69999995827676,3.549762010574341,18.39999983459711,4.37586745262146,0.0,0.0,0.0,0.0,0.0,0.0,0.0,0.0,0.0,0.0
Kien Giang_1999_main_season,1999,Medium,2,0.0,3.2784286396844045,0.0,3.4886521387100218,3.466347614924113,26.191375160217284,213.69999599456787,3.2246429145336153,141.39999575167894,3.923654756546021,0.0,0.0,0.0,0.0,0.0,0.0,1.0,0.0,0.0,0.0
Ben Tre_1999_main_season,1999,Low,1,0.0,3.267078337215242,0.0,3.574605803489685,3.671072498957316,25.94158344268799,143.80000126361847,3.335829144716263,176.60000449419022,3.8973183059692382,0.0,1.0,0.0,0.0,0.0,0.0,1.0,0.0,0.0,0.0
Kien Giang_1999_summer_autumn,1999,Medium,2,0.0,3.620343639737084,0.0,3.7898881244659424,2.94188441435496,26.368250370025635,153.39999705553055,3.541891425848007,220.9000000730157,3.522366943359375,0.0,1.0,0.0,0.0,0.0,0.0,1.0,0.0,0.0,0.0
Ca Mau_1999_winter_spring,1999,High,0,0.0,3.1390696480160667,0.0,3.182134680747986,3.6380128860473633,26.1070405960083,52.40000029653311,3.8157848536968233,26.40000053495169,4.697355690002442,0.0,0.0,0.0,0.0,0.0,0.0,1.0,0.0,0.0,0.0
Ca Mau_1999_summer_autumn,1999,Medium,2,0.0,3.754064855121431,0.0,3.525760846138001,3.1697367429733276,26.14995756149292,153.1999986171722,3.4283842980861663,189.50000319629908,3.544460577964782,0.0,1.0,0.0,0.0,0.0,0.0,1.0,0.0,0.0,0.0
Bac Lieu_1999_winter_spring,1999,High,0,0.0,3.319979270299276,0.0,3.3861585426330567,3.763603099187215,26.166956901550293,34.29999936372042,4.1014200091362,8.200000412762165,5.009411840438843,0.0,0.0,0.0,0.0,0.0,0.0,1.0,0.0,0.0,0.0
Dong Thap_1999_winter_spring,1999,Low,1,0.0,3.032032398950486,0.0,3.1753360867500304,3.6995652039845783,25.908103370666502,31.10000015795231,3.682290345430374,28.89999967813492,4.450393285751343,1.0,0.0,0.0,0.0,1.0,0.0,0.0,0.0,0.0,1.0
Dong Thap_1999_summer_autumn,1999,Medium,2,0.0,3.7697578838893344,0.0,3.700777463912964,2.940047526359558,26.25914402008057,126.5000013113022,3.6845909118652345,180.19999933242795,3.620431914329529,0.0,1.0,0.0,0.0,0.0,0.0,1.0,0.0,0.0,0.0
Bac Lieu_1999_summer_autumn,1999,Medium,2,0.0,3.900881483441307,0.0,3.668835430145263,3.3080271005630495,26.502374267578126,149.6999922990799,3.703339779376984,191.10000076889992,3.694778938293457,0.0,1.0,0.0,0.0,0.0,0.0,1.0,0.0,0.0,0.0
Bac Lieu_1999_main_season,1999,Low,1,0.0,3.3131984301975796,0.0,3.784943480491638,3.397817182540894,26.408519077301023,161.0000003874302,3.5451758980751036,167.10000628232956,3.902361164093018,0.0,0.0,0.0,0.0,0.0,0.0,1.0,1.0,0.0,0.0
An Giang_1999_main_season,1999,Low,1,0.0,3.259685675303141,0.0,3.4950250816345214,3.625089438756307,26.291437244415285,146.89999771118164,3.392762804031372,138.10000386834145,3.963308048248291,0.0,0.0,0.0,0.0,0.0,0.0,1.0,1.0,0.0,0.0
An Giang_1999_summer_autumn,1999,Low,1,0.0,3.7211406457991822,0.0,3.727129955291748,2.896902592976888,26.268313312530516,121.4000011086464,3.669216060638427,157.19999761879444,3.60547197341919,0.0,1.0,0.0,0.0,0.0,0.0,1.0,0.0,0.0,0.0
An Giang_1999_winter_spring,1999,Low,1,0.0,3.0562477509180703,0.0,3.230310127735138,3.7324773629506423,25.8423752784729,36.90000067651272,3.65759117603302,45.90000258386135,4.4010195064544675,1.0,0.0,0.0,0.0,1.0,0.0,0.0,0.0,0.0,1.0
Ca Mau_1999_main_season,1999,High,0,0.0,3.1272986219042824,0.0,3.596566071510315,3.1661439100901285,26.248916816711425,163.1000035777688,3.3459951519966125,179.7000008225441,3.839656648635864,0.0,1.0,0.0,0.0,0.0,0.0,1.0,0.0,0.0,0.0
Tien Giang_1999_summer_autumn,1999,Medium,2,0.0,3.8778282006581626,0.0,3.70729208946228,2.9642544905344645,26.12027063369751,147.29999911785126,3.7170046091079714,163.50000244379044,3.647373242378235,0.0,1.0,0.0,0.0,0.0,0.0,1.0,0.0,0.0,0.0
Tien Giang_1999_winter_spring,1999,Low,1,0.0,3.0136284033457437,0.0,2.9988681864738465,3.470304346084595,25.884854221343993,42.69999933987856,3.7299542486667634,6.699999921023845,4.5988365745544435,0.0,0.0,0.0,0.0,0.0,0.0,0.0,0.0,0.0,0.0
Tien Giang_1999_main_season,1999,Low,1,0.0,3.2867284615834556,0.0,3.5879431343078614,3.6998756090799967,25.88912410736084,143.80000126361847,3.342875689268112,176.60000449419022,3.9288971328735354,0.0,1.0,0.0,0.0,0.0,0.0,1.0,0.0,0.0,0.0
Soc Trang_2000_summer_autumn,2000,Medium,2,0.0,4.366191182817731,0.0,3.8644816398620607,3.0491000453631085,26.004187297821044,210.19999718666077,3.05213885307312,145.10000067949295,3.6452497005462647,0.0,1.0,0.0,0.0,0.0,0.0,0.0,0.0,0.0,0.0
Soc Trang_2000_winter_spring,2000,Medium,2,0.0,3.0969066733405706,0.0,3.2821985626220704,4.04265341758728,25.544812965393067,0.7000000178813934,4.439168977737427,24.99999960511923,4.185265674591064,1.0,0.0,0.0,0.0,1.0,0.0,1.0,0.0,0.0,1.0
An Giang_2000_main_season,2000,Medium,2,0.0,3.40728117170788,0.0,3.740808382034302,3.273639027277629,26.717791652679445,82.1000015065074,3.9176990151405335,211.0000035762787,3.5098339891433716,0.0,1.0,0.0,0.0,0.0,0.0,1.0,0.0,0.0,0.0
An Giang_2000_summer_autumn,2000,Low,1,0.0,4.2809422470274425,0.0,3.9198171710968017,3.255370759963989,26.39154186248779,149.9000015258789,3.504796421527862,125.10000013560057,3.573172492980957,0.0,0.0,0.0,0.0,0.0,0.0,0.0,1.0,0.0,0.0
An Giang_2000_winter_spring,2000,Low,1,0.0,3.5484440553755987,0.0,4.022222108840943,3.76812326113383,25.78581314086914,12.90000107884407,4.1541098833084105,24.500000149011612,4.2493267917633055,1.0,0.0,0.0,0.0,1.0,0.0,0.0,0.0,0.0,1.0
Bac Lieu_2000_main_season,2000,Medium,2,0.0,3.605621792021252,0.0,3.4531481790542604,3.3923421700795493,26.732790756225587,88.40000028908253,3.9490233778953554,209.5000033378601,3.521064920425415,0.0,1.0,0.0,0.0,0.0,0.0,0.0,0.0,0.0,0.0
Long An_2000_winter_spring,2000,Low,1,0.0,3.3645291952859786,0.0,3.794380750656128,3.870140314102173,26.094186878204347,7.199999898672104,4.168531692028045,12.600000500679016,4.427776079177857,1.0,0.0,0.0,0.0,1.0,0.0,0.0,0.0,0.0,1.0
Long An_2000_summer_autumn,2000,Low,1,0.0,4.398778483981178,0.0,4.054719371795654,3.4995902856191,26.221999168395996,175.5999991297722,3.4964203119277952,155.30000050365925,3.57843994140625,0.0,1.0,0.0,0.0,0.0,0.0,0.0,0.0,0.0,0.0
Long An_2000_main_season,2000,Low,1,0.0,3.591358536765689,0.0,3.781144781112671,3.2946801662445067,26.56647844314575,108.49999964237212,3.923682999610901,229.30000084638596,3.644735136032105,0.0,1.0,0.0,0.0,0.0,0.0,1.0,0.0,0.0,0.0
Tra Vinh_2000_winter_spring,2000,Medium,2,0.0,3.1621447688057307,0.0,3.248246946334839,3.87211906115214,25.578687763214113,2.8000000938773155,4.143469715118409,19.900000736117363,4.166665983200073,1.0,0.0,0.0,0.0,1.0,0.0,0.0,0.0,0.0,1.0
Vinh Long_2000_main_season,2000,Low,1,0.0,3.362049352555048,0.0,3.5092400550842284,3.2253081878026326,26.48110361099243,90.60000303387642,3.848900282382965,226.9000020027161,3.3800946283340454,0.0,1.0,0.0,0.0,0.0,0.0,1.0,0.0,0.0,0.0
Vinh Long_2000_summer_autumn,2000,Medium,2,0.0,4.166465100787935,0.0,3.81847972869873,3.1750169436136884,26.121207427978515,193.5999984741211,3.270128905773163,132.1999991759658,3.539233679771423,0.0,1.0,0.0,0.0,0.0,0.0,0.0,0.0,0.0,0.0
Vinh Long_2000_winter_spring,2000,Medium,2,0.0,3.211806632223583,0.0,3.5579326057434084,3.8234450340271,25.63975076675415,8.800000585615635,3.981684803962707,18.000000044703484,4.230837640762329,1.0,0.0,0.0,0.0,1.0,0.0,0.0,0.0,0.0,1.0
Bac Lieu_2000_winter_spring,2000,High,0,0.0,3.2160736606234597,0.0,3.5534974241256716,4.199369859695435,25.842477989196777,3.000000074505806,4.766798686981201,32.79999923706055,4.185084085464478,1.0,0.0,0.0,0.0,1.0,0.0,1.0,0.0,0.0,1.0
Soc Trang_2000_main_season,2000,Medium,2,0.0,3.4067635848408653,0.0,3.352771587371826,3.2092525641123455,26.406165599823,94.50000178813934,3.869152700901032,222.8000011444092,3.4156254386901854,0.0,1.0,0.0,0.0,0.0,0.0,1.0,0.0,0.0,0.0
Tien Giang_2000_winter_spring,2000,Medium,2,0.0,3.2186274925867715,0.0,3.436792840957642,3.8650817394256594,25.614020442962648,5.699999891221523,4.036419904232025,19.999999776482586,4.191280488967895,1.0,0.0,0.0,0.0,1.0,0.0,0.0,0.0,0.0,1.0
Tien Giang_2000_summer_autumn,2000,Low,1,0.0,4.289997952325003,0.0,3.9437924098968504,3.328751007715861,26.05235424041748,210.90000009536743,3.3469972729682924,147.50000182539225,3.6506556272506714,0.0,1.0,0.0,0.0,0.0,0.0,0.0,0.0,0.0,0.0
Tien Giang_2000_main_season,2000,Medium,2,0.0,3.507313841865176,0.0,3.6010518360137937,3.315642237663269,26.48349905014038,99.80000191926956,3.9816577315330504,234.1000039577484,3.5166503858566283,0.0,0.0,0.0,0.0,0.0,0.0,1.0,0.0,0.0,0.0
Tra Vinh_2000_main_season,2000,Low,1,0.0,3.4791348718461537,0.0,3.498698434829712,3.2987053553263346,26.47618761062622,98.20000100135805,3.97942715883255,253.3999992609024,3.4730082321166993,0.0,0.0,0.0,0.0,0.0,0.0,1.0,0.0,0.0,0.0
Tra Vinh_2000_summer_autumn,2000,High,0,0.0,4.306525832130795,0.0,3.903370342254638,3.238362018267314,26.03472900390625,207.60000157356265,3.2420964002609254,151.80000245571136,3.67544002532959,0.0,1.0,0.0,0.0,0.0,0.0,0.0,0.0,0.0,0.0
Can Tho_2000_winter_spring,2000,Low,1,0.0,3.1712265752610707,0.0,3.571633410453797,3.7729095300038655,25.39289493560791,5.600000075995922,3.957065498828888,28.399999745190144,4.143864631652832,1.0,0.0,0.0,0.0,1.0,0.0,0.0,0.0,0.0,1.0
Bac Lieu_2000_summer_autumn,2000,High,0,0.0,4.470766748700823,0.0,4.035201940536499,3.1974717299143474,26.343727779388427,208.39999914169312,3.1353720128536224,125.20000188797712,3.80406436920166,0.0,0.0,0.0,0.0,0.0,0.0,0.0,0.0,0.0,0.0
Can Tho_2000_summer_autumn,2000,Medium,2,0.0,4.128388314020066,0.0,3.6969646072387694,3.0399573802948,26.08289489746094,187.09999883174896,3.1716260254383086,118.39999656379224,3.4651737451553344,0.0,1.0,0.0,0.0,0.0,0.0,0.0,0.0,0.0,0.0
Ca Mau_2000_winter_spring,2000,High,0,0.0,3.0143939029602778,0.0,3.490218286514282,4.122726345062256,26.150062465667723,6.2000000551342955,4.574199974536896,57.69999944418668,4.16042727470398,1.0,0.0,0.0,0.0,1.0,0.0,1.0,0.0,0.0,1.0
Kien Giang_2000_winter_spring,2000,Low,1,0.0,3.5758683624721708,0.0,4.115004167556763,3.851021242141724,25.862833786010743,29.799999959766865,4.3019766330719,35.00000021606684,4.1780845832824705,1.0,0.0,0.0,0.0,1.0,0.0,0.0,0.0,0.0,1.0
Kien Giang_2000_summer_autumn,2000,Medium,2,0.0,4.400161209560576,0.0,3.893198375701904,3.0556140383084616,26.387313079833984,177.1000030040741,3.3398597598075868,199.30000045895576,3.4694441413879393,0.0,0.0,0.0,1.0,0.0,0.0,0.0,1.0,0.0,0.0
Kien Giang_2000_main_season,2000,Low,1,0.0,3.3696292553629195,0.0,3.60929612159729,3.0691391944885256,26.60095844268799,133.599994212389,3.80386506319046,240.60000544786453,3.4530934858322144,0.0,0.0,0.0,0.0,0.0,0.0,0.0,0.0,0.0,0.0
Ben Tre_2000_summer_autumn,2000,High,0,0.0,4.259234553291684,0.0,3.9220576095581055,3.3058427572250366,26.05252113342285,210.90000009536743,3.324483776092529,147.50000182539225,3.646344699859619,0.0,1.0,0.0,0.0,0.0,0.0,0.0,0.0,0.0,0.0
Ben Tre_2000_main_season,2000,Low,1,0.0,3.4877151477904547,0.0,3.575009937286377,3.3137904167175294,26.507520389556884,99.80000191926956,3.969455885887146,234.1000039577484,3.474752779006958,0.0,0.0,0.0,0.0,0.0,0.0,1.0,0.0,0.0,0.0
Dong Thap_2000_summer_autumn,2000,Low,1,0.0,4.278513136364165,0.0,3.941852207183838,3.2867116928100586,26.360707759857178,171.6999990940094,3.4615247011184693,152.70000506937504,3.592736120223999,0.0,0.0,0.0,0.0,0.0,0.0,0.0,1.0,0.0,0.0
Dong Thap_2000_winter_spring,2000,Low,1,0.0,3.4736989793323336,0.0,3.938487014770508,3.8094316005706785,25.886644268035887,7.29999990016222,4.141588962078094,25.700000427663326,4.296114826202393,1.0,0.0,0.0,0.0,1.0,0.0,0.0,0.0,0.0,1.0
Ben Tre_2000_winter_spring,2000,Medium,2,0.0,3.1838136230196272,0.0,3.3620625495910645,3.815771786371867,25.59866704940796,5.699999891221523,3.981345891952514,19.999999776482586,4.107112140655517,1.0,0.0,0.0,0.0,1.0,0.0,0.0,0.0,0.0,1.0
Ca Mau_2000_summer_autumn,2000,High,0,0.0,4.288730837049938,0.0,3.891987380981446,2.953070068359375,26.15443811416626,202.69999992847443,3.0665575206279754,144.8000019043684,3.6389669513702394,0.0,0.0,0.0,1.0,0.0,0.0,0.0,0.0,0.0,0.0
Ca Mau_2000_main_season,2000,Medium,2,0.0,3.47332847686041,0.0,3.323217387199402,3.338851149876912,26.50756206512451,111.80000334978104,3.750922966003418,291.80000042915344,3.3025407934188844,0.0,0.0,0.0,0.0,0.0,0.0,0.0,0.0,0.0,0.0
Bac Lieu_2001_winter_spring,2001,Medium,2,0.0,3.137670562380836,0.0,3.30143826007843,3.598963562647502,25.744561100006106,12.999999657273293,4.120509815216065,7.700000144541264,4.578773040771484,0.0,0.0,0.0,0.0,0.0,0.0,1.0,0.0,0.0,0.0
Soc Trang_2001_winter_spring,2001,Low,1,0.0,3.049060100600833,0.0,3.0986400175094606,3.392249425252279,25.4468955039978,19.200000941753384,3.910045164823532,11.399999752640724,4.369443893432617,0.0,0.0,0.0,0.0,0.0,0.0,0.0,0.0,0.0,0.0
Dong Thap_2001_summer_autumn,2001,Low,1,0.0,4.546944464956011,0.0,4.157426571846008,4.250700171788534,26.33893632888794,192.10000038146973,3.1432825207710264,116.30000194907188,3.974129838943482,0.0,0.0,0.0,0.0,0.0,0.0,0.0,0.0,0.0,0.0
Tra Vinh_2001_summer_autumn,2001,Low,1,0.0,4.342775486764454,0.0,4.064027338027954,4.108453941345215,25.99431266784668,204.89999628067017,3.0064989387989045,136.30000376701355,3.9020470571517945,0.0,0.0,0.0,0.0,0.0,0.0,0.0,0.0,0.0,0.0
Tra Vinh_2001_winter_spring,2001,Low,1,0.0,3.1296971099717275,0.0,3.049893660545349,3.3201854387919107,25.4508752822876,28.900000378489494,3.701336586475372,16.400000475347042,4.286434984207153,0.0,0.0,0.0,0.0,0.0,0.0,1.0,0.0,0.0,0.0
Ca Mau_2001_main_season,2001,Medium,2,0.0,3.9342025915781655,0.0,3.1882571887969973,3.462356201807658,27.135790729522704,118.69999957084656,4.1237188339233395,251.19999599456787,3.0944727277755737,0.0,0.0,0.0,0.0,0.0,0.0,0.0,0.0,0.0,0.0
Ca Mau_2001_winter_spring,2001,High,0,0.0,3.0000106323333013,0.0,3.171351532936096,3.411928653717041,25.79339485168457,13.900000549852848,3.9116119384765624,61.000002294778824,4.305511493682861,0.0,0.0,0.0,0.0,0.0,0.0,0.0,0.0,0.0,0.0
Kien Giang_2001_winter_spring,2001,Low,1,0.0,3.405979718480791,0.0,3.291389331817627,3.401119486490886,25.69429178237915,26.200000897049904,3.650892233848572,46.6000010073185,4.438172206878662,0.0,0.0,0.0,0.0,0.0,0.0,0.0,0.0,0.0,0.0
Kien Giang_2001_summer_autumn,2001,Low,1,0.0,4.594730150131952,0.0,4.080470762252808,4.346882597605387,26.28877067565918,270.29999029636383,2.9310073792934417,162.99999329447746,3.8813066148757938,0.0,0.0,0.0,0.0,0.0,0.0,0.0,0.0,0.0,0.0
Can Tho_2001_summer_autumn,2001,Low,1,0.0,4.319421047256107,0.0,3.9547264528274537,3.9844890594482423,26.007061672210693,192.40000009536743,2.852873456478119,128.200002245605,3.719024529457093,0.0,0.0,0.0,0.0,0.0,0.0,0.0,0.0,0.0,0.0
Can Tho_2001_winter_spring,2001,Low,1,0.0,3.1334475449153354,0.0,2.9922351098060607,3.204386568069458,25.391748428344727,25.60000042617321,3.5814305543899536,8.500000365078451,4.162793245315552,0.0,0.0,0.0,0.0,0.0,0.0,1.0,0.0,0.0,0.0
Soc Trang_2001_summer_autumn,2001,Medium,2,0.0,4.3402730623881025,0.0,3.997555875778198,3.992651287714641,26.06022901535034,182.9000016450882,3.01677542924881,117.0999972820282,3.8366455316543577,0.0,0.0,0.0,0.0,0.0,0.0,0.0,0.0,0.0,0.0
Kien Giang_2001_main_season,2001,Low,1,0.0,3.9669750304449174,0.0,3.4870115900039673,3.2276995102564494,27.25491781234741,99.69999946653844,4.220559275150299,239.4000039100647,3.189578204154968,0.0,0.0,0.0,0.0,0.0,0.0,0.0,0.0,0.0,0.0
Tien Giang_2001_main_season,2001,High,0,0.0,3.957050090744382,0.0,3.5472282361984253,3.2955666224161786,27.048499870300297,81.60000067949295,4.277745604515076,216.49999976158145,3.2606337881088256,0.0,1.0,0.0,0.0,0.0,0.0,0.0,0.0,0.0,0.0
An Giang_2001_main_season,2001,High,0,0.0,3.8865849517640614,0.0,3.565424342155457,3.4471622784932454,27.337897109985352,83.39999997615814,4.305707931518555,168.59999883174896,3.261799077987671,0.0,0.0,0.0,1.0,0.0,0.0,0.0,0.0,0.0,0.0
Tien Giang_2001_summer_autumn,2001,Low,1,0.0,4.407392121496654,1.0,4.161868052482605,4.1886417706807455,25.96766662597656,177.50000023841858,3.025884026288986,116.9999988079071,3.947745361328125,0.0,0.0,0.0,0.0,0.0,0.0,0.0,0.0,0.0,0.0
An Giang_2001_summer_autumn,2001,Low,1,0.0,4.566223507835751,0.0,4.11574083328247,4.2820786794026695,26.33810453414917,192.00000309944153,3.1197828233242033,117.69999986886978,3.972939300537109,0.0,0.0,0.0,0.0,0.0,0.0,0.0,0.0,0.0,0.0
Ben Tre_2001_summer_autumn,2001,Medium,2,0.0,4.351469601903643,0.0,4.107541723251343,4.151747846603394,25.940124225616454,177.50000023841858,2.9855768024921416,116.9999988079071,3.9240164661407473,0.0,0.0,0.0,0.0,0.0,0.0,0.0,0.0,0.0,0.0
Bac Lieu_2001_summer_autumn,2001,Medium,2,0.0,4.462785919507344,0.0,4.1348113489151,4.042023229598999,26.439144325256347,214.3000011444092,3.1620398223400117,94.10000023245811,3.977377805709839,0.0,0.0,0.0,0.0,0.0,0.0,0.0,0.0,0.0,0.0
Bac Lieu_2001_main_season,2001,Medium,2,0.0,3.9973098153159734,0.0,3.456388010978699,3.522153441111247,27.236956214904787,83.40000087022781,4.209855329990387,229.79999661445615,3.2307439184188844,0.0,0.0,0.0,1.0,0.0,0.0,0.0,0.0,0.0,0.0
Ca Mau_2001_summer_autumn,2001,Low,1,0.0,4.241415483610971,0.0,3.9915754795074463,3.930617761611938,26.168499660491943,232.8999969959259,2.8835739374160765,133.10000121593475,3.919276170730591,0.0,0.0,0.0,0.0,0.0,0.0,0.0,0.0,0.0,0.0
An Giang_2001_winter_spring,2001,Low,1,0.0,3.4542044685000466,0.0,3.1793125319480895,3.306290229161581,25.655500984191896,18.3999996855855,3.615760326385498,20.99999997019768,4.3328724193573,0.0,0.0,0.0,0.0,0.0,0.0,0.0,0.0,0.0,0.0
Long An_2001_summer_autumn,2001,Low,1,1.0,4.663181282225109,2.0,4.315656461715698,4.310711034138998,26.277520179748535,147.20000219345093,3.2262320160865783,126.59999878704548,4.040565118789673,0.0,0.0,0.0,0.0,0.0,0.0,0.0,1.0,0.0,0.0
Long An_2001_winter_spring,2001,Low,1,0.0,3.350780066989717,0.0,3.183096618652344,3.397259330749512,25.876895046234132,18.499999918043613,3.811859852075577,26.599999651312828,4.471100931167602,0.0,0.0,0.0,0.0,0.0,0.0,0.0,0.0,0.0,0.0
Ben Tre_2001_winter_spring,2001,Medium,2,0.0,3.172343835944221,0.0,3.046709396839142,3.282817490895589,25.548665904998774,21.300000533461574,3.623808056116104,19.800000436604023,4.205371475219726,0.0,0.0,0.0,0.0,0.0,0.0,1.0,0.0,0.0,0.0
Long An_2001_main_season,2001,Medium,2,0.0,4.017119736898513,0.0,3.692797927856445,3.5149868011474608,27.180956745147704,74.30000038444996,4.363499474525452,231.6000040769577,3.178063921928406,0.0,0.0,0.0,0.0,0.0,0.0,0.0,0.0,0.0,0.0
Tra Vinh_2001_main_season,2001,Low,1,0.0,3.9215207326979864,0.0,3.4881589221954346,3.277086528142293,26.94972906112671,87.79999899864197,4.195803344249725,293.6000008583069,3.258283462524414,0.0,0.0,0.0,0.0,0.0,0.0,0.0,0.0,0.0,0.0
Vinh Long_2001_main_season,2001,Low,1,0.0,3.8628786631992886,0.0,3.434647722244262,3.216871802012126,27.010061740875244,102.70000064373016,4.135974931716919,221.00000309944153,3.200219597816467,0.0,1.0,0.0,0.0,0.0,0.0,0.0,0.0,0.0,0.0
Vinh Long_2001_summer_autumn,2001,Low,1,0.0,4.318776550747099,0.0,4.064387702941895,4.106476751963298,26.01891622543335,218.6999988555908,2.9237270653247833,129.7000029087067,3.8304440927505494,0.0,0.0,0.0,0.0,0.0,0.0,0.0,0.0,0.0,0.0
Vinh Long_2001_winter_spring,2001,Low,1,0.0,3.192081380458105,0.0,3.008925802707672,3.2055241107940673,25.566208362579346,21.50000083446503,3.595877355337143,12.099999830126762,4.21912109375,0.0,0.0,0.0,0.0,0.0,0.0,1.0,0.0,0.0,0.0
Dong Thap_2001_winter_spring,2001,Medium,2,0.0,3.412856607210069,0.0,3.1554715204238892,3.2853436628977457,25.722269344329835,15.000000223517418,3.6507562160491944,17.600000016391277,4.365147428512573,0.0,0.0,0.0,0.0,0.0,0.0,0.0,0.0,0.0,0.0
Ben Tre_2001_main_season,2001,Medium,2,0.0,3.929855539685204,0.0,3.505548210144043,3.2665664593378705,27.048874855041504,81.60000067949295,4.246525514125824,216.49999976158145,3.2412163114547727,0.0,1.0,0.0,0.0,0.0,0.0,0.0,0.0,0.0,0.0
Soc Trang_2001_main_season,2001,High,0,0.0,3.8860811392466226,0.0,3.392521228790283,3.322905913988749,26.852417373657225,94.70000064373016,4.08425874710083,237.9000034332275,3.1595864868164063,0.0,0.0,0.0,0.0,0.0,0.0,0.0,0.0,0.0,0.0
Tien Giang_2001_winter_spring,2001,Medium,2,0.0,3.210717323280516,0.0,3.0710627007484437,3.2951863447825116,25.5990198135376,21.300000533461574,3.670611298084259,19.800000436604023,4.228810253143311,0.0,0.0,0.0,0.0,0.0,0.0,1.0,0.0,0.0,0.0
Kien Giang_2002_winter_spring,2002,Low,1,0.0,4.516900119327364,0.0,4.142890872955323,4.2095623970031735,26.738875770568846,3.1000000312924385,4.465619444847107,9.400000140070915,5.196944675445557,0.0,0.0,1.0,0.0,1.0,1.0,0.0,0.0,1.0,0.0
Ca Mau_2002_winter_spring,2002,Low,1,0.0,3.7317293144407726,0.0,3.7801762199401856,4.627421585718791,26.449019813537596,3.400000050663948,5.024645960330963,1.100000016391277,5.350698223114014,0.0,0.0,1.0,0.0,1.0,1.0,0.0,0.0,1.0,0.0
Kien Giang_2002_summer_autumn,2002,Medium,2,7.0,5.284499599820092,3.0,4.630705680847168,4.198914941151937,27.274708557128907,136.49999678134918,3.399408096075058,127.90000323206186,4.1140829277038575,0.0,0.0,0.0,0.0,0.0,0.0,0.0,0.0,0.0,0.0
Bac Lieu_2002_summer_autumn,2002,High,0,0.0,5.5283295427049906,0.0,4.545563983917236,4.346833737691243,27.37508268356323,152.9999976158142,3.683867943286896,158.50000274181366,4.127889375686646,0.0,0.0,0.0,0.0,0.0,0.0,0.0,0.0,0.0,0.0
Bac Lieu_2002_main_season,2002,Low,1,0.0,4.576552220753261,0.0,3.725517578125,4.177732229232788,27.366956806182863,122.30000138282776,4.210357761383056,202.79999935626984,3.3424186372756957,0.0,0.0,0.0,1.0,0.0,0.0,0.0,0.0,0.0,0.0
Kien Giang_2002_main_season,2002,Low,1,0.0,4.428354853675479,0.0,3.464059157371521,4.150544373194377,27.35116691589355,107.40000150352716,4.200951766967774,256.3999979496002,3.1364500236511232,0.0,0.0,0.0,0.0,0.0,0.0,0.0,0.0,0.0,0.0
Dong Thap_2002_summer_autumn,2002,Low,1,17.0,5.821741092772711,5.0,4.931562242507934,4.490288257598877,27.207686614990234,118.60000069439413,3.5257095396518707,87.50000052899122,4.476511001586914,0.0,0.0,0.0,0.0,0.0,0.0,0.0,0.0,0.0,0.0
Tra Vinh_2002_winter_spring,2002,High,0,0.0,3.4639388095764887,0.0,3.588304524421692,4.293251593907674,25.795041275024413,0.3000000044703483,4.728351140022278,0.2000000029802322,5.192711124420166,1.0,0.0,1.0,0.0,1.0,1.0,0.0,0.0,1.0,1.0
Tra Vinh_2002_summer_autumn,2002,Medium,2,0.0,5.468004124505179,0.0,4.563195552825928,4.298703956604004,26.797333240509033,187.90000277757645,3.378326278924942,128.8999983370304,4.1059402751922605,0.0,0.0,0.0,0.0,0.0,0.0,0.0,1.0,0.0,0.0
Ca Mau_2002_main_season,2002,Medium,2,0.0,4.44052563394819,0.0,3.6488240242004393,4.0063478469848635,27.232457542419432,120.09999477863312,4.091103565692902,219.10000097751615,3.2316013526916505,0.0,0.0,0.0,1.0,0.0,0.0,0.0,0.0,0.0,0.0
Tra Vinh_2002_main_season,2002,Medium,2,0.0,4.422484727132888,0.0,3.513871598243713,4.08499846458435,27.202541732788085,111.09999886155128,4.21377968788147,193.50000095367432,3.2058228826522828,0.0,1.0,0.0,0.0,0.0,0.0,0.0,0.0,0.0,0.0
Ca Mau_2002_summer_autumn,2002,Low,1,1.0,5.193641117640904,0.0,4.399047794342041,4.23670973777771,27.33256130218506,119.4000015258789,3.5760825753211973,128.29999560117722,3.9674804973602296,0.0,0.0,0.0,0.0,0.0,0.0,0.0,0.0,0.0,0.0
Bac Lieu_2002_winter_spring,2002,Medium,2,0.0,3.7604702086675736,0.0,3.9085563611984258,4.795838006337484,25.87154064178467,1.2000000178813934,5.030357480049133,0.1000000014901161,5.39085355758667,1.0,0.0,1.0,0.0,1.0,1.0,0.0,0.0,1.0,1.0
Dong Thap_2002_winter_spring,2002,High,0,0.0,4.195855254218692,0.0,4.079426474571228,4.279745515187582,26.95820722579956,0.1000000014901161,4.675563395023346,0.4000000134110451,5.340396060943603,0.0,0.0,1.0,0.0,1.0,1.0,0.0,0.0,1.0,0.0
Long An_2002_summer_autumn,2002,Low,1,19.0,5.923867191587176,12.0,5.142900676727295,4.565535720189413,26.99252052307129,152.2000014781952,3.5127688109874726,98.49999754875898,4.406499786376953,0.0,0.0,0.0,0.0,0.0,0.0,0.0,0.0,0.0,0.0
Ben Tre_2002_winter_spring,2002,Medium,2,0.0,3.5052960827237083,0.0,3.673186602592468,4.229811000823974,25.960229015350343,0.1000000014901161,4.606070101261139,0.5000000149011612,5.055392303466797,1.0,0.0,1.0,0.0,1.0,1.0,0.0,0.0,1.0,1.0
Long An_2002_winter_spring,2002,Medium,2,0.0,3.937000762848627,0.0,4.133269748687744,4.415507125854492,27.34710340499878,0.3000000044703483,4.819998383522034,0.2000000029802322,5.348540649414063,0.0,0.0,0.0,0.0,0.0,1.0,0.0,0.0,0.0,0.0
Vinh Long_2002_main_season,2002,Low,1,1.0,4.569822549819946,0.0,3.4793734312057496,4.1673330942789715,27.430375003814696,82.50000014901161,4.273759508132935,192.20000624656677,3.151732120513916,0.0,1.0,0.0,0.0,0.0,0.0,0.0,0.0,0.0,0.0
Ben Tre_2002_main_season,2002,High,0,0.0,4.464507920401437,0.0,3.487387571334839,4.194064744313558,27.30481195449829,99.90000162273644,4.260229754447937,198.1000004708767,3.185216131210327,0.0,1.0,0.0,0.0,0.0,0.0,0.0,0.0,0.0,0.0
Ben Tre_2002_summer_autumn,2002,Medium,2,0.0,5.402682009197417,0.0,4.5838297080993655,4.3156776587168375,26.80783224105835,159.80000077188015,3.377283811569214,108.2000019326806,4.174360589981079,0.0,0.0,0.0,0.0,0.0,0.0,0.0,1.0,0.0,0.0
Soc Trang_2002_main_season,2002,Medium,2,0.0,4.373595180965605,0.0,3.5286315059661866,4.009776973724366,27.076895904541015,107.99999928474426,4.106026470661163,184.89999929070473,3.1345117330551147,0.0,1.0,0.0,0.0,0.0,0.0,0.0,0.0,0.0,0.0
An Giang_2002_summer_autumn,2002,High,0,16.0,5.731935864403134,5.0,4.857377986907959,4.463657442728678,27.21248025894165,118.69999957084656,3.494827723503113,99.79999911785126,4.464911298751831,0.0,0.0,0.0,0.0,0.0,0.0,0.0,0.0,0.0,0.0
An Giang_2002_main_season,2002,Low,1,0.0,4.60409368787493,0.0,3.5843885231018064,4.458835442860921,27.81789674758911,78.49999865889549,4.538291013240814,196.0999990105629,3.3122475957870483,0.0,0.0,0.0,0.0,0.0,0.0,0.0,0.0,0.0,0.0
Vinh Long_2002_summer_autumn,2002,Medium,2,12.0,5.675813300268991,5.0,4.7482829189300535,4.363440879185995,26.922353744506836,144.6000003963709,3.3577165067195893,107.00000032782556,4.177000350952149,0.0,0.0,0.0,0.0,0.0,0.0,0.0,0.0,0.0,0.0
Vinh Long_2002_winter_spring,2002,Medium,2,0.0,3.6887974057878767,0.0,3.779787940979004,4.268915859858195,26.576625061035156,0.7000000178813934,4.751010811328888,0.5000000149011612,5.2860797500610355,0.0,0.0,1.0,0.0,1.0,1.0,0.0,0.0,1.0,0.0
An Giang_2002_winter_spring,2002,Medium,2,0.0,4.29068907101949,0.0,4.0743423223495485,4.21054302851359,26.81904230117798,0.3000000044703483,4.543386054039002,0.2000000029802322,5.248248748779297,0.0,0.0,1.0,0.0,1.0,1.0,0.0,0.0,1.0,0.0
Tien Giang_2002_summer_autumn,2002,Low,1,3.0,5.55230400675819,2.0,4.682448110580444,4.387517579396566,26.7919379234314,159.80000077188015,3.4056910395622255,108.2000019326806,4.236497230529785,0.0,0.0,0.0,0.0,0.0,0.0,0.0,1.0,0.0,0.0
Soc Trang_2002_winter_spring,2002,Medium,2,0.0,3.4900668121519542,0.0,3.6365108633041383,4.4857998530069985,25.72304220199585,0.2000000029802322,4.910586869716644,0.6000000238418579,5.329721717834473,1.0,0.0,1.0,0.0,1.0,1.0,0.0,0.0,1.0,1.0
Soc Trang_2002_summer_autumn,2002,Medium,2,0.0,5.482329516183762,0.0,4.488431367874146,4.224070342381795,26.878667259216307,136.20000163465738,3.4212032198905944,123.99999940395357,4.013160572052002,0.0,0.0,0.0,0.0,0.0,0.0,0.0,1.0,0.0,0.0
Can Tho_2002_summer_autumn,2002,Medium,2,10.0,5.66108927272615,4.0,4.669988479614258,4.3415771643320715,26.973311805725096,139.99999952316284,3.351785570383072,106.69999921321867,4.076933794021606,0.0,0.0,0.0,0.0,0.0,0.0,0.0,1.0,0.0,0.0
Can Tho_2002_winter_spring,2002,High,0,0.0,3.749705439522153,0.0,3.6625325012207033,4.192778380711873,26.239978313446045,0.5000000149011612,4.688792657852173,0.0,5.336408348083496,0.0,0.0,1.0,0.0,1.0,1.0,0.0,0.0,1.0,0.0
Tien Giang_2002_winter_spring,2002,High,0,0.0,3.568235374632336,0.0,3.7942528200149535,4.3500192324320475,26.338082695007323,0.1000000014901161,4.811997103691101,0.5000000149011612,5.224209175109864,0.0,0.0,1.0,0.0,1.0,1.0,0.0,0.0,1.0,0.0
Long An_2002_main_season,2002,Medium,2,8.0,5.002535763240996,0.0,3.619022698402405,4.374551566441854,27.638874530792236,81.299998216331,4.478931641578674,190.39999976754189,3.2767163133621215,0.0,1.0,0.0,0.0,0.0,0.0,0.0,0.0,0.0,0.0
Ca Mau_2003_main_season,2003,Medium,2,0.0,3.191652808870588,0.0,3.890265417098999,3.2997843901316326,26.366520500183107,270.99999675899744,3.1693143486976623,189.80000300705433,3.8220083332061767,0.0,0.0,0.0,0.0,0.0,0.0,0.0,0.0,0.0,0.0
Ca Mau_2003_summer_autumn,2003,Low,1,4.0,5.202750205993652,0.0,3.0725452518463134,4.0198675155639645,26.67558298110962,257.1999957561493,3.506469798088074,336.69999837875366,3.094824695587158,0.0,0.0,0.0,0.0,0.0,0.0,0.0,0.0,0.0,0.0
Ben Tre_2003_main_season,2003,High,0,0.0,3.071104878471011,0.0,4.072533731460571,3.375447416305542,26.333769512176513,204.00000090897083,3.407932090759277,150.9999966621399,3.762174367904663,0.0,0.0,0.0,0.0,0.0,0.0,1.0,0.0,0.0,0.0
Ben Tre_2003_summer_autumn,2003,Low,1,0.0,5.274239074616205,0.0,3.123996033668518,4.024444437026977,26.54866647720337,191.10000085830688,3.6790270447731017,265.2000025808811,3.2997496509552,0.0,0.0,0.0,0.0,0.0,0.0,0.0,0.0,0.0,0.0
Long An_2003_summer_autumn,2003,Medium,2,17.0,5.617481844765799,1.0,3.272934627532959,4.095503203074137,26.644604110717772,194.90000307559967,3.68233836889267,279.60000467300415,3.5117178678512575,0.0,0.0,0.0,0.0,0.0,0.0,0.0,0.0,0.0,0.0
An Giang_2003_winter_spring,2003,Low,1,0.0,3.27865241255079,0.0,3.619727516174316,3.90082335472107,26.001020908355713,0.6000000014901161,4.354495120048523,0.7000000178813934,4.955042304992676,0.0,0.0,0.0,0.0,0.0,0.0,0.0,0.0,0.0,0.0
Dong Thap_2003_winter_spring,2003,Medium,2,0.0,3.223415732383728,0.0,3.616838731765747,3.847394418716431,26.07320737838745,0.8000000044703484,4.398853898048401,0.7000000104308127,5.052133026123047,0.0,0.0,0.0,0.0,0.0,0.0,0.0,0.0,0.0,0.0
Kien Giang_2003_main_season,2003,Low,1,0.0,3.261871258417765,0.0,4.08438178062439,3.3839035828908286,26.714812564849854,202.30000096559525,3.4353656649589537,204.2000019103289,3.685581450462341,0.0,0.0,0.0,0.0,0.0,0.0,0.0,0.0,0.0,0.0
Kien Giang_2003_summer_autumn,2003,Low,1,12.0,5.535507678985596,0.0,3.3888671827316283,4.10946364402771,26.823250198364256,172.39999663829803,3.642458701133728,255.8000016212463,3.299201889038086,0.0,0.0,0.0,0.0,0.0,0.0,0.0,0.0,0.0,0.0
Kien Giang_2003_winter_spring,2003,Low,1,0.0,3.3743644782475064,0.0,3.6313395881652832,4.069186290105184,26.119916439056396,4.400000303983688,4.403796672821045,2.2000000402331352,4.915385417938232,0.0,0.0,0.0,0.0,0.0,0.0,0.0,0.0,0.0,0.0
An Giang_2003_summer_autumn,2003,Medium,2,16.0,5.6412528696514315,0.0,3.2703250217437745,4.139022938410441,26.93143720626831,163.3999983072281,3.7257592916488647,222.3000001907349,3.462389178276062,0.0,0.0,0.0,1.0,0.0,0.0,0.0,1.0,0.0,0.0
Ben Tre_2003_winter_spring,2003,Medium,2,0.0,3.077393497739519,0.0,3.6365762424468993,3.8014439423878983,25.53012418746948,0.300000011920929,4.264053249359131,0.5000000149011612,4.829998760223389,0.0,0.0,0.0,0.0,0.0,0.0,0.0,0.0,0.0,0.0
Soc Trang_2003_summer_autumn,2003,Low,1,0.0,5.343242951801845,0.0,3.0904568028450012,3.964681418736776,26.5021032333374,214.8000016212463,3.5706667304039,291.50000524520874,3.170447974205017,0.0,0.0,0.0,0.0,0.0,0.0,0.0,0.0,0.0,0.0
Vinh Long_2003_summer_autumn,2003,Low,1,11.0,5.480003720238095,0.0,3.0739144802093508,3.973857816060384,26.505896472930907,184.70000302791595,3.5738208055496217,241.09999978542328,3.23982666015625,0.0,0.0,0.0,0.0,0.0,0.0,0.0,0.0,0.0,0.0
Long An_2003_main_season,2003,High,0,0.0,3.1373385985692344,0.0,4.10668833732605,3.5825440883636475,26.54210319519043,237.40000207722187,3.5587137401103974,165.0000021755695,3.7871188068389894,0.0,0.0,0.0,0.0,0.0,0.0,1.0,0.0,0.0,0.0
Bac Lieu_2003_winter_spring,2003,Low,1,0.0,3.120532955442156,0.0,4.002245206832885,4.390421597162883,25.76383247375488,1.600000001490116,4.8212600469589235,0.4000000059604644,5.169276161193848,0.0,0.0,0.0,0.0,0.0,0.0,1.0,0.0,0.0,0.0
Bac Lieu_2003_summer_autumn,2003,Medium,2,0.0,5.402433770043509,0.0,3.25669677734375,4.1109628518422445,26.803520011901856,194.69999408721924,3.6418359875679016,261.9999997615814,3.2342872047424316,0.0,0.0,0.0,0.0,0.0,0.0,0.0,0.0,0.0,0.0
Can Tho_2003_winter_spring,2003,Low,1,0.0,3.0138224987756637,0.0,3.513310389518738,3.7819255034128823,25.59445753097534,0.6000000238418579,4.282265174388885,0.5000000149011612,4.949540157318115,1.0,0.0,0.0,0.0,1.0,0.0,0.0,0.0,0.0,1.0
Can Tho_2003_summer_autumn,2003,Low,1,12.0,5.517381111780803,0.0,3.042023983001709,3.9372021357218423,26.49435348510742,153.80000025033948,3.4872195959091186,270.4999976158142,3.1375251722335817,0.0,0.0,0.0,0.0,0.0,0.0,0.0,0.0,0.0,0.0
Tien Giang_2003_winter_spring,2003,Medium,2,0.0,3.1071749812080744,0.0,3.6525900554656983,3.8106202920277914,25.70568733215332,0.300000011920929,4.360836434364319,0.5000000149011612,5.0100495147705075,1.0,0.0,0.0,0.0,1.0,0.0,0.0,0.0,0.0,1.0
Tien Giang_2003_summer_autumn,2003,Medium,2,2.0,5.369317917596726,0.0,3.1568992805480955,4.0493245124816895,26.4994366645813,191.10000085830688,3.694648814201355,265.2000025808811,3.322618594169617,0.0,0.0,0.0,0.0,0.0,0.0,0.0,0.0,0.0,0.0
Dong Thap_2003_summer_autumn,2003,Low,1,16.0,5.658439170746576,0.0,3.235539894104004,4.122054306666056,26.863311195373537,166.49999862909317,3.699971795082092,229.00000448524952,3.461081175804138,0.0,0.0,0.0,1.0,0.0,0.0,0.0,1.0,0.0,0.0
Long An_2003_winter_spring,2003,High,0,0.0,3.1953266859054565,0.0,3.6561212682724,3.8598223050435383,26.412832260131836,0.3000000044703483,4.593457937240601,0.2000000029802322,5.2451065635681156,0.0,0.0,0.0,0.0,0.0,0.0,0.0,0.0,0.0,0.0
Tra Vinh_2003_winter_spring,2003,High,0,0.0,3.0383995260511125,0.0,3.6996518421173095,3.8738236586252848,25.404104709625244,0.2000000029802322,4.3257175326347355,0.7000000104308128,4.903867073059082,0.0,0.0,0.0,0.0,0.0,0.0,0.0,0.0,0.0,0.0
Tra Vinh_2003_summer_autumn,2003,Medium,2,0.0,5.355734507242839,0.0,3.135197811126709,4.004611237843831,26.55254182815552,208.3999981880188,3.6802635908126833,290.0999935865402,3.270275855064392,0.0,0.0,0.0,0.0,0.0,0.0,0.0,0.0,0.0,0.0
Tra Vinh_2003_main_season,2003,High,0,0.0,3.1040320680254982,0.0,4.057161254882812,3.355524174372355,26.277645969390868,245.69999408721924,3.3792592346668244,198.99999684095383,3.7855919933319098,0.0,0.0,0.0,0.0,0.0,0.0,1.0,0.0,0.0,0.0
Bac Lieu_2003_main_season,2003,Low,1,0.0,3.395602748507545,0.0,4.023273086547851,3.3887937863667807,26.54435377120972,222.30000120401385,3.3553234815597532,150.6000036522746,3.936251726150513,0.0,0.0,0.0,0.0,0.0,0.0,0.0,0.0,0.0,0.0
Vinh Long_2003_winter_spring,2003,Low,1,0.0,3.052552552450271,0.0,3.557950611114502,3.7534460544586183,25.745479011535643,0.9000000357627869,4.284897327423096,0.4000000134110451,4.975549983978271,1.0,0.0,0.0,0.0,1.0,0.0,0.0,0.0,0.0,1.0
An Giang_2003_main_season,2003,Medium,2,0.0,3.11706911382221,0.0,4.158293304443359,3.484502824147542,26.84810428619385,184.20000052452087,3.591753226518631,149.29999911785126,3.7427472066879273,0.0,0.0,0.0,0.0,0.0,0.0,1.0,1.0,0.0,0.0
Vinh Long_2003_main_season,2003,High,0,0.0,3.005413526580447,0.0,3.9958942222595217,3.2806645234425864,26.425271034240723,205.0000002682209,3.368957722187042,170.9000016823411,3.650482897758484,0.0,0.0,0.0,0.0,0.0,0.0,1.0,0.0,0.0,0.0
Soc Trang_2003_winter_spring,2003,Medium,2,0.0,2.9780546767371043,0.0,3.804024257659912,4.069577439626058,25.438563346862793,0.4000000134110451,4.54883189201355,1.600000038743019,5.053821258544922,1.0,0.0,0.0,0.0,1.0,0.0,1.0,0.0,0.0,1.0
Soc Trang_2003_main_season,2003,Low,1,0.0,3.1401225441978093,0.0,3.94244215965271,3.30379048983256,26.20543804168701,242.40000176429749,3.279019922018051,161.3000002503395,3.7753109693527223,0.0,0.0,0.0,0.0,0.0,0.0,1.0,0.0,0.0,0.0
Vinh Long_2004_summer_autumn,2004,Low,1,8.0,5.09895616485959,0.0,3.8931213283538817,2.8212262471516927,27.02277030944824,141.09999990463257,3.837061297893524,193.70000149309635,3.5237505197525025,0.0,1.0,0.0,0.0,0.0,0.0,0.0,0.0,0.0,0.0
An Giang_2004_summer_autumn,2004,High,0,15.0,5.307574431101481,0.0,3.998384785652161,2.908140937487284,27.233834075927735,119.79999740421772,4.006888270378113,166.1000017300248,3.670292916297913,0.0,0.0,0.0,0.0,0.0,0.0,0.0,0.0,0.0,0.0
Vinh Long_2004_main_season,2004,Medium,2,0.0,3.6340092477344337,0.0,3.391916847229004,3.858011833826701,25.848499965667724,191.7000049352646,3.0750430524349213,192.39999955892563,3.3386580562591552,0.0,1.0,0.0,0.0,0.0,0.0,0.0,0.0,0.0,0.0
Vinh Long_2004_winter_spring,2004,Medium,2,0.0,3.8758273919423423,0.0,3.5157350063323975,4.062887843449911,26.194229221343996,0.2000000029802322,4.419381952285766,1.1000000312924385,4.632870922088623,1.0,0.0,1.0,0.0,1.0,1.0,0.0,0.0,1.0,1.0
An Giang_2004_main_season,2004,Medium,2,0.0,3.803826837312608,0.0,3.506751160621643,4.002618455886841,26.17727098464966,191.00000315904617,3.174358147382736,149.09999988228083,3.600920753479004,0.0,0.0,0.0,0.0,0.0,0.0,0.0,0.0,0.0,0.0
Dong Thap_2004_summer_autumn,2004,High,0,15.0,5.35134532338097,0.0,4.024726867675781,2.9277448892593383,27.230706787109376,110.5999996215105,4.001782965660095,171.0999974310398,3.6679238176345823,0.0,0.0,0.0,0.0,0.0,0.0,0.0,0.0,0.0,0.0
An Giang_2004_winter_spring,2004,Medium,2,0.0,4.132013116564069,0.0,4.042813768386841,4.04635181427002,26.6247709274292,0.2000000029802322,4.4837840557098385,1.50000011920929,4.726666707992553,0.0,0.0,0.0,0.0,0.0,0.0,0.0,0.0,1.0,0.0
Can Tho_2004_summer_autumn,2004,Medium,2,9.0,5.091251838774908,0.0,3.7614123582839967,2.776138655344645,26.960394763946532,108.59999917447568,3.772968983650208,176.7000002861023,3.423259081840515,0.0,1.0,0.0,0.0,0.0,0.0,0.0,0.0,0.0,0.0
Dong Thap_2004_winter_spring,2004,Medium,2,0.0,4.123734746660505,0.0,4.0076564502716066,4.10654993057251,26.64331102371216,0.2000000029802322,4.519265401363373,0.5000000149011612,4.7480488204956055,0.0,0.0,0.0,0.0,0.0,0.0,0.0,0.0,1.0,0.0
Kien Giang_2004_summer_autumn,2004,Medium,2,7.0,5.212746086574736,0.0,3.972102389335632,2.772111256917318,27.17085466384888,135.79999795556068,3.829341793060302,208.5999985933304,3.5543714141845704,0.0,0.0,0.0,0.0,0.0,0.0,0.0,0.0,0.0,0.0
Tra Vinh_2004_main_season,2004,Medium,2,0.0,3.620245317618052,0.0,3.483640122413635,3.895314772923787,25.837021160125733,226.5000002980232,3.198229998350143,202.99999803304672,3.3971632432937624,0.0,1.0,0.0,0.0,0.0,0.0,0.0,0.0,0.0,0.0
Can Tho_2004_winter_spring,2004,High,0,0.0,3.851256075359526,0.0,3.510581521987915,4.081948614120483,26.021957206726075,0.300000011920929,4.401149797439575,0.9000000134110451,4.610336627960205,1.0,0.0,1.0,0.0,1.0,1.0,0.0,0.0,1.0,1.0
Soc Trang_2004_main_season,2004,Low,1,0.0,3.635776440302531,0.0,3.461985416412354,3.818434476852417,25.862937259674073,196.9000020027161,3.108132529258728,164.89999747276306,3.3629739761352537,0.0,1.0,0.0,0.0,0.0,0.0,0.0,0.0,0.0,0.0
Soc Trang_2004_summer_autumn,2004,Medium,2,0.0,5.031752370652699,0.0,3.7275109767913817,2.995607582728068,26.97950086593628,128.99999940395355,3.856396222114563,208.5999995470047,3.475765657424927,0.0,1.0,0.0,0.0,0.0,0.0,0.0,0.0,0.0,0.0
Soc Trang_2004_winter_spring,2004,Medium,2,0.0,3.922775461560204,0.0,3.5542905044555666,4.4235590616861975,25.68960456848145,1.0,4.614311289787293,0.9000000357627869,4.817989253997803,1.0,0.0,1.0,0.0,1.0,1.0,0.0,0.0,1.0,1.0
Ben Tre_2004_winter_spring,2004,High,0,0.0,3.8674877257574174,0.0,3.4067104625701905,3.993328825632731,25.74825038909912,0.6000000014901161,4.315902638435364,2.9000000283122063,4.551031341552735,1.0,0.0,1.0,0.0,1.0,1.0,0.0,0.0,1.0,1.0
Tien Giang_2004_summer_autumn,2004,Medium,2,1.0,5.042654650551932,0.0,3.9379248285293578,2.977264165878296,26.99110336303711,137.90000408887863,3.913522791862488,215.0999985486269,3.634854788780213,0.0,1.0,0.0,0.0,0.0,0.0,0.0,0.0,0.0,0.0
Tien Giang_2004_winter_spring,2004,Medium,2,0.0,3.903364192871821,0.0,3.488983941078186,4.110369141896566,25.957979011535645,0.6000000014901161,4.435608005523681,2.9000000283122063,4.655170316696167,1.0,0.0,1.0,0.0,1.0,1.0,0.0,0.0,1.0,1.0
Long An_2004_winter_spring,2004,Medium,2,0.0,4.113678580238705,0.0,3.959797668457031,4.148563241958618,26.82210311889649,0.0,4.569496011734008,0.9000000283122063,4.82236234664917,0.0,0.0,0.0,0.0,0.0,0.0,0.0,0.0,1.0,0.0
Bac Lieu_2004_winter_spring,2004,High,0,0.0,4.136522224971226,0.0,3.828039340972901,4.590079100926717,25.82174949645996,0.0,4.725251924991608,1.2000000104308128,4.879591312408447,1.0,0.0,1.0,0.0,1.0,1.0,0.0,0.0,1.0,1.0
Bac Lieu_2004_summer_autumn,2004,High,0,0.0,5.07250284013294,0.0,3.896786847114563,3.0943874597549437,27.33768663406372,129.20000302791595,4.0851471543312075,196.9000049829483,3.612468748092651,0.0,0.0,0.0,0.0,0.0,0.0,0.0,0.0,0.0,0.0
Bac Lieu_2004_main_season,2004,Medium,2,0.0,3.7496188311349776,0.0,3.6500525426864625,3.9220698197682697,26.267478370666502,188.80000603199005,3.27325439453125,161.79999661445618,3.5665032768249514,0.0,0.0,0.0,1.0,0.0,0.0,0.0,1.0,0.0,0.0
Ben Tre_2004_summer_autumn,2004,Medium,2,1.0,4.96382661092849,0.0,3.8659217953681946,2.9672687292099,26.992104148864748,137.90000408887863,3.8840495467185976,215.0999985486269,3.621246461868286,0.0,1.0,0.0,0.0,0.0,0.0,0.0,0.0,0.0,0.0
Kien Giang_2004_winter_spring,2004,Medium,2,0.0,4.033974386396862,0.0,4.033694124221801,3.9963659922281902,26.533771419525145,6.400000236928463,4.439316201210022,9.599999994039536,4.759163007736206,0.0,0.0,1.0,0.0,1.0,1.0,0.0,0.0,1.0,0.0
Hau Giang_2004_winter_spring,2004,High,0,0.0,3.811303229559035,0.0,3.581252555847168,4.224243720372518,26.20504169464111,0.2000000029802322,4.51351922750473,1.3999999910593033,4.5806930637359615,0.0,0.0,1.0,0.0,1.0,1.0,0.0,0.0,1.0,0.0
Hau Giang_2004_summer_autumn,2004,Medium,2,10.0,4.970338707878476,0.0,3.6500566101074217,2.7424822807312013,26.92316617965698,127.5999991297722,3.711838889122009,216.7000048160553,3.323310146331787,0.0,1.0,0.0,0.0,0.0,0.0,0.0,0.0,0.0,0.0
Long An_2004_summer_autumn,2004,High,0,17.0,5.478339899153936,4.0,4.2025825309753415,3.07349001566569,27.1424165725708,131.59999752044678,3.983980393409729,178.4000060558319,3.731627526283264,0.0,1.0,0.0,0.0,0.0,0.0,0.0,0.0,0.0,0.0
Long An_2004_main_season,2004,High,0,0.0,3.8497356460207985,0.0,3.5480541801452636,4.102148342132568,25.967624950408936,188.0000023841858,3.285203069448471,241.70000565052032,3.483262324333191,0.0,0.0,0.0,0.0,0.0,0.0,0.0,0.0,0.0,0.0
Ca Mau_2004_summer_autumn,2004,Medium,2,6.0,4.752783298492432,0.0,3.6897942066192626,2.7742149670918783,27.172248363494873,132.3000032901764,3.8662760257720943,267.6000003814697,3.5128961420059204,0.0,0.0,0.0,0.0,0.0,0.0,0.0,0.0,0.0,0.0
Ca Mau_2004_main_season,2004,Low,1,0.0,3.533767881847563,0.0,3.3613050842285155,3.763704601923625,26.083499240875245,236.79999613761905,3.1393444895744325,193.50000190734863,3.444893045425415,0.0,0.0,0.0,1.0,0.0,0.0,0.0,0.0,0.0,0.0
Ben Tre_2004_main_season,2004,High,0,0.0,3.6253901634897505,0.0,3.4845619583129883,3.939672883351644,25.778874015808107,221.89999735355377,3.200364577770233,209.30000352859497,3.403294105529785,0.0,1.0,0.0,0.0,0.0,0.0,0.0,0.0,0.0,0.0
Kien Giang_2004_main_season,2004,High,0,0.0,3.8064418463479903,0.0,3.309161567687988,3.9241748332977298,26.07158288955689,249.30000126361847,2.97537339925766,157.2000008970499,3.3958133363723757,0.0,0.0,0.0,1.0,0.0,0.0,0.0,0.0,0.0,0.0
Tra Vinh_2004_summer_autumn,2004,Medium,2,0.0,4.9778067497980025,0.0,3.768926031589508,3.012783988316854,26.954520988464356,120.30000030994417,3.863744127750397,229.300002515316,3.581373105049133,0.0,1.0,0.0,0.0,0.0,0.0,0.0,0.0,0.0,0.0
Tra Vinh_2004_winter_spring,2004,High,0,0.0,3.8736041273389543,0.0,3.3992776012420656,4.131448284784953,25.681604290008544,0.4000000059604644,4.43315669298172,1.9000000357627869,4.6605776596069335,1.0,0.0,1.0,0.0,1.0,1.0,0.0,0.0,1.0,1.0
Vinh Long_2005_summer_autumn,2005,Low,1,6.0,5.365971088409424,1.0,3.905868625640869,3.758136208852132,26.78745880126953,168.70000100135803,3.505883240699768,182.2000038027763,3.2912603044509887,0.0,1.0,0.0,0.0,0.0,0.0,0.0,0.0,0.0,0.0
Vinh Long_2005_winter_spring,2005,Medium,2,0.0,3.935730536778768,0.0,4.039137334823608,4.152393452326456,25.734333419799803,0.600000023841858,4.319274592399597,0.2000000029802322,5.10514877319336,1.0,0.0,1.0,0.0,1.0,1.0,0.0,0.0,1.0,1.0
Ben Tre_2005_winter_spring,2005,Low,1,0.0,3.878141403198242,0.0,3.9589066314697265,4.102752304077148,25.269707679748535,1.2000000029802322,4.222704350948334,0.0,4.932532939910889,1.0,0.0,1.0,0.0,1.0,1.0,0.0,0.0,1.0,1.0
Tien Giang_2005_summer_autumn,2005,Medium,2,0.0,5.276895432245164,1.0,3.988839616775513,3.84031089146932,26.696207332611085,180.20000231266025,3.585711884498596,183.30000120401385,3.4351787424087523,0.0,1.0,0.0,0.0,0.0,0.0,0.0,0.0,0.0,0.0
Soc Trang_2005_summer_autumn,2005,High,0,1.0,5.557057289850144,1.0,4.066188802719116,3.939704751968384,26.776583671569824,172.60000014305115,3.5674648523330688,159.99999940395355,3.459563512802124,0.0,1.0,0.0,0.0,0.0,0.0,0.0,0.0,0.0,0.0
Soc Trang_2005_main_season,2005,Low,1,0.0,3.887811774299258,0.0,3.9342489528656,3.4868353684743245,26.28210372924805,145.2000004798174,3.1419848561286927,156.900000333786,3.877145156860351,0.0,0.0,0.0,0.0,0.0,0.0,0.0,1.0,0.0,0.0
Ben Tre_2005_summer_autumn,2005,Low,1,0.0,5.197040875752767,1.0,3.9668821144104,3.837568171819051,26.69752130508423,180.20000231266025,3.5612305045127868,183.30000120401385,3.429503836631775,0.0,1.0,0.0,0.0,0.0,0.0,0.0,0.0,0.0,0.0
Tien Giang_2005_winter_spring,2005,Medium,2,0.0,3.9240019889104936,0.0,4.031511125564575,4.168804232279459,25.45756149291992,1.2000000029802322,4.342330372333526,0.0,5.070613136291504,1.0,0.0,1.0,0.0,1.0,1.0,0.0,0.0,1.0,1.0
Bac Lieu_2005_winter_spring,2005,High,0,0.0,4.089067243394398,0.0,4.428957853317261,4.834051243464152,25.18633260726929,1.1000000536441803,4.459850752353669,0.2000000029802322,5.079534683227539,1.0,0.0,1.0,0.0,1.0,1.0,0.0,0.0,1.0,1.0
Bac Lieu_2005_summer_autumn,2005,High,0,0.0,5.666344733465285,0.0,4.190497026443482,4.084489361445109,27.199873161315917,153.900000333786,3.6920148730278015,161.49999729543924,3.5674456405639647,0.0,0.0,0.0,0.0,0.0,0.0,0.0,0.0,0.0,0.0
Bac Lieu_2005_main_season,2005,High,0,0.0,3.960472345352173,0.0,4.107650899887085,3.584302616119385,26.604561614990235,135.2999982237816,3.257820725440979,142.6999980211258,4.003608770370484,0.0,0.0,0.0,0.0,0.0,0.0,0.0,1.0,0.0,0.0
Dong Thap_2005_summer_autumn,2005,High,0,16.0,5.637489568619501,3.0,3.9764793348312377,3.7583547592163087,27.13685359954834,114.80000019073486,3.7055772662162783,178.60000371932983,3.4254941654205324,0.0,0.0,0.0,0.0,0.0,0.0,0.0,0.0,0.0,0.0
Dong Thap_2005_winter_spring,2005,High,0,0.0,4.20468130565825,0.0,4.211385498046875,4.226245514551798,26.013624095916747,0.1000000014901161,4.340420877933502,0.4000000059604645,5.168225746154786,1.0,0.0,0.0,0.0,1.0,0.0,0.0,0.0,0.0,1.0
Ca Mau_2005_summer_autumn,2005,High,0,6.0,5.389677638099307,2.0,4.02434084892273,3.8345773061116537,26.98787393569946,170.39999914169312,3.5270543813705446,240.30000442266464,3.357747168540955,0.0,0.0,0.0,0.0,0.0,0.0,0.0,0.0,0.0,0.0
Ca Mau_2005_main_season,2005,Medium,2,0.0,3.76688399769011,0.0,3.9491208744049073,3.4227731227874756,26.40589532852173,209.60000391304493,3.0052584528923036,162.30000233650208,3.943525390625,0.0,0.0,0.0,0.0,0.0,0.0,0.0,0.0,0.0,0.0
Long An_2005_main_season,2005,High,0,0.0,4.0405750047592885,0.0,3.978756980895996,3.4470446427663166,26.356895542144777,175.0000011920929,3.2646140336990355,172.30000126361847,3.9580720901489257,0.0,0.0,0.0,0.0,0.0,0.0,0.0,1.0,0.0,0.0
Soc Trang_2005_winter_spring,2005,High,0,0.0,3.9007447901226224,0.0,4.189262762069702,4.6668656667073565,25.083978748321535,0.7000000029802322,4.380821454524994,1.600000061094761,5.018316802978515,1.0,0.0,1.0,0.0,1.0,1.0,0.0,0.0,1.0,1.0
Ben Tre_2005_main_season,2005,High,0,0.0,3.943933668590727,0.0,3.8506583404541015,3.42805495262146,26.23502073287964,157.0000005364418,3.110541522502899,127.09999972581863,3.995422525405884,0.0,0.0,0.0,0.0,0.0,0.0,0.0,1.0,0.0,0.0
Long An_2005_summer_autumn,2005,Medium,2,15.0,5.50332084156218,3.0,4.104829821586609,3.871980810165405,26.91856231689453,164.60000205039978,3.747018241882324,203.60000157356265,3.4909973096847535,0.0,1.0,0.0,0.0,0.0,0.0,0.0,0.0,0.0,0.0
Long An_2005_winter_spring,2005,High,0,0.0,4.2507862250010175,0.0,4.264546461105347,4.310438315073649,26.12449941635132,0.1000000014901161,4.388187026977539,0.5000000074505805,5.317812805175781,1.0,0.0,0.0,0.0,1.0,0.0,0.0,0.0,0.0,1.0
An Giang_2005_main_season,2005,High,0,0.0,3.926961717151461,0.0,3.893976211547851,3.4028659661610923,26.574458503723143,177.90000054985285,3.1786867499351503,137.10000067949295,4.032664232254028,0.0,0.0,0.0,0.0,0.0,0.0,0.0,1.0,0.0,0.0
Tra Vinh_2005_main_season,2005,Medium,2,0.0,3.9552998656318303,0.0,3.878694410324097,3.481233310699463,26.30274991989136,167.69999626278877,3.1612634360790253,168.29999834299088,3.975382871627807,0.0,0.0,0.0,1.0,0.0,0.0,0.0,1.0,0.0,0.0
Tra Vinh_2005_summer_autumn,2005,Low,1,0.0,5.340458858580816,1.0,4.0284975719451905,3.889207871754964,26.71545829772949,219.8000011444092,3.570206308364868,194.0999976992607,3.4857982444763183,0.0,0.0,0.0,1.0,0.0,0.0,0.0,0.0,0.0,0.0
Tra Vinh_2005_winter_spring,2005,High,0,0.0,3.886740207672119,0.0,4.0177265071868895,4.31140383084615,25.16879186630249,0.800000011920929,4.309622299671173,0.2000000029802322,4.977138175964355,1.0,0.0,1.0,0.0,1.0,1.0,0.0,0.0,1.0,1.0
An Giang_2005_winter_spring,2005,High,0,0.0,4.1597521759214855,0.0,4.189505128860474,4.250186586380005,25.959875869750977,0.700000025331974,4.271366667747498,0.1000000014901161,5.067922592163086,1.0,0.0,1.0,0.0,1.0,1.0,0.0,0.0,1.0,1.0
Can Tho_2005_winter_spring,2005,High,0,0.0,3.8845427376883377,0.0,4.010587959289551,4.179681936899821,25.530915641784667,0.6000000014901161,4.267468416690827,0.4000000059604644,5.066750946044922,1.0,0.0,1.0,0.0,1.0,1.0,0.0,0.0,1.0,1.0
Can Tho_2005_summer_autumn,2005,Medium,2,5.0,5.477055606387911,2.0,3.867041540145874,3.723782205581665,26.70674934387207,174.9000005722046,3.425107145309448,193.3000019788742,3.206619257926941,0.0,1.0,0.0,0.0,0.0,0.0,0.0,0.0,0.0,0.0
Kien Giang_2005_main_season,2005,High,0,0.0,3.749580349240984,0.0,3.849909038543702,3.0920984029769896,26.478249740600585,231.6000013947487,2.871562737226486,126.79999811947346,3.8401519012451177,0.0,0.0,0.0,0.0,0.0,0.0,0.0,0.0,0.0,0.0
An Giang_2005_summer_autumn,2005,High,0,15.0,5.623319149017334,2.0,4.002314801216126,3.733653752009074,27.156125164031984,103.80000281333923,3.703936624526978,171.49999902397394,3.4021019983291625,0.0,0.0,0.0,0.0,0.0,0.0,0.0,0.0,0.0,0.0
Kien Giang_2005_winter_spring,2005,Medium,2,0.0,4.209294988995507,0.0,4.270090322494507,4.36910834312439,25.91845760345459,3.000000074505806,4.376509809494019,1.6000000089406967,5.0529336166381835,1.0,0.0,1.0,0.0,1.0,1.0,0.0,0.0,1.0,1.0
Hau Giang_2005_winter_spring,2005,High,0,0.0,3.8472794010525657,0.0,4.154678554534912,4.297013282775879,25.586498928070068,0.1000000014901161,4.295282006263733,0.2000000029802322,5.045608806610107,1.0,0.0,1.0,0.0,1.0,1.0,0.0,0.0,1.0,1.0
Hau Giang_2005_summer_autumn,2005,Medium,2,8.0,5.389437789008731,2.0,3.7749281883239743,3.642961883544922,26.590459156036378,184.2000036239624,3.300199234485626,205.2000021636486,3.124503746032715,0.0,1.0,0.0,0.0,0.0,0.0,0.0,0.0,0.0,0.0
Kien Giang_2005_summer_autumn,2005,Medium,2,6.0,5.558991137005034,1.0,3.8877430248260496,3.7330620765686033,27.07377109527588,177.20000138878822,3.4297052681446076,244.50000244379044,3.1762721824645994,0.0,0.0,0.0,0.0,0.0,0.0,0.0,0.0,0.0,0.0
Ca Mau_2006_summer_autumn,2006,Low,1,0.0,4.3900283972422285,0.0,3.49370943069458,3.610991621017456,26.149020385742187,325.9999977648258,2.576883774995804,197.20000207424164,3.5454147243499756,0.0,0.0,0.0,1.0,0.0,0.0,0.0,0.0,0.0,0.0
An Giang_2006_summer_autumn,2006,High,0,0.0,4.651741243544079,0.0,3.892128186225891,3.903999392191569,26.19123010635376,219.49999964237213,2.7132106482982636,111.5999979749322,3.629162406921387,0.0,0.0,0.0,0.0,0.0,0.0,0.0,0.0,0.0,0.0
An Giang_2006_main_season,2006,High,0,0.0,3.807891056651161,0.0,3.366352286338806,2.904540427525838,26.724354839324953,99.49999854713678,3.4697831094264986,189.09999561309817,3.5232478094100954,0.0,0.0,0.0,1.0,0.0,0.0,1.0,1.0,0.0,0.0
Tra Vinh_2006_main_season,2006,High,0,0.0,3.639978159041632,0.0,3.318902401924133,2.940247718493144,26.31764621734619,157.000001847744,3.3676308691501617,245.60000091791153,3.4488477993011473,0.0,0.0,0.0,0.0,0.0,0.0,1.0,0.0,0.0,0.0
Bac Lieu_2006_winter_spring,2006,High,0,0.0,3.1485202198936824,0.0,2.796127350330353,3.7776891072591146,25.93476915359497,0.7000000104308128,4.47735435962677,0.9000000134110451,5.363531341552735,0.0,0.0,0.0,0.0,0.0,0.0,1.0,0.0,0.0,0.0
Bac Lieu_2006_summer_autumn,2006,Low,1,0.0,4.674018666857765,0.0,3.7469472694396977,3.7793396790822342,26.396436309814455,262.20000326633453,2.7119757890701295,185.60000371932983,3.684605598449707,0.0,0.0,0.0,1.0,0.0,0.0,0.0,0.0,0.0,0.0
Dong Thap_2006_summer_autumn,2006,Low,1,0.0,4.613922414325533,0.0,3.865906014442444,3.9090624968210856,26.123103427886964,240.900004863739,2.6730224609375,129.3000006377697,3.635998554229736,0.0,0.0,0.0,0.0,0.0,0.0,0.0,0.0,0.0,0.0
Bac Lieu_2006_main_season,2006,Medium,2,0.0,3.561316819418044,0.0,3.280226011276245,3.061250654856364,26.75445775985718,136.59999787807465,3.647506034374237,218.8999958783388,3.53082242488861,0.0,0.0,0.0,1.0,0.0,0.0,0.0,1.0,0.0,0.0
Kien Giang_2006_main_season,2006,Low,1,0.0,3.628253942444211,0.0,3.305029888153076,2.844180528322856,26.60939540863037,120.80000442266464,3.3293478786945343,227.3000024855137,3.380713715553284,0.0,0.0,0.0,1.0,0.0,0.0,0.0,1.0,0.0,0.0
Long An_2006_winter_spring,2006,Medium,2,0.0,3.3808604989733015,0.0,2.904873185157776,3.513838227589925,26.21095714569092,6.600000388920306,4.096499681472778,10.800000078976154,4.736596174240113,0.0,0.0,0.0,0.0,0.0,0.0,0.0,0.0,0.0,0.0
Long An_2006_summer_autumn,2006,Low,1,1.0,4.808895247323172,0.0,4.038490839004517,4.071311775843302,26.062728118896484,223.80000287294388,2.6779620885849,169.40000355243683,3.6521435356140137,0.0,0.0,0.0,0.0,0.0,0.0,0.0,0.0,0.0,0.0
Long An_2006_main_season,2006,Medium,2,0.0,3.8731979529062905,0.0,3.466237125396729,2.814850171407064,26.493248748779298,143.10000848770142,3.5446766018867493,205.7000014781952,3.485335283279419,0.0,1.0,0.0,0.0,0.0,0.0,1.0,0.0,0.0,0.0
Ca Mau_2006_main_season,2006,Medium,2,0.0,3.3478593542462303,0.0,3.111916837692261,2.880706508954366,26.6472487449646,138.39999902248385,3.52088423371315,249.79999840259552,3.340772957801819,0.0,0.0,0.0,0.0,0.0,0.0,1.0,0.0,0.0,0.0
Kien Giang_2006_summer_autumn,2006,Low,1,0.0,4.652872199103946,0.0,3.741059813499451,3.886227591832479,26.31002073287964,316.4999959021807,2.657068508863449,125.60000145435332,3.4747297382354736,0.0,0.0,0.0,1.0,0.0,0.0,0.0,0.0,0.0,0.0
Kien Giang_2006_winter_spring,2006,Medium,2,0.0,3.5729586964561824,0.0,3.33383761882782,3.4955931663513184,25.958353996276855,9.500000044703484,4.110146641731262,10.80000027269125,4.637323961257935,1.0,0.0,0.0,0.0,1.0,0.0,0.0,0.0,0.0,1.0
Dong Thap_2006_winter_spring,2006,Medium,2,0.0,3.441442058199928,0.0,3.1323705959320067,3.4571262121200563,26.058833122253414,6.400000140070915,4.070754516124725,11.2999999076128,4.6367264747619625,1.0,0.0,0.0,0.0,1.0,0.0,0.0,0.0,0.0,1.0
Ben Tre_2006_main_season,2006,High,0,0.0,3.663058394477481,0.0,3.34974506855011,2.8487602631251017,26.299499607086183,135.6000040769577,3.3699372947216033,230.50000482797623,3.404798378944397,0.0,0.0,0.0,0.0,0.0,0.0,1.0,0.0,0.0,0.0
An Giang_2006_winter_spring,2006,Medium,2,0.0,3.5033445471809026,0.0,3.2508910369873045,3.482716107368469,26.024459075927737,7.299999885261059,4.066467130184174,8.20000034570694,4.597898254394531,1.0,0.0,0.0,0.0,1.0,0.0,0.0,0.0,0.0,1.0
Vinh Long_2006_summer_autumn,2006,Low,1,0.0,4.534042835235596,0.0,3.738816857337952,3.78974617322286,25.868813228607177,259.2000021338463,2.549076867103577,153.20000015199184,3.481807155609131,0.0,0.0,0.0,1.0,0.0,0.0,0.0,0.0,0.0,0.0
Can Tho_2006_summer_autumn,2006,Low,1,0.0,4.460686626888457,0.0,3.647671356201172,3.64364242553711,25.9559157371521,257.70000660419464,2.5462541699409487,126.00000052899122,3.4172278356552126,0.0,0.0,0.0,1.0,0.0,0.0,0.0,0.0,0.0,0.0
Tra Vinh_2006_summer_autumn,2006,Low,1,0.0,4.5750631377810524,0.0,3.8006530952453614,3.857497421900431,25.960979080200197,300.59999537467957,2.6433110356330873,188.200002849102,3.5897241592407227,0.0,0.0,0.0,1.0,0.0,0.0,0.0,0.0,0.0,0.0
Soc Trang_2006_summer_autumn,2006,Medium,2,0.0,4.565377371651786,0.0,3.7322237062454224,3.6970847924550374,26.038771152496334,232.59999990463257,2.6114415407180784,149.79999953508377,3.538459825515747,0.0,0.0,0.0,1.0,0.0,0.0,0.0,0.0,0.0,0.0
Vinh Long_2006_winter_spring,2006,Medium,2,0.0,3.151404931431725,0.0,2.6835303235054018,3.336640159289042,25.823396015167237,7.200000062584877,3.985762095451355,2.3000000342726707,4.668640546798706,0.0,0.0,0.0,0.0,0.0,0.0,0.0,0.0,0.0,0.0
Soc Trang_2006_main_season,2006,Low,1,0.0,3.549472337677366,0.0,3.1865955877304075,2.966377298037211,26.37960443496704,120.50000041723251,3.400968873500824,233.90000734478235,3.430627579689026,0.0,0.0,0.0,0.0,0.0,0.0,1.0,0.0,0.0,0.0
Hau Giang_2006_winter_spring,2006,Medium,2,0.0,3.149695351010277,0.0,2.6406893515586853,3.257297921180725,25.65712442398071,7.599999979138374,4.119348537921906,6.200000092387199,4.914220809936523,0.0,0.0,0.0,0.0,0.0,0.0,0.0,0.0,0.0,0.0
Can Tho_2006_winter_spring,2006,High,0,0.0,3.1658321902865456,0.0,2.659403347969055,3.2769261757532755,25.518312072753908,12.700000293552876,3.9727052569389345,3.40000007301569,4.705842733383179,0.0,0.0,0.0,0.0,0.0,0.0,0.0,0.0,0.0,0.0
Soc Trang_2006_winter_spring,2006,Medium,2,0.0,3.022050590742202,0.0,2.539456851482391,3.6249787012736,25.596791744232178,2.0000001490116115,4.238779675960541,1.300000049173832,5.2476145362854005,0.0,0.0,0.0,0.0,0.0,0.0,1.0,0.0,0.0,0.0
Hau Giang_2006_summer_autumn,2006,Low,1,0.0,4.379547073727562,0.0,3.5157669162750245,3.4992561817169188,25.872853755950928,268.09999656677246,2.509516680240631,149.59999819099903,3.34502754688263,0.0,0.0,0.0,1.0,0.0,0.0,0.0,0.0,0.0,0.0
Tien Giang_2006_summer_autumn,2006,Low,1,0.0,4.608710754485357,0.0,3.833399910926819,3.925578308105469,25.838811302185057,266.70000088214874,2.6245247066020965,167.69999861717224,3.6018722438812256,0.0,0.0,0.0,1.0,0.0,0.0,0.0,0.0,0.0,0.0
Ben Tre_2006_winter_spring,2006,High,0,0.0,3.1325278736296154,0.0,2.5711198449134827,3.429288053512573,25.7609582901001,9.000000394880772,3.9650171637535094,4.000000096857548,4.635781259536743,0.0,0.0,0.0,0.0,0.0,0.0,0.0,0.0,0.0,0.0
Ben Tre_2006_summer_autumn,2006,Low,1,0.0,4.559493995848156,0.0,3.8085998058319097,3.907570997873942,25.886894989013673,266.70000088214874,2.611684787273407,167.69999861717224,3.5871905708312988,0.0,0.0,0.0,1.0,0.0,0.0,0.0,0.0,0.0,0.0
Tien Giang_2006_winter_spring,2006,Low,1,0.0,3.1678023622149514,0.0,2.613732318878174,3.439173618952433,25.845062160491945,9.000000394880772,4.009626674652099,4.000000096857548,4.728702754974365,0.0,0.0,0.0,0.0,0.0,0.0,0.0,0.0,0.0,0.0
Tra Vinh_2006_winter_spring,2006,Medium,2,0.0,3.0838012979144143,0.0,2.5185465455055236,3.488140281041463,25.650040435791016,6.10000017285347,4.059702289104462,2.200000025331974,4.882918291091919,0.0,0.0,0.0,0.0,0.0,0.0,1.0,0.0,0.0,0.0
Hau Giang_2007_winter_spring,2007,Low,1,0.0,3.773438027926854,0.0,3.8971888542175295,2.788872218132019,25.05618782043457,3.2000000923871994,4.214556300640107,3.0,4.919033517837525,1.0,0.0,0.0,0.0,0.0,0.0,0.0,0.0,0.0,0.0
Can Tho_2007_summer_autumn,2007,Medium,2,1.0,4.279955540384565,0.0,3.4016292190551756,4.010481802622477,26.481540966033936,160.59999767690897,2.7624164044857027,232.19999969005585,3.1648558616638183,0.0,0.0,0.0,0.0,0.0,0.0,0.0,0.0,0.0,0.0
Can Tho_2007_winter_spring,2007,High,0,0.0,3.895189489637102,0.0,3.896642599105835,2.805689791838328,25.038520431518556,5.499999813735485,4.183111238479614,4.700000002980232,4.81690972328186,1.0,0.0,0.0,0.0,0.0,0.0,0.0,0.0,0.0,0.0
Ca Mau_2007_main_season,2007,Medium,2,0.0,3.814618689673288,0.0,3.359225640296936,2.763539171218872,26.45443696975708,215.10000324249268,3.2574284195899965,199.70000064373016,3.3324536991119387,0.0,0.0,0.0,1.0,0.0,0.0,0.0,0.0,0.0,0.0
Ca Mau_2007_summer_autumn,2007,Low,1,0.0,4.079702314876375,0.0,3.57901460647583,3.9291166146596272,26.594853782653807,242.50000047683716,2.8860250413417816,340.90000438690186,3.253438491821289,0.0,0.0,0.0,0.0,0.0,0.0,0.0,0.0,0.0,0.0
Hau Giang_2007_summer_autumn,2007,Medium,2,1.0,4.122848811603728,0.0,3.415344305038452,3.884121561050415,26.372958278656007,208.19999814033508,2.7252302348613737,240.59999442100525,3.0843531942367552,0.0,0.0,0.0,0.0,0.0,0.0,0.0,0.0,0.0,0.0
Bac Lieu_2007_main_season,2007,High,0,0.0,4.0214972496032715,0.0,3.491556696891785,2.929917065302531,26.69393644332886,124.49999982118608,3.3920478343963625,192.99999451637268,3.491884078979492,0.0,0.0,0.0,1.0,0.0,0.0,0.0,1.0,0.0,0.0
Bac Lieu_2007_winter_spring,2007,Medium,2,0.0,3.972146119390215,0.0,4.3992189693450925,2.9306454261144004,25.433519744873045,1.100000016391277,4.87873420715332,4.500000238418579,4.838340711593628,0.0,0.0,0.0,0.0,0.0,0.0,0.0,0.0,0.0,0.0
Kien Giang_2007_summer_autumn,2007,High,0,0.0,4.46248653956822,0.0,3.58610643863678,4.153941488265991,26.770436763763428,285.5000030994415,2.856142979860306,258.2000063061714,3.2008787202835083,0.0,0.0,0.0,0.0,0.0,0.0,0.0,0.0,0.0,0.0
Kien Giang_2007_main_season,2007,Medium,2,0.0,3.969552233105614,0.0,3.475717930793762,2.45258203347524,26.682104682922365,148.3999987244606,3.4167362093925475,236.9999942779541,3.285425667762756,0.0,0.0,0.0,0.0,0.0,0.0,0.0,0.0,0.0,0.0
Soc Trang_2007_winter_spring,2007,Low,1,0.0,3.865298316592262,0.0,4.080954637527466,2.7911811590194704,25.15762529373169,1.9000000432133677,4.615898895263672,3.200000286102294,4.807655124664307,1.0,0.0,0.0,0.0,0.0,0.0,0.0,0.0,1.0,0.0
Dong Thap_2007_winter_spring,2007,High,0,0.0,4.131554518427167,0.0,4.373100881576538,3.247417378425598,25.462061405181885,2.700000032782554,4.301153695583343,2.80000002682209,4.856473417282104,0.0,0.0,0.0,0.0,0.0,0.0,0.0,0.0,0.0,0.0
Dong Thap_2007_summer_autumn,2007,Medium,2,2.0,4.4864069904599875,0.0,3.489667854309082,4.231296141942342,26.654561710357665,214.80000698566437,2.9533795952796935,189.4000028371811,3.412574043273926,0.0,0.0,0.0,1.0,0.0,0.0,0.0,0.0,0.0,0.0
Soc Trang_2007_summer_autumn,2007,Medium,2,0.0,4.29347885222662,0.0,3.607107367515564,4.053659439086914,26.44897928237915,250.19999718666077,2.8168548166751863,204.6000031977892,3.2295743560791017,0.0,1.0,0.0,0.0,0.0,0.0,0.0,0.0,0.0,0.0
Soc Trang_2007_main_season,2007,Low,1,0.0,3.889387471335275,0.0,3.4247422122955324,2.6890148242314655,26.4507493019104,129.00000090897083,3.312308597564697,194.59999561309817,3.367188768386841,0.0,1.0,0.0,0.0,0.0,0.0,0.0,0.0,0.0,0.0
An Giang_2007_main_season,2007,Low,1,0.0,3.9297119095211936,0.0,3.593737020492554,2.743014939626058,26.75050106048584,135.20000302791595,3.5401059091091156,186.4999943971634,3.457201499938965,0.0,0.0,0.0,1.0,0.0,0.0,0.0,1.0,0.0,0.0
An Giang_2007_summer_autumn,2007,High,0,1.0,4.461970664206005,0.0,3.527837381362915,4.230518992741903,26.669250679016113,204.60000264644623,2.966932165622711,188.30000233650208,3.4407890129089354,0.0,0.0,0.0,1.0,0.0,0.0,0.0,0.0,0.0,0.0
Kien Giang_2007_winter_spring,2007,Low,1,0.0,3.967554898489089,0.0,4.3028099155426025,3.3071836392084757,25.33397932052612,6.899999983608723,4.245075607299805,9.400000147521496,4.828227806091308,0.0,0.0,0.0,0.0,0.0,0.0,0.0,0.0,0.0,0.0
Bac Lieu_2007_summer_autumn,2007,Low,1,0.0,4.378719846407573,0.0,3.7963168239593506,4.0878059069315595,26.815603065490723,231.7000057697296,2.9665879786014555,216.39999973773956,3.3458412075042725,0.0,0.0,0.0,1.0,0.0,0.0,0.0,0.0,0.0,0.0
An Giang_2007_winter_spring,2007,High,0,0.0,4.0493014596757435,0.0,4.373710556030273,3.3496108690897626,25.441125202178956,4.700000122189522,4.261893200874328,3.2000001519918446,4.843681602478028,0.0,0.0,0.0,0.0,0.0,0.0,0.0,0.0,0.0,0.0
Long An_2007_summer_autumn,2007,High,0,3.0,4.658487967082432,0.0,3.4551037645339964,4.313303518295288,26.5036660194397,231.99999866634607,2.9924266636371613,201.90000081062317,3.3760298538208007,0.0,1.0,0.0,0.0,0.0,0.0,0.0,0.0,0.0,0.0
Vinh Long_2007_summer_autumn,2007,Medium,2,1.0,4.297241835367112,0.0,3.3839810037612916,4.131001949310303,26.436937236785887,220.89999717473984,2.785660946369171,199.5000047683716,3.2331843519210817,0.0,1.0,0.0,0.0,0.0,0.0,0.0,0.0,0.0,0.0
Vinh Long_2007_winter_spring,2007,Medium,2,0.0,4.033411343892415,0.0,3.9826756286621094,2.8411160985628765,25.17089614868164,3.8000001162290578,4.239944648742676,0.6000000163912773,4.813153629302978,1.0,0.0,0.0,0.0,0.0,0.0,0.0,0.0,0.0,0.0
Tra Vinh_2007_winter_spring,2007,Low,1,0.0,4.009388333275204,0.0,3.908602190017701,2.733972211678823,25.164104175567623,2.100000075995922,4.403654062747956,1.0000000521540642,4.774227418899536,1.0,0.0,0.0,0.0,0.0,0.0,0.0,0.0,0.0,0.0
Tra Vinh_2007_summer_autumn,2007,High,0,0.0,4.304529893965948,0.0,3.530030083656311,4.190577220916748,26.470458030700684,225.0999999642372,2.836403822898865,233.70000503212216,3.3095017766952513,0.0,0.0,0.0,0.0,0.0,0.0,0.0,0.0,0.0,0.0
Tra Vinh_2007_main_season,2007,Low,1,0.0,3.889921721957979,0.0,3.550286078453064,2.531397501627604,26.52014579772949,165.90000320225954,3.470670485496521,250.69999623298645,3.365171594619751,0.0,0.0,0.0,0.0,0.0,0.0,0.0,0.0,0.0,0.0
Long An_2007_main_season,2007,Low,1,0.0,3.909356162661598,0.0,3.686698055267334,2.669934805234273,26.57345790863037,132.8000042438507,3.5182777523994444,234.19999952614307,3.4191237783432005,0.0,0.0,0.0,0.0,0.0,0.0,0.0,0.0,0.0,0.0
Long An_2007_winter_spring,2007,Medium,2,1.0,4.192854955082848,0.0,4.322133674621582,3.18751900990804,25.750749111175537,3.40000007301569,4.455552124977112,2.000000022351742,4.958398551940918,0.0,0.0,0.0,0.0,0.0,0.0,0.0,0.0,0.0,0.0
Ben Tre_2007_main_season,2007,Low,1,0.0,3.8723653838748024,0.0,3.5773942279815674,2.440069619814555,26.55074987411499,137.19999787956476,3.493701082468033,217.40000051259997,3.3459007263183596,0.0,1.0,0.0,0.0,0.0,0.0,0.0,0.0,0.0,0.0
Ben Tre_2007_summer_autumn,2007,Medium,2,0.0,4.315925382432484,0.0,3.4624250984191893,4.230515336990356,26.40595760345459,243.09999815374613,2.8348600804805755,203.0999977365136,3.2987046813964844,0.0,1.0,0.0,0.0,0.0,0.0,0.0,0.0,0.0,0.0
Ben Tre_2007_winter_spring,2007,High,0,0.0,4.028442399842398,0.0,3.882924108505249,2.759021993478139,25.172415924072265,3.90000019967556,4.293382751941681,2.1000000163912773,4.687453527450561,1.0,0.0,0.0,0.0,0.0,0.0,0.0,0.0,0.0,0.0
Tien Giang_2007_winter_spring,2007,Medium,2,0.0,4.098145479247684,0.0,3.961303958892822,2.799384578069051,25.186519432067872,3.90000019967556,4.3451712250709535,2.1000000163912773,4.804464378356934,1.0,0.0,0.0,0.0,0.0,0.0,0.0,0.0,0.0,0.0
Tien Giang_2007_summer_autumn,2007,Medium,2,0.0,4.375836923008873,0.0,3.4661001491546632,4.244344059626261,26.339957904815673,243.09999815374613,2.8429018676280977,203.0999977365136,3.3144686651229858,0.0,1.0,0.0,0.0,0.0,0.0,0.0,0.0,0.0,0.0
Tra Vinh_2008_winter_spring,2008,Medium,2,0.0,3.6907609644390287,0.0,3.676807627677918,3.0815178871154787,26.005041217803956,18.20000009983778,4.150812947750092,11.30000026524067,4.532015495300293,1.0,0.0,1.0,0.0,1.0,1.0,0.0,0.0,1.0,1.0
Can Tho_2008_winter_spring,2008,High,0,0.0,3.7357070105416432,0.0,3.591837978363037,3.1661666949590046,26.396124362945557,15.60000043362379,4.2697140872478485,9.60000042617321,4.477809247970581,0.0,0.0,1.0,0.0,1.0,1.0,0.0,0.0,1.0,0.0
Vinh Long_2008_winter_spring,2008,Medium,2,0.0,3.692015023458571,0.0,3.5629317140579224,3.2217246452967325,26.56183385848999,21.10000047832727,4.279764240980148,7.400000140070915,4.504696507453918,0.0,0.0,1.0,0.0,1.0,1.0,0.0,0.0,1.0,0.0
Tra Vinh_2008_summer_autumn,2008,High,0,0.0,4.063127222515288,0.0,3.3495001649856566,3.5255112727483113,26.523062705993652,165.6999996304512,3.5193153262138366,233.30000150203705,3.667142086029053,0.0,0.0,0.0,0.0,0.0,0.0,0.0,0.0,0.0,0.0
Can Tho_2008_summer_autumn,2008,Medium,2,0.0,4.0119043191274,0.0,3.1587374448776244,3.4438259919484455,26.525916004180907,129.90000245720148,3.444872963428497,201.20000181347132,3.5030346393585203,0.0,1.0,0.0,0.0,0.0,0.0,0.0,0.0,0.0,0.0
Hau Giang_2008_summer_autumn,2008,Medium,2,0.0,3.9623102801186696,0.0,3.099494009017944,3.375241168340047,26.429103755950926,152.0000001192093,3.3638479232788088,214.999998152256,3.400365424156189,0.0,1.0,0.0,0.0,0.0,0.0,0.0,0.0,0.0,0.0
Tien Giang_2008_winter_spring,2008,High,0,0.0,3.669766891570318,0.0,3.609028768539429,3.218480348587036,26.31287384033203,24.60000057518482,4.2376484870910645,11.000000163912771,4.45652373790741,0.0,0.0,1.0,0.0,1.0,1.0,0.0,0.0,1.0,0.0
Hau Giang_2008_winter_spring,2008,Low,1,0.0,3.723354419072469,0.0,3.8323449516296386,3.2362739721934,26.592229461669923,14.999999716877936,4.436445939540863,16.100000239908695,4.517542667388916,0.0,0.0,0.0,0.0,0.0,1.0,0.0,0.0,0.0,0.0
Kien Giang_2008_summer_autumn,2008,High,0,0.0,4.160901705423991,0.0,3.3428937816619873,3.620565676689148,26.82845869064331,132.00000250339508,3.599942314624786,171.79999244213104,3.696192989349365,0.0,0.0,0.0,1.0,0.0,0.0,0.0,1.0,0.0,0.0
Bac Lieu_2008_winter_spring,2008,High,0,0.0,3.991040581748599,0.0,4.0868140316009525,3.2744527101516723,26.26654081344605,12.200000382959844,4.534570300579071,11.799999870359898,4.863055362701416,0.0,0.0,1.0,0.0,1.0,1.0,0.0,0.0,1.0,0.0
Bac Lieu_2008_summer_autumn,2008,Medium,2,0.0,4.1873581522987005,0.0,3.45118438243866,3.517099714279175,26.854665279388428,160.49999859929085,3.632668864727021,232.2000038027763,3.64063042640686,0.0,0.0,0.0,0.0,0.0,0.0,0.0,0.0,0.0,0.0
Bac Lieu_2008_main_season,2008,Medium,2,0.0,3.902759529295422,0.0,3.509614095687866,3.5916393915812175,26.588102436065675,187.80000258982184,3.6259071469306945,153.2999969497323,3.6572483158111577,0.0,0.0,0.0,1.0,0.0,0.0,0.0,1.0,0.0,0.0
An Giang_2008_main_season,2008,High,0,0.0,3.8283565157935735,0.0,3.5647920036315917,3.66131223042806,26.836124324798583,153.60000431537628,3.762551093101502,135.6999989151955,3.605079507827759,0.0,0.0,0.0,0.0,0.0,0.0,0.0,1.0,0.0,0.0
An Giang_2008_summer_autumn,2008,High,0,1.0,4.229597216560727,0.0,3.3798182010650635,3.6672370433807377,26.847479724884032,116.89999683201312,3.731301772594452,186.89999993145463,3.8143739795684817,0.0,0.0,0.0,0.0,0.0,0.0,0.0,1.0,0.0,0.0
An Giang_2008_winter_spring,2008,High,0,0.0,3.968395573752267,0.0,3.639366512298584,3.6316164334615073,27.010396862030028,5.599999934434891,4.312235569953918,9.90000019222498,4.562556400299072,0.0,0.0,0.0,0.0,0.0,1.0,0.0,0.0,0.0,0.0
Tien Giang_2008_summer_autumn,2008,Medium,2,0.0,4.191492273693993,0.0,3.386417088508606,3.560163736343384,26.619227504730222,136.2999985590577,3.579310083389282,199.29999935626984,3.7660396480560303,0.0,0.0,0.0,0.0,0.0,0.0,0.0,1.0,0.0,0.0
Kien Giang_2008_winter_spring,2008,High,0,0.0,4.15672999336606,0.0,3.7090447616577142,3.7890647093455,27.0030424118042,13.299999982118608,4.481852972507477,22.800000093877316,4.487584362030029,0.0,0.0,0.0,0.0,0.0,1.0,0.0,0.0,0.0,0.0
Kien Giang_2008_main_season,2008,High,0,0.0,3.855678331284296,0.0,3.4657103395462037,3.5519784927368163,26.74543685913086,116.69999605417252,3.625401854515076,197.00000298023224,3.565559959411621,0.0,0.0,0.0,1.0,0.0,0.0,1.0,1.0,0.0,0.0
Soc Trang_2008_main_season,2008,Medium,2,0.0,3.7725789433433894,0.0,3.36431676864624,3.467383734385173,26.311791801452635,174.59999760985374,3.5316984593868255,168.8999994546175,3.5043517208099364,0.0,1.0,0.0,0.0,0.0,0.0,1.0,0.0,0.0,0.0
Ben Tre_2008_main_season,2008,High,0,0.0,3.798803840364729,0.0,3.4611945486068727,3.610256226857503,26.40710334777832,191.0000002980232,3.637437987327575,189.00000196695328,3.4784256553649904,0.0,1.0,0.0,0.0,0.0,0.0,1.0,0.0,0.0,0.0
Ben Tre_2008_summer_autumn,2008,High,0,0.0,4.131803001676287,0.0,3.3599424266815188,3.541247606277466,26.600020694732667,136.2999985590577,3.554649168252945,199.29999935626984,3.7302437019348145,0.0,1.0,0.0,0.0,0.0,0.0,0.0,0.0,0.0,0.0
Dong Thap_2008_winter_spring,2008,High,0,0.0,3.8945645491282144,0.0,3.6777439308166504,3.612559525171916,27.168102550506593,8.299999833106995,4.461396515369415,9.100000493228436,4.652628955841064,0.0,0.0,0.0,0.0,0.0,1.0,0.0,0.0,0.0,0.0
Dong Thap_2008_summer_autumn,2008,Medium,2,2.0,4.275033632914226,0.0,3.3890007829666136,3.627676010131836,26.847686195373537,120.90000564604998,3.688176143169403,210.90000390261412,3.826320934295654,0.0,0.0,0.0,0.0,0.0,0.0,0.0,1.0,0.0,0.0
Ben Tre_2008_winter_spring,2008,High,0,0.0,3.6548392318543934,0.0,3.5680769586563112,3.129420797030131,26.075749397277832,24.60000057518482,4.084638625383377,11.000000163912771,4.368270711898804,1.0,0.0,1.0,0.0,1.0,1.0,0.0,0.0,1.0,1.0
Soc Trang_2008_winter_spring,2008,High,0,0.0,3.743272656486148,0.0,3.8858707618713377,3.135479434331258,25.98595809936523,15.799999967217444,4.294237101078034,10.799999751150608,4.728294701576233,1.0,0.0,1.0,0.0,1.0,1.0,0.0,0.0,1.0,1.0
Soc Trang_2008_summer_autumn,2008,Medium,2,0.0,4.015007359640939,0.0,3.2974595737457277,3.4504598299662272,26.493667125701904,196.50000536441803,3.465185117721558,226.5000021159649,3.5342653226852416,0.0,1.0,0.0,0.0,0.0,0.0,0.0,0.0,0.0,0.0
Tra Vinh_2008_main_season,2008,High,0,0.0,3.801900875000727,0.0,3.4284725999832153,3.5857171853383383,26.35004119873047,204.89999759197235,3.604174757003784,212.09999692440033,3.481691598892212,0.0,1.0,0.0,0.0,0.0,0.0,1.0,0.0,0.0,0.0
Vinh Long_2008_summer_autumn,2008,Low,1,0.0,4.089660553705125,0.0,3.253252305984497,3.4960513591766356,26.6337082862854,138.7999953776598,3.5105138778686524,226.20000351965427,3.6447863578796382,0.0,0.0,0.0,0.0,0.0,0.0,0.0,1.0,0.0,0.0
Ca Mau_2008_summer_autumn,2008,Low,1,0.0,4.00403230530875,0.0,3.2843835735321045,3.4585976521174113,26.680895137786862,170.10000056028366,3.4900515556335447,260.1999999284744,3.5446868324279786,0.0,0.0,0.0,0.0,0.0,0.0,0.0,0.0,0.0,0.0
Long An_2008_winter_spring,2008,Medium,2,0.0,3.7207883426121304,0.0,3.7876842403411866,3.7514209429423016,27.402103614807128,7.499999895691872,4.566569578647614,15.90000021457672,4.692883453369141,0.0,0.0,0.0,0.0,0.0,1.0,0.0,0.0,0.0,0.0
Long An_2008_summer_autumn,2008,High,0,4.0,4.45382004692441,0.0,3.545848250389099,3.665592972437541,26.770436382293703,125.80000245571136,3.6773028492927553,158.1000034585595,3.9098997688293458,0.0,0.0,0.0,1.0,0.0,0.0,0.0,1.0,0.0,0.0
Long An_2008_main_season,2008,High,0,0.0,3.932103645233881,0.0,3.575403594970703,3.6720738410949703,26.621375179290773,147.80000237375498,3.810191130638122,213.000005915761,3.6111038589477538,0.0,1.0,0.0,0.0,0.0,0.0,0.0,0.0,0.0,0.0
Ca Mau_2008_main_season,2008,High,0,0.0,3.784278665270125,0.0,3.4196646928787233,3.494229475657145,26.491728115081788,208.49999791383743,3.557326078414917,220.90000651031733,3.508029160499573,0.0,1.0,0.0,0.0,0.0,0.0,1.0,0.0,0.0,0.0
Tra Vinh_2009_main_season,2009,Medium,2,0.0,3.4398402259463357,0.0,3.978601722717285,3.7671176274617513,26.432749652862547,179.20000030100346,3.1204922676086424,190.5000026524067,4.093048677444458,0.0,0.0,0.0,0.0,0.0,0.0,1.0,1.0,0.0,0.0
Ben Tre_2009_main_season,2009,High,0,0.0,3.3881186644236245,0.0,3.9721649646759034,3.797679805755615,26.38699932098389,142.10000053793192,3.06943393945694,182.80000281333923,4.044034070968628,0.0,0.0,0.0,0.0,0.0,0.0,1.0,1.0,0.0,0.0
Ben Tre_2009_summer_autumn,2009,Medium,2,0.0,3.7989649148214433,0.0,3.5234113216400145,4.063736168543498,26.905020332336427,133.59999772906303,3.67411470413208,175.20000282675028,3.4032858753204347,0.0,0.0,0.0,1.0,0.0,0.0,0.0,1.0,0.0,0.0
Bac Lieu_2009_main_season,2009,Medium,2,0.0,3.716989358266195,0.0,4.170457811355591,3.833300892512004,26.90987358093262,150.00000143051147,3.4222516059875487,106.79999985545874,4.188288850784302,0.0,0.0,0.0,0.0,0.0,0.0,0.0,1.0,0.0,0.0
Ben Tre_2009_winter_spring,2009,High,0,0.0,2.973924097560701,0.0,3.2142231702804565,3.089334019025167,24.63689556121826,0.8999999910593033,3.828473520278931,46.00000359117985,4.068746638298035,0.0,0.0,0.0,0.0,0.0,0.0,0.0,0.0,0.0,0.0
Tra Vinh_2009_summer_autumn,2009,High,0,0.0,3.839556892712911,0.0,3.5357093334198,4.100328795115153,26.875354385375974,163.30000066757202,3.6840518593788145,221.49999852478504,3.3895817756652833,0.0,0.0,0.0,1.0,0.0,0.0,0.0,1.0,0.0,0.0
Kien Giang_2009_winter_spring,2009,High,0,0.0,3.560496460823786,0.0,3.942070727348327,3.820792826016744,24.74012537002563,10.700000181794168,3.955346465110779,43.499999061226845,4.080523948669434,1.0,0.0,0.0,0.0,1.0,0.0,0.0,0.0,0.0,1.0
An Giang_2009_winter_spring,2009,High,0,0.0,3.419326135090419,0.0,3.7268780708312983,3.7053164641062417,24.71018829345703,2.8000002428889275,3.968791484832764,41.9000011831522,4.175244030952453,1.0,0.0,0.0,0.0,1.0,0.0,0.0,0.0,0.0,1.0
An Giang_2009_summer_autumn,2009,High,0,0.0,4.295949629374912,0.0,3.5371034717559815,3.993695783615112,27.180188274383543,132.39999878406525,3.823085975646973,173.90000136196613,3.455193462371826,0.0,0.0,0.0,1.0,0.0,0.0,0.0,0.0,0.0,0.0
Kien Giang_2009_summer_autumn,2009,Medium,2,0.0,4.328269913083031,0.0,3.6705991935729982,4.1330153783162435,27.306375312805176,129.49999791383743,3.8709668636322023,216.9999991804361,3.3769012260437012,0.0,0.0,0.0,1.0,0.0,0.0,0.0,0.0,0.0,0.0
Bac Lieu_2009_winter_spring,2009,High,0,0.0,3.202476280076163,0.0,3.422841262817383,3.144446365038554,24.697999286651612,0.0,4.166311621665955,96.5000053718686,4.024924387931824,1.0,1.0,0.0,0.0,1.0,0.0,0.0,0.0,0.0,1.0
Kien Giang_2009_main_season,2009,High,0,0.0,3.618758201599121,0.0,3.9983808422088623,3.996050421396891,26.84304141998291,152.40000022947788,3.22138671875,154.8999980688095,4.072260198593139,0.0,0.0,0.0,0.0,0.0,0.0,0.0,1.0,0.0,0.0
Soc Trang_2009_winter_spring,2009,Medium,2,0.0,3.002474171774728,0.0,3.2666767549514772,2.915433343251546,24.431373882293705,0.6000000089406966,3.956898903846741,66.80000002682209,4.023069853782654,1.0,0.0,0.0,0.0,1.0,0.0,0.0,0.0,0.0,1.0
Soc Trang_2009_summer_autumn,2009,Medium,2,0.0,3.979900700705392,0.0,3.5389907455444334,4.139533805847168,26.865334033966064,178.30000185966492,3.677191686630249,215.19999814033508,3.334250636100769,0.0,0.0,0.0,1.0,0.0,0.0,0.0,1.0,0.0,0.0
Soc Trang_2009_main_season,2009,Medium,2,0.0,3.5165863150642034,0.0,3.961341743469238,3.683563979466756,26.49772882461548,151.20000076293945,3.1602223396301268,149.00000101327896,4.077078008651734,0.0,0.0,0.0,0.0,0.0,0.0,0.0,1.0,0.0,0.0
Tien Giang_2009_winter_spring,2009,Medium,2,0.0,3.0157344341278076,0.0,3.242835488319397,3.136255153020223,24.655374813079835,0.8999999910593033,3.8627685546875,46.00000359117985,4.130444326400757,0.0,0.0,0.0,0.0,0.0,0.0,0.0,0.0,0.0,0.0
Tien Giang_2009_summer_autumn,2009,Low,1,1.0,3.862647124699184,0.0,3.5485268735885622,4.06964290936788,26.851103115081788,133.59999772906303,3.6837813377380377,175.20000282675028,3.4145670413970945,0.0,0.0,0.0,1.0,0.0,0.0,0.0,1.0,0.0,0.0
An Giang_2009_main_season,2009,High,0,0.0,3.449027833484468,0.0,3.950567398071289,4.053811613718668,26.83154125213623,140.7000020518899,3.1540074229240416,146.19999933242798,4.125971889495849,0.0,0.0,0.0,0.0,0.0,0.0,0.0,1.0,0.0,0.0
Tra Vinh_2009_winter_spring,2009,Medium,2,0.0,2.9447313717433383,0.0,3.2231964111328124,2.97565545241038,24.504730033874512,1.8000000566244128,3.853183162212372,46.3000048995018,4.071189532279968,0.0,0.0,0.0,0.0,0.0,0.0,0.0,0.0,0.0,0.0
Bac Lieu_2009_summer_autumn,2009,Low,1,0.0,4.196429655665443,0.0,3.695256299972534,4.383121522267659,27.262165832519532,165.7000038176775,3.8324366450309753,208.59999990463257,3.5398860931396485,0.0,0.0,0.0,1.0,0.0,0.0,0.0,0.0,0.0,0.0
Vinh Long_2009_summer_autumn,2009,Low,1,1.0,3.8982741151537215,0.0,3.4183019542694093,3.984600559870402,26.89047842025757,148.00000186264515,3.6080520272254946,169.70000039041042,3.319943461418152,0.0,0.0,0.0,1.0,0.0,0.0,0.0,1.0,0.0,0.0
Long An_2009_summer_autumn,2009,Medium,2,4.0,4.0714786279769175,0.0,3.673346700668335,3.976946234703064,26.928562450408936,137.7000009417534,3.7503714084625246,224.29999873787165,3.4333687591552735,0.0,0.0,0.0,1.0,0.0,0.0,0.0,1.0,0.0,0.0
Long An_2009_winter_spring,2009,Low,1,0.0,3.2247070244380405,0.0,3.43907443523407,3.5484111388524373,24.85991554260254,1.9000000357627869,4.068163418769837,44.000001057982445,4.28880621433258,1.0,0.0,0.0,0.0,1.0,0.0,0.0,0.0,0.0,1.0
Ca Mau_2009_summer_autumn,2009,Low,1,0.0,4.019096964881534,0.0,3.5968878173828127,4.252704588572184,27.176311779022218,162.50000021606684,3.754685914516449,254.3999981880188,3.4303939723968506,0.0,0.0,0.0,0.0,0.0,0.0,0.0,0.0,0.0,0.0
Vinh Long_2009_winter_spring,2009,Medium,2,0.0,3.0450137172426497,0.0,3.2525110483169555,3.1984473705291747,24.622874355316164,2.000000014901161,3.7908900380134583,30.500000804662708,4.125294289588928,1.0,0.0,0.0,0.0,1.0,0.0,0.0,0.0,0.0,1.0
Hau Giang_2009_winter_spring,2009,Low,1,0.0,3.1703753017243885,0.0,3.2679012203216553,3.090395998954773,24.333582878112793,0.6000000089406967,3.7873888850212096,85.20000333338976,3.908040347099304,1.0,1.0,0.0,0.0,1.0,0.0,0.0,0.0,0.0,1.0
Hau Giang_2009_summer_autumn,2009,Medium,2,0.0,3.9548935890197754,0.0,3.3666451454162596,4.0042147477467855,26.81983423233032,148.89999783039093,3.5405800700187684,204.30000045895576,3.284142827987671,0.0,0.0,0.0,1.0,0.0,0.0,0.0,1.0,0.0,0.0
Can Tho_2009_summer_autumn,2009,Medium,2,0.0,3.965880859465826,0.0,3.3657873916625975,3.9936331113179526,26.88102035522461,138.1000015437603,3.5847681641578673,175.8000030517578,3.2960211706161497,0.0,0.0,0.0,1.0,0.0,0.0,0.0,1.0,0.0,0.0
Dong Thap_2009_summer_autumn,2009,Medium,2,3.0,4.233956075849987,0.0,3.5222016525268556,3.981076018015544,27.105082988739017,135.00000047683716,3.7591938018798823,162.0999937057495,3.4487474727630616,0.0,0.0,0.0,1.0,0.0,0.0,0.0,0.0,0.0,0.0
Dong Thap_2009_winter_spring,2009,High,0,0.0,3.339325229326884,0.0,3.596808524131775,3.607388973236084,24.762687015533448,7.1999999061226845,3.938695251941681,36.000003688037395,4.236081876754761,1.0,0.0,0.0,0.0,1.0,0.0,0.0,0.0,0.0,1.0
Ca Mau_2009_main_season,2009,Medium,2,0.0,3.624823252360026,0.0,4.0439928436279295,3.8187633832295735,26.82099962234497,175.09999385476112,3.2806420803070067,220.60000085830688,4.057385120391846,0.0,0.0,0.0,0.0,0.0,0.0,0.0,1.0,0.0,0.0
Can Tho_2009_winter_spring,2009,Medium,2,0.0,3.104880440802801,0.0,3.2523027753829954,3.121991459528606,24.351853370666504,1.0000000298023224,3.7494375467300416,51.6999971345067,3.9909643030166624,0.0,0.0,0.0,0.0,0.0,0.0,0.0,0.0,0.0,0.0
Long An_2009_main_season,2009,Low,1,0.0,3.4837042888005576,0.0,3.991661376953125,3.8589770952860514,26.481269931793214,170.3999983072281,3.0410993337631225,166.20000119507313,4.026394834518433,0.0,0.0,0.0,0.0,0.0,0.0,1.0,1.0,0.0,0.0
Ben Tre_2010_summer_autumn,2010,Low,1,0.0,5.092193217504592,5.0,4.851061725616455,4.034300851821899,26.88793706893921,247.29999685287476,3.460788094997406,215.60000205039975,3.5814756393432616,0.0,0.0,0.0,0.0,0.0,0.0,0.0,0.0,0.0,0.0
Hau Giang_2010_winter_spring,2010,Medium,2,0.0,3.204398478780474,0.0,3.985808391571045,4.024142344792684,25.585666179656982,34.20000217854977,3.70584252178669,1.4000000432133677,5.114943351745605,1.0,0.0,1.0,0.0,1.0,1.0,0.0,0.0,1.0,1.0
Kien Giang_2010_main_season,2010,Medium,2,0.0,4.267248221806118,0.0,3.565384521484375,3.6238911787668866,26.83491735458374,165.19999934732914,3.3152236461639406,171.59999631345272,3.700474100112915,0.0,0.0,0.0,1.0,0.0,0.0,0.0,1.0,0.0,0.0
Tra Vinh_2010_main_season,2010,High,0,0.0,4.53601800827753,0.0,3.601784934997559,3.887994591395061,26.529833221435545,220.19999504089355,3.261221939325333,263.6999955922365,3.5993517875671386,0.0,0.0,0.0,0.0,0.0,0.0,0.0,0.0,0.0,0.0
Soc Trang_2010_main_season,2010,High,0,0.0,4.5145020257859,0.0,3.4850799942016604,3.836601893107096,26.54241762161255,208.59999758005145,3.266729873418808,195.90000311285257,3.61572024345398,0.0,0.0,0.0,1.0,0.0,0.0,0.0,0.0,0.0,0.0
Tien Giang_2010_winter_spring,2010,Medium,2,0.0,3.352734480585371,0.0,3.985101747512817,4.227575413386027,25.60266532897949,71.70000271499157,3.7592650294303898,1.3000000193715096,4.878899040222168,0.0,0.0,1.0,0.0,1.0,1.0,0.0,0.0,1.0,0.0
Tien Giang_2010_summer_autumn,2010,Medium,2,1.0,5.152014119284494,6.0,4.906674032211304,4.05253103574117,26.808395195007325,247.29999685287476,3.4739352583885195,215.60000205039975,3.59144314289093,0.0,0.0,0.0,0.0,0.0,0.0,0.0,0.0,0.0,0.0
Tra Vinh_2010_summer_autumn,2010,Medium,2,0.0,5.273621513730004,5.0,4.911472024917603,3.9856812159220376,26.91556215286255,249.20000171661377,3.4803653001785277,228.59999519586563,3.621568036079407,0.0,0.0,0.0,0.0,0.0,0.0,0.0,0.0,0.0,0.0
Kien Giang_2010_summer_autumn,2010,Medium,2,4.0,5.070119301478068,1.0,4.657311706542969,4.100604327519735,26.92991647720337,282.79999816417694,3.1804874777793883,202.40000231564045,3.5381791400909424,0.0,0.0,0.0,0.0,0.0,0.0,0.0,0.0,0.0,0.0
Kien Giang_2010_winter_spring,2010,High,0,0.0,3.696825050172352,0.0,3.937075061798096,4.0736509164174395,25.878562450408936,36.899999529123306,3.8257088899612426,6.400000177323818,5.060801944732666,1.0,0.0,0.0,0.0,0.0,0.0,0.0,0.0,1.0,0.0
Tra Vinh_2010_winter_spring,2010,High,0,0.0,3.1960722378322055,0.0,4.07039436340332,4.214486185709635,25.596499538421632,53.59999975562096,3.7800926834344866,2.6000001430511483,4.789479694366455,1.0,0.0,1.0,0.0,1.0,1.0,0.0,0.0,1.0,1.0
Vinh Long_2010_summer_autumn,2010,Medium,2,8.0,5.16268235161191,11.0,4.900421514511108,3.98014718691508,26.821521472930907,254.60000467300415,3.3363327503204347,201.9000034034252,3.5168377447128294,0.0,0.0,0.0,0.0,0.0,0.0,0.0,0.0,0.0,0.0
Vinh Long_2010_winter_spring,2010,High,0,0.0,3.322284068380083,0.0,3.900630464553833,4.16872402826945,25.611103534698486,59.39999779313803,3.6798291116952897,1.4000000059604645,4.9540565299987795,1.0,0.0,1.0,0.0,1.0,1.0,0.0,0.0,1.0,1.0
Long An_2010_main_season,2010,High,0,10.0,4.802263941083636,0.0,3.7120312881469726,3.934923537572225,26.5371036529541,192.19999964535236,3.199416333436966,252.09999771416187,3.572514419555664,0.0,0.0,0.0,0.0,0.0,0.0,0.0,0.0,0.0,0.0
Long An_2010_summer_autumn,2010,Medium,2,12.0,5.232921191624233,18.0,5.170594177246094,4.161689329147339,26.9773118019104,216.5000032186508,3.5137439370155334,189.199999704957,3.558332266807556,0.0,0.0,0.0,0.0,0.0,0.0,0.0,0.0,0.0,0.0
Soc Trang_2010_summer_autumn,2010,High,0,0.0,5.532173928760347,5.0,4.920340595245361,3.903805732727051,26.854812812805175,225.9000034332275,3.3652947545051575,212.49999862909317,3.6141334486007697,0.0,0.0,0.0,0.0,0.0,0.0,0.0,0.0,0.0,0.0
Soc Trang_2010_winter_spring,2010,High,0,0.0,3.229747102374122,0.0,4.219856367111206,4.241662438710531,25.585125064849855,42.60000041872263,3.8928779631853105,1.6000000536441803,4.815312690734864,1.0,0.0,1.0,0.0,1.0,1.0,0.0,0.0,1.0,1.0
Ben Tre_2010_winter_spring,2010,High,0,0.0,3.26304761001042,0.0,3.9084520053863527,4.103965552647908,25.5775203704834,71.70000271499157,3.714728742837906,1.3000000193715096,4.755950794219971,0.0,0.0,1.0,0.0,1.0,1.0,0.0,0.0,1.0,0.0
Can Tho_2010_winter_spring,2010,High,0,0.0,3.2121511754535494,0.0,3.893120527267456,3.998237005869547,25.461020374298094,60.4000016823411,3.612960287928581,1.9000000804662704,4.9439685249328615,1.0,0.0,1.0,0.0,1.0,1.0,0.0,0.0,1.0,1.0
Ca Mau_2010_main_season,2010,High,0,0.0,4.204039516903105,0.0,3.439955234527588,3.68580961227417,26.65277042388916,200.4000005722046,3.0971000373363493,242.89999967813492,3.5531031847000123,0.0,0.0,0.0,0.0,0.0,0.0,0.0,0.0,0.0,0.0
Ca Mau_2010_summer_autumn,2010,Medium,2,4.0,5.298055149260021,6.0,4.510710515975952,3.923556693394979,26.90214557647705,290.2999920845032,3.206663358211517,269.300000667572,3.4419518327713012,0.0,0.0,0.0,0.0,0.0,0.0,0.0,0.0,0.0,0.0
Bac Lieu_2010_winter_spring,2010,Low,1,0.0,3.438999056816101,0.0,4.373307495117188,4.304889678955078,25.8959153175354,33.5000029578805,4.086540389060974,1.600000023841858,4.975482654571533,1.0,0.0,1.0,0.0,1.0,1.0,0.0,0.0,1.0,1.0
Bac Lieu_2010_summer_autumn,2010,Medium,2,0.0,5.679077897753034,1.0,4.9086144828796385,4.024552377065023,27.11206159591675,258.00000405311584,3.3558124899864197,220.1999990940094,3.6691263771057128,0.0,0.0,0.0,0.0,0.0,0.0,0.0,0.0,0.0,0.0
An Giang_2010_winter_spring,2010,High,0,0.0,3.755127271016439,0.0,3.869286756515503,4.147739092508952,25.652271461486816,51.89999878406525,3.623001945018769,0.9000000208616257,5.041210708618164,0.0,0.0,0.0,0.0,0.0,0.0,0.0,0.0,0.0,0.0
An Giang_2010_summer_autumn,2010,High,0,10.0,5.137700500942412,7.0,4.840921812057495,4.0789295673370365,26.98831386566162,185.3000032901764,3.3875189423561096,166.60000009834766,3.6489148807525633,0.0,0.0,0.0,0.0,0.0,0.0,0.0,1.0,0.0,0.0
Can Tho_2010_summer_autumn,2010,Medium,2,10.0,5.270673070635114,10.0,4.850618762969971,3.921384604771932,26.780498600006105,204.20000314712524,3.2447477340698243,192.000000692904,3.501848969459534,0.0,0.0,0.0,0.0,0.0,0.0,0.0,0.0,0.0,0.0
Bac Lieu_2010_main_season,2010,Medium,2,0.0,4.523621150425503,0.0,3.5429008197784424,3.858957227071126,26.846644783020015,214.39999914169312,3.3283435583114622,176.89999693632126,3.673357620239258,0.0,0.0,0.0,1.0,0.0,0.0,0.0,0.0,0.0,0.0
An Giang_2010_main_season,2010,High,0,3.0,4.5041844844818115,0.0,3.6605207824707033,3.841061989466349,26.954042530059816,144.69999996572733,3.3669897854328155,195.00000220537183,3.66854040145874,0.0,0.0,0.0,1.0,0.0,0.0,0.0,1.0,0.0,0.0
Dong Thap_2010_winter_spring,2010,High,0,0.0,3.7993068354470383,0.0,3.942061195373535,4.283602380752564,25.691332626342778,61.99999950826168,3.6654981076717377,1.80000002682209,5.135189819335937,0.0,0.0,0.0,0.0,0.0,0.0,0.0,0.0,0.0,0.0
Dong Thap_2010_summer_autumn,2010,Medium,2,11.0,5.2170262563796275,10.0,4.941043205261231,4.083023564020793,26.999560928344728,207.20000302791595,3.412220072746277,169.0999991595745,3.618996238708496,0.0,0.0,0.0,0.0,0.0,0.0,0.0,0.0,0.0,0.0
Long An_2010_winter_spring,2010,High,0,0.0,3.872085991359892,0.0,3.946522388458252,4.444257640838623,25.84887456893921,85.49999555200338,3.793299821019173,1.0999999940395355,5.256712818145752,0.0,0.0,0.0,0.0,0.0,0.0,0.0,0.0,0.0,0.0
Ben Tre_2010_main_season,2010,High,0,0.0,4.525015388216291,0.0,3.621678228378296,3.886742067337036,26.439708042144776,206.6000043898821,3.2017662107944487,218.00000128895044,3.5415135288238524,0.0,0.0,0.0,1.0,0.0,0.0,0.0,0.0,0.0,0.0
Hau Giang_2010_summer_autumn,2010,Low,1,13.0,5.272625241960798,9.0,4.655083961486817,3.8159097830454503,26.613999843597412,240.7999963760376,3.0965483605861666,225.8000007867813,3.3912927961349486,0.0,0.0,0.0,0.0,0.0,0.0,0.0,0.0,0.0,0.0
Soc Trang_2011_main_season,2011,Medium,2,0.0,3.667747781390235,0.0,3.440658702850342,3.667689927419026,26.572730445861815,149.00000035762787,3.6070682048797607,255.1999973654747,3.5223835372924803,0.0,0.0,0.0,0.0,0.0,0.0,0.0,0.0,0.0,0.0
Soc Trang_2011_winter_spring,2011,High,0,0.0,2.778189119838533,0.0,2.9368266916275023,3.5570335388183594,25.08491611480713,3.70000022649765,4.097686982154846,0.6000000089406967,4.686830339431762,0.0,0.0,0.0,0.0,0.0,0.0,1.0,0.0,0.0,0.0
Tra Vinh_2011_winter_spring,2011,Low,1,0.0,2.8875136999856856,0.0,2.9601861381530763,3.2902777791023254,25.064625453948977,6.500000283122063,3.871795427799225,2.6000001132488255,4.596596527099609,0.0,0.0,0.0,0.0,0.0,0.0,1.0,0.0,0.0,0.0
Ben Tre_2011_winter_spring,2011,High,0,0.0,2.9578106800715127,0.0,3.0092692232131957,3.15776793162028,25.16918706893921,9.09999980777502,3.8167459845542906,2.000000052154064,4.499235897064209,1.0,0.0,0.0,0.0,1.0,0.0,1.0,0.0,0.0,1.0
Dong Thap_2011_winter_spring,2011,High,0,0.0,3.191346605618795,0.0,3.2449390125274657,3.176377522945404,25.554770851135252,1.900000050663948,4.036624956130981,1.100000016391277,4.679623193740845,1.0,0.0,0.0,0.0,1.0,0.0,1.0,0.0,0.0,1.0
Dong Thap_2011_summer_autumn,2011,High,0,0.0,4.270704961958385,0.0,3.770897464752198,3.5251363039016725,26.907165622711183,116.90000016987324,3.65502210855484,188.3999985009432,3.8238015842437743,0.0,0.0,0.0,0.0,0.0,0.0,0.0,1.0,0.0,0.0
Tra Vinh_2011_summer_autumn,2011,High,0,0.0,4.467452923456828,0.0,3.834113359451294,3.3469114303588867,26.751811981201172,149.0000003874302,3.669492250680923,201.300000667572,3.6884247779846193,0.0,0.0,0.0,1.0,0.0,0.0,0.0,1.0,0.0,0.0
Ca Mau_2011_summer_autumn,2011,High,0,0.0,4.301250083105905,0.0,3.8696524810791018,3.206019647916158,27.08235397338867,202.4999963194132,3.612368607521057,164.99999353289604,3.5694810009002684,0.0,0.0,0.0,1.0,0.0,0.0,0.0,0.0,0.0,0.0
Ca Mau_2011_main_season,2011,High,0,0.0,3.6647334780011858,0.0,3.4233992528915405,3.593650754292806,26.846103954315183,125.39999374747276,3.6222461640834807,282.4000018835068,3.454617614746094,0.0,0.0,0.0,0.0,0.0,0.0,0.0,0.0,0.0,0.0
Soc Trang_2011_summer_autumn,2011,High,0,0.0,4.5039065565381735,0.0,3.856924877166748,3.292451326052348,26.77699966430664,179.70000357925892,3.576139086484909,178.5000013113022,3.612633247375488,0.0,0.0,0.0,1.0,0.0,0.0,0.0,1.0,0.0,0.0
Tien Giang_2011_summer_autumn,2011,Medium,2,0.0,4.457891055515835,0.0,3.814292588233948,3.4058565219243366,26.6866247177124,142.39999397099018,3.675809961557389,180.20000088214871,3.714342222213745,0.0,0.0,0.0,1.0,0.0,0.0,0.0,1.0,0.0,0.0
Long An_2011_summer_autumn,2011,High,0,1.0,4.4916612307230634,0.0,3.871538662910462,3.628740127881368,26.760436534881592,148.40000176429749,3.622281503677368,216.9000000357628,3.785356388092041,0.0,0.0,0.0,1.0,0.0,0.0,0.0,1.0,0.0,0.0
Ben Tre_2011_main_season,2011,High,0,0.0,3.6605540741057623,0.0,3.4896144008636476,3.749402268727621,26.586792373657225,137.7000037431717,3.6241356492042542,258.39999437332153,3.6123046684265137,0.0,0.0,0.0,0.0,0.0,0.0,0.0,0.0,0.0,0.0
Ben Tre_2011_summer_autumn,2011,High,0,0.0,4.394432805833363,0.0,3.786331915855408,3.3753108580907187,26.744708824157716,142.39999397099018,3.669715434312821,180.20000088214871,3.698054685592651,0.0,0.0,0.0,1.0,0.0,0.0,0.0,1.0,0.0,0.0
Bac Lieu_2011_main_season,2011,Medium,2,0.0,3.775617383775257,0.0,3.607008876800537,3.737076155344645,26.93612413406372,138.6000018119812,3.765112566947937,230.4999965429306,3.5768771886825563,0.0,0.0,0.0,0.0,0.0,0.0,0.0,0.0,0.0,0.0
Bac Lieu_2011_summer_autumn,2011,High,0,0.0,4.487101986294701,0.0,3.9915919589996336,3.400904162724813,27.1721661567688,178.00000957399607,3.729181396961212,162.00000190734863,3.723858833312988,0.0,0.0,0.0,0.0,0.0,0.0,0.0,0.0,0.0,0.0
Bac Lieu_2011_winter_spring,2011,High,0,0.0,2.942831107548305,0.0,3.093036003112793,3.778155899047852,25.45539484024048,2.8000000789761543,4.458651602268219,2.2000000998377804,4.7859218788146975,1.0,0.0,0.0,0.0,1.0,0.0,1.0,0.0,0.0,1.0
Vinh Long_2011_winter_spring,2011,High,0,0.0,2.959047175589062,0.0,3.01015953540802,3.065983867645264,25.16245851516724,1.8000000417232511,3.822935473918915,1.1000000089406967,4.57395299911499,1.0,0.0,0.0,0.0,1.0,0.0,1.0,0.0,0.0,1.0
Tra Vinh_2011_main_season,2011,High,0,0.0,3.70024950163705,0.0,3.4827945375442506,3.74985564549764,26.58712482452393,158.6000018119812,3.6365912675857546,249.50000643730164,3.613650875091553,0.0,0.0,0.0,0.0,0.0,0.0,0.0,0.0,0.0,0.0
Vinh Long_2011_summer_autumn,2011,High,0,0.0,4.224701336451939,0.0,3.670109572410583,3.3361626863479614,26.72027063369751,150.50000371783972,3.594340181350708,175.40000408887863,3.618279609680176,0.0,0.0,0.0,0.0,0.0,0.0,0.0,1.0,0.0,0.0
An Giang_2011_winter_spring,2011,High,0,0.0,3.2485478037879583,0.0,3.2861337423324586,3.1918805917104085,25.392271041870117,1.4000000283122065,4.003547537326813,0.8000000268220901,4.610268545150757,1.0,0.0,0.0,0.0,1.0,0.0,1.0,0.0,0.0,1.0
An Giang_2011_summer_autumn,2011,High,0,0.0,4.308372735977173,0.0,3.8054225873947143,3.555449891090393,26.930710124969483,118.49999940395357,3.6366175174713136,164.4000022634864,3.837593536376953,0.0,0.0,0.0,0.0,0.0,0.0,0.0,1.0,0.0,0.0
Long An_2011_winter_spring,2011,High,0,0.0,3.1304003567922685,0.0,3.277060389518738,3.2266000548998517,25.800957775115968,2.6000000089406967,4.129373598098755,0.700000025331974,4.827879314422607,1.0,0.0,0.0,0.0,1.0,0.0,1.0,0.0,0.0,1.0
An Giang_2011_main_season,2011,High,0,0.0,3.647527950150626,0.0,3.606095938682556,3.767096360524496,26.958001136779785,147.49999949336052,3.7505596041679383,202.50000050663948,3.7093734312057496,0.0,0.0,0.0,0.0,0.0,0.0,0.0,1.0,0.0,0.0
Long An_2011_main_season,2011,High,0,0.0,3.6650140455790927,0.0,3.588727469444275,3.780768330891927,26.633249378204347,182.89999735355377,3.68840012550354,262.9999976158142,3.683193006515503,0.0,0.0,0.0,0.0,0.0,0.0,0.0,0.0,0.0,0.0
Can Tho_2011_winter_spring,2011,High,0,0.0,2.894257613590786,0.0,2.937643632888794,3.089408294359843,24.8985200881958,9.899999640882015,3.7723587572574617,0.800000011920929,4.524606246948242,1.0,0.0,0.0,0.0,1.0,0.0,1.0,0.0,0.0,1.0
Kien Giang_2011_summer_autumn,2011,High,0,0.0,4.370296012787592,0.0,3.9016330289840697,3.4429500500361123,26.939083290100097,144.7000008225441,3.526253646612167,172.29999525099993,3.7633473443984986,0.0,0.0,0.0,0.0,0.0,0.0,0.0,1.0,0.0,0.0
Kien Giang_2011_winter_spring,2011,High,0,0.0,3.228429340180897,0.0,3.246214303970337,3.215756313006083,25.42304239273071,9.000000424683094,4.051822924613953,8.800000302493572,4.573606672286988,1.0,0.0,0.0,0.0,1.0,0.0,1.0,0.0,0.0,1.0
Hau Giang_2011_summer_autumn,2011,Low,1,0.0,4.092662175496419,0.0,3.6161991357803345,3.1895418802897137,26.655249977111815,181.50000212341547,3.410875070095062,202.30000120401385,3.418403511047363,0.0,0.0,0.0,1.0,0.0,0.0,0.0,1.0,0.0,0.0
Tien Giang_2011_winter_spring,2011,High,0,0.0,2.9734591302417575,0.0,3.022701187133789,3.1529627362887065,25.230999279022218,9.09999980777502,3.867967414855957,2.000000052154064,4.621300563812256,1.0,0.0,0.0,0.0,1.0,0.0,1.0,0.0,0.0,1.0
Can Tho_2011_summer_autumn,2011,Medium,2,0.0,4.175921735309419,0.0,3.64235942363739,3.2918008089065554,26.668103408813476,140.80000322312117,3.504373812675476,170.89999893307686,3.5127134227752688,0.0,0.0,0.0,0.0,0.0,0.0,0.0,1.0,0.0,0.0
Kien Giang_2011_main_season,2011,Medium,2,0.0,3.7084757657278153,0.0,3.497932529449463,3.738202873865763,26.816479682922363,163.20000439882278,3.624475473165512,196.1000013127923,3.7125756406784056,0.0,0.0,0.0,0.0,0.0,0.0,0.0,1.0,0.0,0.0
Hau Giang_2011_winter_spring,2011,Medium,2,0.0,2.8333842697597684,0.0,2.8892931938171387,3.1860427856445312,24.939625453948977,7.600000090897083,3.889778733253479,1.8000000566244128,4.637849378585815,1.0,0.0,0.0,0.0,1.0,0.0,1.0,0.0,0.0,1.0
Kien Giang_2012_winter_spring,2012,High,0,0.0,3.7091287658328103,0.0,3.8064036560058594,3.607324997584025,25.54783411026001,98.29999835789204,3.313533955812454,51.400000013411045,4.343422107696533,0.0,0.0,1.0,0.0,1.0,1.0,0.0,0.0,1.0,0.0
Can Tho_2012_winter_spring,2012,High,0,0.0,3.4287380377451577,0.0,3.041621389389038,3.204193639755249,25.44695701599121,55.60000026226044,3.4461753189563753,37.00000002235174,4.368318662643433,1.0,0.0,1.0,0.0,1.0,1.0,0.0,0.0,1.0,1.0
Can Tho_2012_summer_autumn,2012,Medium,2,0.0,4.3220259462084085,0.0,3.304924612045288,3.6116647720336914,26.862894821166993,136.200001552701,3.654062640666962,169.2999969124794,3.419554567337036,0.0,0.0,0.0,0.0,0.0,0.0,0.0,1.0,0.0,0.0
Ben Tre_2012_winter_spring,2012,High,0,0.0,3.4664960361662365,0.0,2.94800657749176,3.2353596846262613,25.74856252670288,29.699999660253525,3.6365782856941222,32.4999999627471,4.319343976974487,1.0,0.0,1.0,0.0,1.0,1.0,0.0,0.0,1.0,1.0
Ben Tre_2012_summer_autumn,2012,High,0,0.0,4.43611817132859,0.0,3.5894813537597656,3.658716328938802,26.86679105758667,135.80000358819962,3.739797294139862,216.90000218153,3.5500061225891115,0.0,0.0,0.0,1.0,0.0,0.0,0.0,1.0,0.0,0.0
Ben Tre_2012_main_season,2012,High,0,0.0,3.5724415552048456,0.0,3.83839804649353,3.0670697053273517,26.72251977920532,114.29999834299088,3.627448201179504,169.40000676363707,3.860452642440796,0.0,0.0,0.0,0.0,0.0,0.0,1.0,1.0,0.0,0.0
Hau Giang_2012_summer_autumn,2012,Low,1,0.0,4.224888460976737,0.0,3.2139844131469726,3.6277896722157794,26.843583869934083,121.80000406503676,3.605427634716034,218.399996727705,3.372146124839783,0.0,1.0,0.0,0.0,0.0,0.0,0.0,0.0,0.0,0.0
Hau Giang_2012_winter_spring,2012,High,0,0.0,3.4415089743477956,0.0,3.0369424486160277,3.2362332344055176,25.27712554931641,63.60000210255384,3.3870881140232085,36.40000096708536,4.412288541793823,1.0,0.0,1.0,0.0,1.0,1.0,0.0,0.0,1.0,1.0
Kien Giang_2012_main_season,2012,High,0,0.0,3.4233088890711465,0.0,4.036372184753418,3.090210469563802,27.023146057128905,68.10000044107437,3.739806312322616,134.59999753534794,3.923639516830444,0.0,0.0,0.0,0.0,0.0,0.0,0.0,0.0,0.0,0.0
Kien Giang_2012_summer_autumn,2012,High,0,0.0,4.368488470713298,0.0,3.4245397806167603,3.841120131810506,27.276167392730713,116.69999346137048,3.881947576999664,141.9000023007393,3.6555269527435303,0.0,0.0,0.0,1.0,0.0,0.0,0.0,0.0,0.0,0.0
Ca Mau_2012_summer_autumn,2012,High,0,0.0,4.3035096895127065,0.0,3.467014503479004,3.896733458836873,27.14589548110962,132.6000001206994,3.8436657905578615,206.6999973654747,3.52046763420105,0.0,0.0,0.0,0.0,0.0,0.0,0.0,0.0,0.0,0.0
Tra Vinh_2012_winter_spring,2012,High,0,0.0,3.498428742090861,0.0,2.9456322240829467,3.278058934211731,25.67295789718628,30.39999981969595,3.736326777935028,21.50000026077032,4.4821749114990235,1.0,0.0,1.0,0.0,1.0,1.0,0.0,0.0,1.0,1.0
Ca Mau_2012_main_season,2012,High,0,0.0,3.5892047314416793,0.0,4.096368894577027,3.028879451751709,26.873187160491945,109.59999895095824,3.5689220905303953,194.50001102685928,3.7698560667037966,0.0,0.0,0.0,0.0,0.0,0.0,0.0,1.0,0.0,0.0
Tra Vinh_2012_main_season,2012,High,0,0.0,3.630304251398359,0.0,3.861300311088562,3.13110073407491,26.67243633270264,131.59999719262123,3.5921187341213225,192.50000563263893,3.861896991729736,0.0,0.0,0.0,0.0,0.0,0.0,0.0,1.0,0.0,0.0
Bac Lieu_2012_main_season,2012,High,0,0.0,3.8124987965538386,0.0,4.217907361984253,3.187639252344767,26.918624019622804,117.00000086426736,3.661061728000641,173.4000043272972,3.931746788024902,0.0,0.0,0.0,0.0,0.0,0.0,0.0,1.0,0.0,0.0
Vinh Long_2012_summer_autumn,2012,High,0,0.0,4.406740585962932,0.0,3.401164245605469,3.561131763458252,26.892146396636964,148.7999986410141,3.695828986167908,206.0999986976385,3.467011752128601,0.0,0.0,0.0,1.0,0.0,0.0,0.0,1.0,0.0,0.0
Vinh Long_2012_winter_spring,2012,High,0,0.0,3.4361738363901773,0.0,3.0325410747528077,3.245783726374308,25.770270824432373,41.700001277029514,3.5615147829055784,32.99999901652336,4.340245079994202,1.0,0.0,1.0,0.0,1.0,1.0,0.0,0.0,1.0,1.0
Bac Lieu_2012_summer_autumn,2012,High,0,0.0,4.531688383647373,0.0,3.7332778358459473,3.9777129173278807,27.30581216812134,121.00000515580176,3.998184597492218,203.59999930858612,3.623794584274292,0.0,0.0,0.0,1.0,0.0,0.0,0.0,0.0,0.0,0.0
Bac Lieu_2012_winter_spring,2012,Medium,2,0.0,3.780326741082328,0.0,3.2334074211120605,3.4687708775202433,25.581228256225582,29.89999969303608,3.76974858045578,13.299999982118608,4.572675886154175,1.0,0.0,1.0,0.0,1.0,1.0,0.0,0.0,1.0,1.0
An Giang_2012_winter_spring,2012,High,0,0.0,3.7115670499347506,0.0,3.634994115829467,3.5626840750376383,25.776645946502686,67.49999870359898,3.381769561767578,76.29999778419733,4.2812205410003665,1.0,0.0,1.0,0.0,1.0,1.0,0.0,0.0,1.0,1.0
An Giang_2012_summer_autumn,2012,High,0,0.0,4.521389722824097,0.0,3.4442521142959595,3.692798980077108,27.101750469207765,76.50000087171793,3.79875385761261,140.30000112205744,3.7309279823303223,0.0,0.0,0.0,1.0,0.0,0.0,0.0,0.0,0.0,0.0
An Giang_2012_main_season,2012,High,0,0.0,3.4051378624779836,0.0,3.8672391414642338,3.1387998421986896,27.19133367538452,73.29999835789204,3.9401786267757415,136.5000000819564,4.037948217391968,0.0,0.0,0.0,0.0,0.0,0.0,0.0,0.0,0.0,0.0
Tien Giang_2012_summer_autumn,2012,Medium,2,0.0,4.479694082623436,0.0,3.6129850339889527,3.67219352722168,26.854436111450195,135.80000358819962,3.7705949664115903,216.90000218153,3.5753209686279295,0.0,0.0,0.0,1.0,0.0,0.0,0.0,1.0,0.0,0.0
Tien Giang_2012_winter_spring,2012,High,0,0.0,3.484385399591355,0.0,2.997782578468323,3.3086904207865397,25.863394737243652,29.699999660253525,3.702621197700501,32.4999999627471,4.364651422500611,1.0,0.0,1.0,0.0,1.0,1.0,0.0,0.0,1.0,1.0
Tra Vinh_2012_summer_autumn,2012,High,0,0.0,4.473476954868862,0.0,3.611591248512268,3.7110546906789144,26.841396141052247,134.6000010818243,3.7361115634441378,227.89999881386757,3.564353895187378,0.0,0.0,0.0,1.0,0.0,0.0,0.0,1.0,0.0,0.0
Dong Thap_2012_winter_spring,2012,High,0,0.0,3.671090795880272,0.0,3.5279275512695314,3.597870953877767,26.03227014541626,55.90000111609697,3.525466299057007,78.50000857561827,4.3262384366989135,1.0,0.0,1.0,0.0,1.0,1.0,0.0,0.0,1.0,1.0
Dong Thap_2012_summer_autumn,2012,High,0,0.0,4.561449391501291,0.0,3.479821729660034,3.63736941019694,27.09987363815308,112.90000185370444,3.826909446716309,177.10000002384186,3.693958959579468,0.0,0.0,0.0,1.0,0.0,0.0,0.0,0.0,0.0,0.0
Long An_2012_summer_autumn,2012,High,0,2.0,4.678925162269955,0.0,3.7361974620819094,3.632839806874593,26.97502040863037,133.39999866485596,3.797248935699463,202.20000076293945,3.710917520523071,0.0,0.0,0.0,1.0,0.0,0.0,0.0,1.0,0.0,0.0
Soc Trang_2012_winter_spring,2012,High,0,0.0,3.581215438388643,0.0,3.0185802459716795,3.3678131739298505,25.54116621017456,23.300001181662083,3.7915184020996096,11.700000435113909,4.559887008666992,1.0,0.0,1.0,0.0,1.0,1.0,0.0,0.0,1.0,1.0
Soc Trang_2012_summer_autumn,2012,High,0,0.0,4.426727453867595,0.0,3.601182923316955,3.7526721159617105,26.86679191589355,129.5000011920929,3.731508594751358,210.5,3.5445279407501222,0.0,0.0,0.0,1.0,0.0,0.0,0.0,1.0,0.0,0.0
Long An_2012_winter_spring,2012,High,0,0.0,3.647144147327968,0.0,3.418682475090027,3.7397531032562257,26.488770294189457,52.500000543892384,3.800169587135315,51.90000052005052,4.465231556892395,0.0,0.0,1.0,0.0,1.0,1.0,0.0,0.0,1.0,0.0
Long An_2012_main_season,2012,High,0,0.0,3.615116845993769,0.0,3.8621675682067873,3.108097505569458,26.94731149673462,114.39999878406525,3.8998486042022704,174.70000664889812,4.017945556640625,0.0,0.0,0.0,0.0,0.0,0.0,0.0,1.0,0.0,0.0
Soc Trang_2012_main_season,2012,High,0,0.0,3.6574537583759854,0.0,3.915196366310119,3.1183646519978843,26.64189624786377,122.50000035762788,3.5417515218257902,150.40000102669,3.8285795974731447,0.0,0.0,0.0,0.0,0.0,0.0,0.0,1.0,0.0,0.0
Vinh Long_2013_summer_autumn,2013,High,0,0.0,4.212302707490467,0.0,3.892276439666748,3.215003800392151,26.641521167755126,197.0000023841858,3.165098267793655,233.69999665021896,3.2122039699554445,0.0,0.0,0.0,0.0,0.0,0.0,0.0,0.0,0.0,0.0
Dong Thap_2013_winter_spring,2013,High,0,0.0,3.3105841761543635,0.0,4.013884758949279,3.149559489885966,26.12456159591675,0.5,4.3517892241477965,18.700000286102295,4.997046875953674,0.0,0.0,0.0,0.0,0.0,0.0,0.0,0.0,0.0,0.0
Bac Lieu_2013_winter_spring,2013,High,0,0.0,3.295911499432155,0.0,4.09090763092041,3.375896422068278,25.6067494392395,3.000000193715095,4.538239574432373,14.300000429153442,4.982313094139099,0.0,0.0,0.0,0.0,0.0,0.0,1.0,0.0,0.0,0.0
Bac Lieu_2013_summer_autumn,2013,High,0,0.0,4.342403968175252,0.0,3.865624361038208,3.365538167953491,27.15570697784424,194.20000410079956,3.4610282301902773,207.09999731183052,3.3402853488922117,0.0,0.0,0.0,0.0,0.0,0.0,0.0,0.0,0.0,0.0
Bac Lieu_2013_main_season,2013,Medium,2,0.0,3.7392299061729792,0.0,3.4055744647979735,3.484066677093506,26.40758180618286,165.50000259280205,3.12570880651474,134.1999979391694,3.930933504104614,0.0,0.0,0.0,1.0,0.0,0.0,0.0,1.0,0.0,0.0
Long An_2013_winter_spring,2013,High,0,0.0,3.396497885386149,0.0,4.154721755981445,3.3602270762125652,26.817728805541993,0.6000000238418579,4.585340011119842,21.199999004602436,5.1049191284179685,0.0,0.0,0.0,0.0,0.0,0.0,0.0,0.0,0.0,0.0
Ben Tre_2013_summer_autumn,2013,High,0,0.0,4.222426005772182,0.0,3.954044485092163,3.214990584055583,26.64272832870483,186.70000088214871,3.244113451242447,209.300000526011,3.308903007507324,0.0,1.0,0.0,0.0,0.0,0.0,0.0,0.0,0.0,0.0
Ben Tre_2013_main_season,2013,High,0,0.0,3.6493283794039777,0.0,3.207518706321716,3.73306269645691,25.864499473571776,193.89999747276303,2.904072940349579,195.20000249147415,3.554836540222168,0.0,1.0,0.0,0.0,0.0,0.0,0.0,0.0,0.0,0.0
Ca Mau_2013_summer_autumn,2013,High,0,0.0,4.189115944362822,0.0,3.709891910552978,3.319690481821696,27.017040634155272,200.299999833107,3.2936556816101072,272.099999666214,3.1967730045318605,0.0,0.0,0.0,0.0,0.0,0.0,0.0,0.0,0.0,0.0
Hau Giang_2013_winter_spring,2013,High,0,0.0,2.9946507953462147,0.0,3.7289671897888184,2.898182543118794,25.41722993850708,4.800000011920929,4.174906086921692,18.300001293420788,5.07075635433197,0.0,0.0,0.0,0.0,0.0,0.0,1.0,0.0,0.0,0.0
Can Tho_2013_summer_autumn,2013,Medium,2,0.0,4.1766661689395,0.0,3.74204719543457,3.1605592091878254,26.638103580474855,184.60000324249268,3.103381794691086,203.1999953389168,3.1570348072052004,0.0,1.0,0.0,0.0,0.0,0.0,0.0,0.0,0.0,0.0
Can Tho_2013_winter_spring,2013,High,0,0.0,3.0319267170769826,0.0,3.778459677696228,2.94592840274175,25.427478122711182,2.200000047683716,4.150970327854156,15.10000067949295,4.928876752853394,0.0,0.0,0.0,0.0,0.0,0.0,0.0,0.0,0.0,0.0
Long An_2013_main_season,2013,High,0,0.0,3.9103599275861463,0.0,3.279652166366577,3.824182160695394,26.016999626159667,202.99999690055847,3.016020119190216,216.29999575018883,3.6709547996521,0.0,0.0,0.0,1.0,0.0,0.0,0.0,0.0,0.0,0.0
Long An_2013_summer_autumn,2013,High,0,0.0,4.538519825254168,0.0,4.180700063705444,3.3862956682840983,26.75762481689453,164.69999742507937,3.3470215797424316,231.2999951839447,3.323106384277344,0.0,0.0,0.0,0.0,0.0,0.0,0.0,0.0,0.0,0.0
Ca Mau_2013_main_season,2013,High,0,0.0,3.6393240860530303,0.0,3.2970252799987794,3.3115888118743895,26.223707389831542,201.10000205039975,2.9410811960697174,143.5000004172325,3.806663236618042,0.0,0.0,0.0,1.0,0.0,0.0,0.0,0.0,0.0,0.0
Dong Thap_2013_summer_autumn,2013,High,0,0.0,4.477393933704922,0.0,4.011196165084839,3.41302060286204,26.826436233520507,188.30000638961792,3.2983217597007752,225.89999900013208,3.274387640953064,0.0,1.0,0.0,0.0,0.0,0.0,0.0,0.0,0.0,0.0
Tien Giang_2013_winter_spring,2013,High,0,0.0,3.2677547307241532,0.0,3.971234693527222,3.119450028737386,25.828395462036134,1.2000000178813934,4.36832150220871,14.09999980032444,4.93644865989685,0.0,0.0,0.0,0.0,0.0,0.0,0.0,0.0,0.0,0.0
An Giang_2013_winter_spring,2013,High,0,0.0,3.283974908647083,0.0,3.855599479675293,3.1520777503649393,25.822375106811524,0.9000000283122064,4.199012875556946,20.2999999076128,4.827207617759704,0.0,0.0,0.0,0.0,0.0,0.0,0.0,0.0,0.0,0.0
Soc Trang_2013_main_season,2013,High,0,0.0,3.565533479054769,0.0,3.186460409164429,3.492333984375,25.987833499908447,172.69999945163727,2.9147362053394317,153.00000171363354,3.699073944091797,0.0,0.0,0.0,1.0,0.0,0.0,0.0,0.0,0.0,0.0
Soc Trang_2013_summer_autumn,2013,High,0,0.0,4.269239595958164,0.0,3.77203462600708,3.1878203550974527,26.74043788909912,199.8000016212463,3.2576590180397034,216.10000050067904,3.2240610790252684,0.0,1.0,0.0,0.0,0.0,0.0,0.0,0.0,0.0,0.0
An Giang_2013_main_season,2013,High,0,0.0,3.831316936583746,0.0,3.293574585914612,3.67958292166392,26.250500774383543,190.100004889071,2.9542474508285523,154.89999961853027,3.735084400177002,0.0,0.0,0.0,1.0,0.0,0.0,0.0,0.0,0.0,0.0
An Giang_2013_summer_autumn,2013,High,0,0.0,4.516520795368013,0.0,3.9749470806121825,3.455268653233846,26.86716775894165,183.39999914169312,3.299170869588852,232.6000005081296,3.2657653856277467,0.0,0.0,0.0,0.0,0.0,0.0,0.0,0.0,0.0,0.0
Soc Trang_2013_winter_spring,2013,High,0,0.0,3.1382786546434676,0.0,3.9549930047988897,3.1896243413289387,25.374707984924317,5.199999630451202,4.352892458438873,16.899999916553494,4.931507811546326,0.0,0.0,0.0,0.0,0.0,0.0,0.0,0.0,0.0,0.0
Tien Giang_2013_summer_autumn,2013,Medium,2,0.0,4.29514681725275,0.0,3.998482933044434,3.245272135734558,26.617458057403564,186.70000088214871,3.2629575788974763,209.300000526011,3.3246126699447633,0.0,1.0,0.0,0.0,0.0,0.0,0.0,0.0,0.0,0.0
Tra Vinh_2013_main_season,2013,High,0,0.0,3.616427830287389,0.0,3.2113187980651854,3.7005580107371014,25.957958221435547,190.1999969482422,2.9337776362895966,212.0000012218952,3.599550652503967,0.0,1.0,0.0,0.0,0.0,0.0,0.0,0.0,0.0,0.0
Tra Vinh_2013_winter_spring,2013,High,0,0.0,3.157394772484189,0.0,3.890436887741089,3.091746167341868,25.4274377822876,4.0000001192092896,4.261989891529083,21.100001409649852,4.80737949848175,0.0,0.0,0.0,0.0,0.0,0.0,0.0,0.0,0.0,0.0
Kien Giang_2013_winter_spring,2013,High,0,0.0,3.2898459207443964,0.0,3.796655015945434,3.174016547203064,25.79700002670288,2.6000001281499867,4.265935599803925,23.900001011788845,4.872040824890137,0.0,0.0,0.0,0.0,0.0,0.0,0.0,0.0,0.0,0.0
Kien Giang_2013_summer_autumn,2013,High,0,0.0,4.447928258350918,0.0,3.7740954113006593,3.3918079376220702,26.978562831878666,224.30000281333923,3.2348337054252623,246.8000001758337,3.2013803195953368,0.0,0.0,0.0,0.0,0.0,0.0,0.0,0.0,0.0,0.0
Kien Giang_2013_main_season,2013,High,0,0.0,3.760721797034854,0.0,3.228614020347595,3.5368242343266805,26.29950122833252,216.6999945640564,2.9396382331848145,146.3000011742115,3.608819456100464,0.0,0.0,0.0,1.0,0.0,0.0,0.0,0.0,0.0,0.0
Vinh Long_2013_winter_spring,2013,High,0,0.0,3.1491058610734486,0.0,3.882906665802002,3.026545488834381,25.74631185531616,1.0000000074505806,4.265024650096893,13.299999713897703,4.932164220809937,0.0,0.0,0.0,0.0,0.0,0.0,0.0,0.0,0.0,0.0
Ben Tre_2013_winter_spring,2013,High,0,0.0,3.2098485174633207,0.0,3.872036085128784,3.060297155380249,25.604602813720703,1.2000000178813934,4.230599057674408,14.09999980032444,4.746173148155212,0.0,0.0,0.0,0.0,0.0,0.0,0.0,0.0,0.0,0.0
Tra Vinh_2013_summer_autumn,2013,High,0,0.0,4.245860497156779,0.0,3.9066249465942384,3.2070990165074664,26.717645359039302,203.299999833107,3.2636092960834504,230.9999942779541,3.3224374580383302,0.0,0.0,0.0,0.0,0.0,0.0,0.0,0.0,0.0,0.0
Hau Giang_2013_summer_autumn,2013,Low,1,0.0,4.083151976267497,0.0,3.642451639175415,3.126196567217509,26.614729118347167,185.39999866485596,3.062906897068024,223.49999926239252,3.0777435445785524,0.0,1.0,0.0,0.0,0.0,0.0,0.0,0.0,0.0,0.0
Soc Trang_2014_main_season,2014,High,0,0.0,4.015392269407,0.0,3.42571608543396,3.135860300064087,26.483459377288817,144.10000157356262,3.292966204881668,194.39999866485596,3.701060552597046,0.0,0.0,0.0,1.0,0.0,0.0,0.0,1.0,0.0,0.0
Hau Giang_2014_summer_autumn,2014,Medium,2,4.0,4.714253232592628,0.0,4.122093391418457,3.3295949776967366,27.03243741989136,170.099999204278,3.275653338432312,247.39999914169312,2.9523402786254884,0.0,0.0,0.0,0.0,0.0,0.0,0.0,0.0,0.0,0.0
Soc Trang_2014_winter_spring,2014,High,0,0.0,2.936700639270601,0.0,3.041391305923462,3.536462116241455,23.469603633880617,0.5000000149011612,4.055950081348419,3.0000000298023224,4.922153034210205,1.0,0.0,0.0,0.0,1.0,0.0,0.0,0.0,0.0,1.0
Tien Giang_2014_summer_autumn,2014,Medium,2,2.0,4.808121567680722,0.0,4.47548394203186,3.6654649416605634,26.96839532852173,153.30000627040863,3.3202057003974916,232.7000049054623,3.072864155769348,0.0,0.0,0.0,0.0,0.0,0.0,0.0,0.0,0.0,0.0
Soc Trang_2014_summer_autumn,2014,High,0,1.0,5.014820541654315,0.0,4.359446468353272,3.59316512743632,27.14012489318848,158.00000045448542,3.370293247699738,202.39999967813492,3.091119990348816,0.0,1.0,0.0,0.0,0.0,0.0,0.0,0.0,0.0,0.0
Long An_2014_winter_spring,2014,High,0,0.0,3.1855358680089316,0.0,3.6539164352416993,3.857966295878093,24.484915256500244,0.1000000014901161,4.5092718482017515,1.500000037252903,4.904039430618286,1.0,0.0,0.0,0.0,1.0,0.0,0.0,0.0,0.0,1.0
Can Tho_2014_winter_spring,2014,High,0,0.0,2.8572530916758945,0.0,3.194262309074402,3.278887947400411,23.34820690155029,0.3000000044703483,3.941314923763275,1.8000001087784767,4.8000811576843265,1.0,0.0,0.0,0.0,1.0,0.0,0.0,0.0,0.0,1.0
Long An_2014_main_season,2014,High,0,0.0,4.403503701800392,0.0,3.4627312660217284,3.2655072450637816,26.426687240600582,219.49999797344208,3.242449736595154,192.00000271946192,3.9129958009719847,0.0,0.0,0.0,1.0,0.0,0.0,0.0,0.0,0.0,0.0
Tien Giang_2014_winter_spring,2014,High,0,0.0,2.9952610787891207,0.0,3.2130508613586426,3.5162261962890624,23.807666492462157,0.1000000014901161,4.055272889137268,3.300000138580799,4.781500053405762,1.0,0.0,0.0,0.0,1.0,0.0,0.0,0.0,0.0,1.0
Can Tho_2014_summer_autumn,2014,Medium,2,3.0,4.792709032694499,0.0,4.218726587295532,3.4535727977752684,27.05206117630005,169.1999967172742,3.275016796588898,225.8000010997057,3.0109159326553345,0.0,1.0,0.0,0.0,0.0,0.0,0.0,0.0,0.0,0.0
Ca Mau_2014_main_season,2014,High,0,0.0,3.784026724951608,0.0,3.47602126121521,3.047556479771932,26.797666168212892,144.6999996304512,3.3421404480934145,281.79999655485153,3.596598973274231,0.0,0.0,0.0,0.0,0.0,0.0,0.0,0.0,0.0,0.0
Ben Tre_2014_main_season,2014,High,0,0.0,4.101963077272687,0.0,3.3088274955749513,3.2103389898935952,26.379603004455568,162.40000122785568,3.2650858879089357,207.1000043898821,3.845701150894165,0.0,0.0,0.0,1.0,0.0,0.0,0.0,1.0,0.0,0.0
Ben Tre_2014_summer_autumn,2014,Medium,2,3.0,4.80085259392148,0.0,4.42493049621582,3.631810744603475,27.008874225616456,153.30000627040863,3.296867144107819,232.7000049054623,3.052457847595215,0.0,0.0,0.0,0.0,0.0,0.0,0.0,0.0,0.0,0.0
Ca Mau_2014_summer_autumn,2014,Medium,2,1.0,4.736115466980707,0.0,4.181818237304688,3.461797587076823,27.438915634155272,153.00000023841858,3.504386067390442,202.50000166893005,3.055865831375122,0.0,0.0,0.0,0.0,0.0,0.0,0.0,0.0,0.0,0.0
Bac Lieu_2014_main_season,2014,Medium,2,0.0,4.0082163243066695,0.0,3.606522521972656,3.2111440976460774,26.928206825256343,148.20000157505274,3.43875173330307,181.3000007867813,3.747368907928467,0.0,0.0,0.0,1.0,0.0,0.0,0.0,1.0,0.0,0.0
Bac Lieu_2014_summer_autumn,2014,Medium,2,0.0,5.082614467257545,0.0,4.406750936508178,3.6713311195373537,27.540290546417236,141.6000034213066,3.5810336828231812,224.10000274330375,3.1929919624328615,0.0,0.0,0.0,0.0,0.0,0.0,0.0,0.0,0.0,0.0
Bac Lieu_2014_winter_spring,2014,High,0,0.0,3.180113355318705,0.0,3.293115539550781,3.783658568064372,23.814457607269286,0.700000025331974,4.294855546951294,1.100000061094761,4.998996315002441,1.0,0.0,0.0,0.0,1.0,0.0,1.0,0.0,0.0,1.0
Long An_2014_summer_autumn,2014,Medium,2,8.0,4.901142097654796,0.0,4.664702520370484,3.895076036453247,27.133458137512207,170.79999673366547,3.414993929862976,262.0999998450279,3.0853238344192504,0.0,0.0,0.0,0.0,0.0,0.0,0.0,0.0,0.0,0.0
Hau Giang_2014_winter_spring,2014,High,0,0.0,2.841377547809056,0.0,3.201370635032654,3.2059362252553303,23.35014581680298,0.9000000208616257,3.975855183601379,0.9000000059604645,4.929592094421387,1.0,0.0,0.0,0.0,1.0,0.0,0.0,0.0,0.0,1.0
Ben Tre_2014_winter_spring,2014,High,0,0.0,2.9666209391185214,0.0,3.161673460006714,3.4438709735870363,23.70699968338013,0.1000000014901161,3.970274651050567,3.300000138580799,4.665710620880127,1.0,0.0,0.0,0.0,1.0,0.0,0.0,0.0,0.0,1.0
Vinh Long_2014_summer_autumn,2014,High,0,2.0,4.723591089248657,0.0,4.319573898315429,3.538291072845459,27.013500213623047,161.3000027537346,3.239687180519104,256.4999998807907,3.0157474088668823,0.0,0.0,0.0,0.0,0.0,0.0,0.0,0.0,0.0,0.0
Kien Giang_2014_winter_spring,2014,High,0,0.0,3.3078800496600924,0.0,3.85022533416748,3.567159922917684,23.7165828704834,1.900000095367432,4.349254131317139,4.400000095367432,4.7867120742797855,1.0,0.0,0.0,0.0,1.0,0.0,0.0,0.0,0.0,1.0
Vinh Long_2014_winter_spring,2014,High,0,0.0,2.927181567464556,0.0,3.2343826627731325,3.4264073371887207,23.72631206512451,0.0,4.038656914234162,1.7000000402331352,4.771296615600586,1.0,0.0,0.0,0.0,1.0,0.0,0.0,0.0,0.0,1.0
An Giang_2014_winter_spring,2014,High,0,0.0,3.1857265006928217,0.0,3.7626400089263914,3.6165226141611737,23.884042072296143,0.0,4.3513130903244015,0.3000000044703483,4.711311025619507,1.0,0.0,0.0,0.0,1.0,0.0,0.0,0.0,0.0,1.0
Kien Giang_2014_main_season,2014,High,0,0.0,4.18530087243943,0.0,3.41011248588562,3.2768762667973834,26.81981258392334,162.79999954998493,3.3963170289993285,172.4999999254942,3.66994122505188,0.0,0.0,0.0,1.0,0.0,0.0,0.0,1.0,0.0,0.0
An Giang_2014_main_season,2014,High,0,0.0,4.344385885056996,0.0,3.3817073583602903,3.308251651128133,26.867374897003177,146.79999828338623,3.423728919029236,172.89999900758266,3.8788572263717658,0.0,0.0,0.0,0.0,0.0,0.0,0.0,1.0,0.0,0.0
An Giang_2014_summer_autumn,2014,High,0,2.0,4.840647152491978,0.0,4.62271487236023,3.641039792696635,27.348834228515624,155.30000400543213,3.4896727442741393,210.6999979019165,3.2040514373779296,0.0,0.0,0.0,0.0,0.0,0.0,0.0,0.0,0.0,0.0
Tra Vinh_2014_main_season,2014,High,0,0.0,4.075275932039533,0.0,3.3489070892333985,3.2182634830474854,26.428375434875488,193.79999728500843,3.3012228846549987,229.90000148117545,3.829675407409668,0.0,0.0,0.0,1.0,0.0,0.0,0.0,0.0,0.0,0.0
Tra Vinh_2014_summer_autumn,2014,High,0,4.0,4.9129903089432485,0.0,4.401200685501099,3.61293937365214,27.06202039718628,192.39999988675115,3.3238680243492125,279.299998909235,3.0965102195739744,0.0,0.0,0.0,0.0,0.0,0.0,0.0,0.0,0.0,0.0
Tra Vinh_2014_winter_spring,2014,High,0,0.0,2.938240635962713,0.0,3.070985589027405,3.42674986521403,23.58795795440674,0.6000000163912773,3.9770911812782286,2.700000062584877,4.786577386856079,1.0,0.0,0.0,0.0,1.0,0.0,0.0,0.0,0.0,1.0
Dong Thap_2014_summer_autumn,2014,Medium,2,3.0,4.794121537889753,0.0,4.571621646881104,3.6731383403142295,27.290394401550294,139.89999869465828,3.4340925812721252,232.99999904632568,3.1711733627319334,0.0,0.0,0.0,0.0,0.0,0.0,0.0,0.0,0.0,0.0
Dong Thap_2014_winter_spring,2014,High,0,0.0,3.154649002211434,0.0,3.690573749542237,3.661656141281128,24.06341581344605,2.5,4.365627670288086,0.9000000059604645,4.785894098281861,1.0,0.0,0.0,0.0,1.0,0.0,0.0,0.0,0.0,1.0
Kien Giang_2014_summer_autumn,2014,High,0,0.0,4.857165086837042,0.0,4.580212678909302,3.5527239004770914,27.383042335510257,130.89999914169312,3.472284722328186,230.69999499619007,3.192496647834778,0.0,0.0,0.0,0.0,0.0,0.0,0.0,0.0,0.0,0.0
Tra Vinh_2015_summer_autumn,2015,High,0,1.0,5.475015072595506,5.0,4.807760000228882,4.646240949630737,26.88441686630249,179.20000524818897,3.3184824526309966,169.7000006735325,3.680824384689331,0.0,0.0,0.0,0.0,0.0,0.0,0.0,1.0,0.0,0.0
Tra Vinh_2015_main_season,2015,Low,1,3.0,4.679684627623785,0.0,3.66028796672821,3.6712187767028808,27.12202091217041,124.10000076889992,3.884524583816528,214.80000706017017,3.7599287319183343,0.0,0.0,0.0,0.0,0.0,0.0,0.0,0.0,0.0,0.0
Vinh Long_2015_summer_autumn,2015,High,0,1.0,5.20292379742577,14.0,4.832799768447876,4.656405464808146,26.949228382110597,143.40000084787607,3.242704749107361,111.90000052005053,3.628480215072632,0.0,0.0,0.0,0.0,0.0,0.0,0.0,1.0,0.0,0.0
An Giang_2015_main_season,2015,Low,1,5.0,5.116009326208205,2.0,3.6226198959350584,4.0119070688883465,27.579459571838377,99.1999982893467,3.992779004573822,174.59999805688858,3.86273154258728,0.0,0.0,0.0,0.0,0.0,0.0,0.0,0.0,0.0,0.0
Tra Vinh_2015_winter_spring,2015,High,0,0.0,3.388430220740182,0.0,3.342192087173462,3.323323941230774,24.485770988464356,0.8000000268220901,4.2804361343383786,1.600000143051147,4.612033128738403,1.0,0.0,0.0,0.0,1.0,0.0,0.0,0.0,0.0,1.0
Kien Giang_2015_main_season,2015,High,0,0.0,5.000308570407686,0.0,3.5407065296173097,3.727356290817261,27.280437088012697,76.89999771118164,3.907302802801132,161.40000241994858,3.645024800300598,0.0,0.0,0.0,1.0,0.0,0.0,0.0,0.0,0.0,0.0
Ca Mau_2015_summer_autumn,2015,Low,1,1.0,5.216015066419329,10.0,4.84191029548645,4.317781782150268,27.12224931716919,150.5999994277954,3.3173207521438597,186.300003439188,3.673302097320557,0.0,0.0,0.0,0.0,0.0,0.0,0.0,0.0,0.0,0.0
Can Tho_2015_summer_autumn,2015,Medium,2,0.0,5.19452885219029,13.0,4.887987012863159,4.63312733968099,26.915290355682373,144.2000038921833,3.182418394088745,122.20000061392784,3.58276312828064,0.0,0.0,0.0,0.0,0.0,0.0,0.0,1.0,0.0,0.0
An Giang_2015_summer_autumn,2015,Medium,2,1.0,5.043401411601475,7.0,5.077353439331055,4.8077886740366615,27.211022281646727,112.60000292956828,3.374446666240692,121.2999966442585,3.856926555633545,0.0,0.0,0.0,0.0,0.0,0.0,0.0,0.0,0.0,0.0
Kien Giang_2015_summer_autumn,2015,High,0,0.0,5.181251980009533,0.0,5.150638780593872,4.665071376164755,27.19262580871582,165.99999541044235,3.29704954624176,139.99999821186066,3.680505442619323,0.0,0.0,0.0,0.0,0.0,0.0,0.0,0.0,0.0,0.0
Bac Lieu_2015_winter_spring,2015,High,0,0.0,3.620515153521583,0.0,3.6169393062591553,3.5524359305699664,24.741123580932616,0.2000000029802322,4.605763328075409,1.3000000491738322,4.871966180801391,1.0,0.0,0.0,0.0,1.0,0.0,0.0,0.0,0.0,1.0
Bac Lieu_2015_summer_autumn,2015,High,0,0.0,5.636640344347272,0.0,5.139512310028076,4.554310512542725,27.30935287475586,156.09999918937683,3.506727230548859,152.3000008314848,3.83958291053772,0.0,0.0,0.0,0.0,0.0,0.0,0.0,0.0,0.0,0.0
Bac Lieu_2015_main_season,2015,Low,1,0.0,4.850682531084333,0.0,3.738838710784912,3.7779174486796063,27.347997856140136,99.90000097453594,4.089133012294769,212.80000902712345,3.851708297729492,0.0,0.0,0.0,0.0,0.0,0.0,0.0,0.0,0.0,0.0
Ben Tre_2015_main_season,2015,High,0,2.0,4.657970632825579,0.0,3.6277666091918945,3.661842711766561,27.111582374572755,98.29999940097332,3.8546494841575623,193.39999828487635,3.722326250076294,0.0,0.0,0.0,0.0,0.0,0.0,0.0,0.0,0.0,0.0
Ben Tre_2015_summer_autumn,2015,Low,1,1.0,5.263874712444487,4.0,4.716689109802246,4.64925119082133,26.83043670654297,150.80000019073486,3.2882248520851136,115.39999859035017,3.649910745620728,0.0,0.0,0.0,0.0,0.0,0.0,0.0,1.0,0.0,0.0
Ca Mau_2015_main_season,2015,Low,1,5.0,4.64779722122919,0.0,3.516681451797486,3.5236512819925943,27.285687065124513,145.5000025331974,3.985701310634613,257.1999970972538,3.5670936203002928,0.0,0.0,0.0,0.0,0.0,0.0,0.0,0.0,0.0,0.0
Can Tho_2015_winter_spring,2015,High,0,0.0,3.2449124654134116,0.0,3.3654798316955565,3.2407921314239503,24.53747797012329,1.2000000029802322,4.179744470119476,2.100000001490116,4.59685170173645,1.0,0.0,0.0,0.0,1.0,0.0,0.0,0.0,0.0,1.0
Hau Giang_2015_winter_spring,2015,High,0,0.0,3.2415024553026472,0.0,3.326353006362915,3.2753118515014648,24.661291885375977,1.0,4.258457148075104,2.100000098347664,4.698084707260132,1.0,0.0,0.0,0.0,1.0,0.0,0.0,0.0,0.0,1.0
Vinh Long_2015_winter_spring,2015,High,0,0.0,3.246054388227917,0.0,3.405495901107788,3.342715263366699,24.90110445022583,0.5000000074505806,4.324400520324707,1.600000075995922,4.594293193817139,1.0,0.0,0.0,0.0,1.0,0.0,0.0,0.0,0.0,1.0
Dong Thap_2015_winter_spring,2015,Medium,2,0.0,3.2915070397513255,0.0,3.712029924392701,3.555269400278727,25.22456188201904,0.0,4.450072872638702,2.000000052154064,4.6549618434906,1.0,0.0,0.0,0.0,1.0,0.0,0.0,0.0,0.0,1.0
Dong Thap_2015_summer_autumn,2015,Medium,2,1.0,5.040405750274658,11.0,5.077904014587403,4.810660378138224,27.24133224487305,114.09999929368496,3.4045160949230193,134.79999834299088,3.844408254623413,0.0,0.0,0.0,0.0,0.0,0.0,0.0,0.0,0.0,0.0
Ben Tre_2015_winter_spring,2015,High,0,0.0,3.3171119803474065,0.0,3.3441419315338137,3.3121715148289996,24.483145809173585,0.4000000134110451,4.220063161849976,1.700000107288361,4.458826494216919,1.0,0.0,0.0,0.0,1.0,0.0,0.0,0.0,0.0,1.0
Long An_2015_main_season,2015,High,0,9.0,4.988361767360142,2.0,3.715977988243103,3.8537604649861654,27.153666305541993,125.5999996215105,3.950453186035156,214.4000014066696,3.800094709396362,0.0,0.0,0.0,1.0,0.0,0.0,0.0,0.0,0.0,0.0
Long An_2015_summer_autumn,2015,Medium,2,4.0,5.189338388897124,14.0,4.976571464538575,4.806448888778687,27.033874893188475,186.29999995231628,3.4296370089054107,152.1000021994114,3.729172611236572,0.0,0.0,0.0,0.0,0.0,0.0,0.0,0.0,0.0,0.0
Long An_2015_winter_spring,2015,High,0,0.0,3.3475444203331355,0.0,3.6655713081359864,3.75866117477417,25.445229148864748,0.0,4.658684623241425,1.30000002682209,4.818145484924316,1.0,0.0,0.0,0.0,1.0,0.0,0.0,0.0,0.0,1.0
Tien Giang_2015_winter_spring,2015,High,0,0.0,3.3302818820590065,0.0,3.394900779724121,3.373186373710632,24.656519985198976,0.4000000134110451,4.321114587783813,1.700000107288361,4.573893384933472,1.0,0.0,0.0,0.0,1.0,0.0,0.0,0.0,0.0,1.0
Hau Giang_2015_summer_autumn,2015,High,0,4.0,5.187026182810466,11.0,4.7360045433044435,4.357416184743245,26.794833278656007,163.50000125169754,3.0791734755039215,166.60000014305115,3.4770022296905516,0.0,0.0,0.0,0.0,0.0,0.0,0.0,1.0,0.0,0.0
Kien Giang_2015_winter_spring,2015,High,0,0.0,3.438693568820045,0.0,3.8353346157073975,3.6988924980163578,25.106583023071288,1.8000000789761543,4.379117715358734,10.40000008046627,4.613473243713379,1.0,0.0,0.0,0.0,1.0,0.0,0.0,0.0,0.0,1.0
An Giang_2015_winter_spring,2015,High,0,0.0,3.282323258263724,0.0,3.76705283164978,3.5315502961476644,25.064146518707275,0.2000000029802322,4.357924735546112,3.399999976158142,4.58064751625061,1.0,0.0,0.0,0.0,1.0,0.0,0.0,0.0,0.0,1.0
Soc Trang_2015_main_season,2015,High,0,2.0,4.6627145040602915,0.0,3.6535092258453368,3.6787988185882567,27.06033420562744,116.20000372081996,3.9485618352890017,213.99999895691872,3.7702798080444335,0.0,0.0,0.0,0.0,0.0,0.0,0.0,0.0,0.0,0.0
Tien Giang_2015_summer_autumn,2015,Medium,2,1.0,5.26691334588187,4.0,4.756168584823609,4.678697379430135,26.84881238937378,150.80000019073486,3.3270322382450104,115.39999859035017,3.677037687301636,0.0,0.0,0.0,0.0,0.0,0.0,0.0,1.0,0.0,0.0
Soc Trang_2015_winter_spring,2015,High,0,0.0,3.4813922132764543,0.0,3.4141829442977905,3.3756374677022296,24.42689599990845,0.4000000134110451,4.376153123378754,1.8000001013278966,4.76389100074768,1.0,0.0,0.0,0.0,1.0,0.0,0.0,0.0,0.0,1.0
Soc Trang_2015_summer_autumn,2015,High,0,1.0,5.566454069955008,5.0,4.9239443588256835,4.566724411646525,26.962833404541016,133.20000112056732,3.345633065700531,150.20000159740448,3.7221421241760257,0.0,0.0,0.0,0.0,0.0,0.0,0.0,1.0,0.0,0.0
Tra Vinh_2016_winter_spring,2016,Low,1,0.0,3.850800332568941,0.0,3.725262007713318,4.177614132563273,27.122021102905272,0.7000000104308128,4.494138574600219,2.2000000178813934,5.041967029571533,0.0,0.0,0.0,0.0,0.0,0.0,0.0,0.0,0.0,0.0
Kien Giang_2016_main_season,2016,Low,1,0.0,3.5015016964503696,0.0,3.334490070343018,3.636155438423157,27.010959148406982,158.40000346302986,3.747656172513962,181.80000472068787,3.5798516178131106,0.0,0.0,0.0,1.0,0.0,0.0,0.0,0.0,0.0,0.0
Vinh Long_2016_winter_spring,2016,Low,1,0.0,3.8211471353258406,0.0,3.679025273323059,4.146795701980591,27.46870803833008,3.100000180304051,4.524790096282959,0.2000000029802322,5.077272090911865,0.0,0.0,0.0,0.0,0.0,0.0,0.0,0.0,0.0,0.0
Soc Trang_2016_main_season,2016,Medium,2,0.0,3.498615582784017,0.0,3.44132378578186,3.629562783241272,26.72741641998291,150.99999859929085,3.478006809949875,149.60000002384186,3.774993600845337,0.0,0.0,0.0,1.0,0.0,0.0,0.0,1.0,0.0,0.0
Hau Giang_2016_summer_autumn,2016,High,0,20.0,5.80608031863258,8.0,3.919994101524353,3.820701837539673,26.728583335876465,218.79999343305823,3.185149133205414,246.30000245571136,3.2424399614334107,0.0,0.0,0.0,0.0,0.0,0.0,0.0,0.0,0.0,0.0
Hau Giang_2016_winter_spring,2016,Low,1,0.0,3.5823743683951244,0.0,3.619768810272217,4.108793656031291,27.306186866760253,3.9000002145767216,4.5177786469459535,0.9000000357627869,5.267484397888183,0.0,0.0,0.0,0.0,0.0,0.0,0.0,0.0,0.0,0.0
Kien Giang_2016_winter_spring,2016,Low,1,0.0,3.755967855453491,0.0,3.685469403266907,4.1133716106414795,27.552729892730714,4.100000150501728,4.639593577384948,0.2000000029802322,5.2232591247558595,0.0,0.0,0.0,0.0,0.0,0.0,0.0,0.0,0.0,0.0
Kien Giang_2016_summer_autumn,2016,High,0,18.0,6.059206758226667,4.0,4.098478565216064,4.066662041346232,27.08554153442383,288.4000034928322,3.2468158841133117,235.3999993801117,3.4926079082489014,0.0,0.0,0.0,0.0,0.0,0.0,0.0,0.0,0.0,0.0
Vinh Long_2016_summer_autumn,2016,Low,1,19.0,5.70729280653454,7.0,3.983686347007751,3.966146469116211,26.792458534240723,165.4000005722046,3.271508264541626,210.5000041499734,3.373058195114136,0.0,0.0,0.0,0.0,0.0,0.0,0.0,1.0,0.0,0.0
Bac Lieu_2016_winter_spring,2016,Low,1,0.0,3.831996293294998,0.0,3.959616665840149,4.362698268890381,27.267373466491694,0.300000011920929,4.800708985328674,0.8999999761581421,5.4529296493530275,0.0,0.0,0.0,0.0,0.0,0.0,0.0,0.0,0.0,0.0
Soc Trang_2016_winter_spring,2016,Low,1,0.0,3.7216182493028183,0.0,3.783480567932129,4.229137484232584,27.062730026245116,1.0000000298023224,4.632813835144043,0.4000000134110451,5.299966049194336,0.0,0.0,0.0,0.0,0.0,0.0,0.0,0.0,0.0,0.0
Bac Lieu_2016_main_season,2016,Low,1,0.0,3.643548778125218,0.0,3.5887940311431885,3.80942653020223,27.030498695373534,148.0000017285347,3.6065838158130648,159.20000112056732,3.9258535575866698,0.0,0.0,0.0,0.0,0.0,0.0,0.0,0.0,0.0,0.0
Dong Thap_2016_winter_spring,2016,Low,1,0.0,3.8339616571153914,0.0,3.734877934455872,4.158676322301229,27.785498332977298,0.7000000104308128,4.624994993209839,0.5,5.255758075714112,0.0,0.0,0.0,0.0,0.0,0.0,0.0,0.0,0.0,0.0
Dong Thap_2016_summer_autumn,2016,Medium,2,21.0,6.036618437085833,10.0,4.175542583465576,4.131033309300741,26.97154035568237,139.99999699741602,3.3532987534999847,190.0000019446015,3.4585266494750977,0.0,0.0,0.0,0.0,0.0,0.0,0.0,1.0,0.0,0.0
Soc Trang_2016_summer_autumn,2016,Medium,2,7.0,5.793676535288493,2.0,4.106514739990234,3.892631451288859,26.971167182922365,173.8000067025423,3.4253596305847167,200.4999989271164,3.464823365211487,0.0,0.0,0.0,0.0,0.0,0.0,0.0,1.0,0.0,0.0
Ca Mau_2016_main_season,2016,Medium,2,0.0,3.399054215067909,0.0,3.390605263710022,3.763434052467346,26.826312351226807,211.39999981224537,3.493265634775162,167.79999738931656,3.709650774002075,0.0,0.0,0.0,1.0,0.0,0.0,0.0,0.0,0.0,0.0
Ben Tre_2016_main_season,2016,Low,1,0.0,3.478368980543954,0.0,3.439864087104797,3.5898996194203696,26.79470739364624,153.39999802410605,3.612948352098465,130.10000398755074,3.6879860591888423,0.0,0.0,0.0,1.0,0.0,0.0,0.0,1.0,0.0,0.0
Ben Tre_2016_summer_autumn,2016,Low,1,10.0,5.558011259351458,3.0,3.9894054746627807,4.040307839711507,26.783250045776366,184.39999590069056,3.3526843011379244,211.1000005751848,3.4809279346466067,0.0,0.0,0.0,0.0,0.0,0.0,0.0,1.0,0.0,0.0
Ben Tre_2016_winter_spring,2016,Low,1,0.0,3.9003334726606096,0.0,3.700953230857849,4.090977795918783,27.16991682052612,2.099999986588955,4.400962996482849,2.000000089406967,4.884098024368286,0.0,0.0,0.0,0.0,0.0,0.0,0.0,0.0,0.0,0.0
Ca Mau_2016_summer_autumn,2016,Medium,2,19.0,5.758321171715146,2.0,3.892458367347717,4.000075594584147,27.235791206359863,211.5999966263771,3.3856471359729765,277.10000252723694,3.4410901403427125,0.0,0.0,0.0,0.0,0.0,0.0,0.0,0.0,0.0,0.0
An Giang_2016_main_season,2016,Medium,2,1.0,3.5130979220072427,0.0,3.4749607038497925,3.4671441555023192,27.204771041870117,144.10000152885914,3.810098922252655,124.2999985218048,3.651569504737854,0.0,0.0,0.0,0.0,0.0,0.0,0.0,0.0,0.0,0.0
Bac Lieu_2016_summer_autumn,2016,High,0,0.0,5.922510328746977,0.0,4.213068585395813,4.119069401423136,27.398623752593995,145.59999465942383,3.5231688022613525,207.3999999165535,3.5704969596862792,0.0,0.0,0.0,0.0,0.0,0.0,0.0,0.0,0.0,0.0
Long An_2016_summer_autumn,2016,Medium,2,21.0,5.983442465464274,10.0,4.200382485389709,4.285542949040731,26.855333423614503,162.4000019133091,3.392593425512314,194.199999332428,3.4998909425735474,0.0,0.0,0.0,0.0,0.0,0.0,0.0,1.0,0.0,0.0
Long An_2016_main_season,2016,Low,1,3.0,3.6666616882596696,0.0,3.5705721521377565,3.5379148880640665,26.854603385925294,140.89999794960022,3.713205808401108,139.90000192075968,3.7641286563873297,0.0,0.0,0.0,0.0,0.0,0.0,0.0,1.0,0.0,0.0
Tien Giang_2016_winter_spring,2016,Medium,2,0.0,3.92962722551255,0.0,3.766317114830017,4.214782635370891,27.400165367126466,2.099999986588955,4.564645719528198,2.000000089406967,5.028679332733154,0.0,0.0,0.0,0.0,0.0,0.0,0.0,0.0,0.0,0.0
Long An_2016_winter_spring,2016,Medium,2,0.0,3.843654677981422,0.0,3.853110256195068,4.204456440607706,28.189916038513186,0.5000000074505805,4.750711417198181,0.0,5.194403285980225,0.0,0.0,0.0,0.0,0.0,0.0,0.0,0.0,0.0,0.0
Can Tho_2016_summer_autumn,2016,Medium,2,18.0,5.800455411275228,7.0,3.996307168006897,3.880797036488851,26.83476972579956,156.19999700784683,3.2587755501270292,198.79999811947343,3.3033662176132204,0.0,0.0,0.0,0.0,0.0,0.0,0.0,1.0,0.0,0.0
Tien Giang_2016_summer_autumn,2016,Medium,2,14.0,5.623759655725388,5.0,4.03772075176239,4.074940093358358,26.715791034698487,184.39999590069056,3.36431303024292,211.1000005751848,3.4892682361602785,0.0,0.0,0.0,0.0,0.0,0.0,0.0,1.0,0.0,0.0
Tra Vinh_2016_summer_autumn,2016,Low,1,7.0,5.6239740280877974,2.0,4.033087935447693,3.968504285812378,26.886499977111814,236.39999514818192,3.40569748878479,230.8000016212463,3.504892520904541,0.0,0.0,0.0,0.0,0.0,0.0,0.0,0.0,0.0,0.0
Tra Vinh_2016_main_season,2016,Medium,2,0.0,3.489873131116231,0.0,3.4548815631866456,3.629440148671468,26.770874309539796,170.30000281333923,3.5742858350276947,166.59999787807465,3.722940130233765,0.0,0.0,0.0,1.0,0.0,0.0,0.0,1.0,0.0,0.0
An Giang_2016_summer_autumn,2016,Low,1,21.0,6.035916759854271,10.0,4.131808948516846,4.131195116043091,27.006854724884032,137.19999885559082,3.366375368833542,199.9999995008111,3.4698754596710204,0.0,0.0,0.0,0.0,0.0,0.0,0.0,0.0,0.0,0.0
An Giang_2016_winter_spring,2016,Medium,2,0.0,3.811246043159848,0.0,3.7109653663635256,4.075375334421794,27.638521003723145,1.100000016391277,4.535343623161316,0.2000000029802322,5.209865779876709,0.0,0.0,0.0,0.0,0.0,0.0,0.0,0.0,0.0,0.0
Can Tho_2016_winter_spring,2016,Medium,2,0.0,3.7113377139681862,0.0,3.641718897819519,4.051664749781291,27.16070728302002,3.000000111758709,4.411471712589264,0.1000000014901161,5.136628818511963,0.0,0.0,0.0,0.0,0.0,0.0,0.0,0.0,0.0,0.0
Tra Vinh_2017_winter_spring,2017,Medium,2,0.0,3.1891693558011736,0.0,2.554408152103424,3.886682144800822,25.71585350036621,106.2000030875206,3.3377311408519743,10.100000470876694,4.479896564483642,0.0,0.0,0.0,0.0,0.0,0.0,0.0,0.0,0.0,0.0
Soc Trang_2017_summer_autumn,2017,Medium,2,0.0,4.694487390064058,0.0,3.347270622253418,3.470369005203247,26.900229263305665,171.09999787807465,3.5997263908386232,285.90000569820404,2.911566300392151,0.0,0.0,0.0,0.0,0.0,0.0,0.0,0.0,0.0,0.0
Soc Trang_2017_main_season,2017,High,0,0.0,3.4102004823230563,0.0,3.4494638442993164,3.2895445505777996,26.38179178237915,229.7999986410141,3.0313882410526274,310.30000400543213,3.150643138885498,0.0,0.0,0.0,0.0,0.0,0.0,0.0,0.0,0.0,0.0
Ca Mau_2017_winter_spring,2017,Low,1,0.0,3.029412022658757,0.0,2.7734094858169556,3.7109084129333496,25.79468822479248,98.1000003144145,3.454827958345413,46.299998730421066,4.54155161857605,0.0,0.0,0.0,0.0,0.0,0.0,1.0,0.0,0.0,0.0
Ca Mau_2017_main_season,2017,Medium,2,0.0,3.202620233808245,0.0,3.2649155855178833,3.3049455801645915,26.765626525878908,240.90001118183136,3.0692052245140076,328.19999980926514,2.836788125038147,0.0,0.0,0.0,0.0,0.0,0.0,0.0,0.0,0.0,0.0
Tra Vinh_2017_main_season,2017,Low,1,0.0,3.4331126780737016,0.0,3.4299865055084227,3.276845661799113,26.4443959236145,224.9000024795532,2.997152882814407,261.0000003129244,3.1536155796051024,0.0,0.0,0.0,0.0,0.0,0.0,0.0,0.0,0.0,0.0
An Giang_2017_main_season,2017,Low,1,0.0,3.3609784557705833,0.0,3.5771219825744627,3.4465285301208497,26.77189683914185,162.49999678134918,2.9933698892593386,249.7000014781952,3.127256917953491,0.0,0.0,0.0,0.0,0.0,0.0,0.0,0.0,0.0,0.0
An Giang_2017_summer_autumn,2017,Low,1,0.0,4.787278198060536,0.0,3.4709365940093995,3.5125580787658692,27.343770694732665,172.9999982714653,3.66759295463562,232.6999980211258,2.9874271869659426,0.0,0.0,0.0,0.0,0.0,0.0,0.0,0.0,0.0,0.0
An Giang_2017_winter_spring,2017,Low,1,0.0,3.314548815999712,0.0,2.924984488487244,3.6333810488382974,25.587938404083253,69.79999926686287,3.306213754415512,33.99999999254942,4.328549327850342,0.0,0.0,0.0,0.0,0.0,0.0,0.0,0.0,0.0,0.0
Tien Giang_2017_summer_autumn,2017,High,0,3.0,4.680599655423846,0.0,3.348590302467346,3.6024580001831055,27.110104751586913,154.09999859333038,3.709270739555359,318.3000059425831,2.964987692832947,0.0,0.0,0.0,0.0,0.0,0.0,0.0,0.0,0.0,0.0
Tien Giang_2017_winter_spring,2017,Low,1,0.0,3.2141457966395786,0.0,2.587447326183319,3.827791881561279,25.527917289733885,86.6999988257885,3.2781693935394287,15.200000457465649,4.423475246429444,0.0,0.0,0.0,0.0,0.0,0.0,0.0,0.0,0.0,0.0
Tra Vinh_2017_summer_autumn,2017,Low,1,0.0,4.603986138389224,0.0,3.3083468008041383,3.416163698832194,27.098353385925293,149.8000042438507,3.6108834028244017,263.90000158548355,2.8934513425827024,0.0,0.0,0.0,0.0,0.0,0.0,0.0,0.0,0.0,0.0
Ca Mau_2017_summer_autumn,2017,Low,1,0.0,4.6700259276798795,0.0,3.1361207866668703,3.4129512230555217,27.2131254196167,218.4999938607216,3.439327609539032,282.9000151157379,2.942498025894165,0.0,0.0,0.0,0.0,0.0,0.0,0.0,0.0,0.0,0.0
Soc Trang_2017_winter_spring,2017,Medium,2,0.0,3.132185365472521,0.0,2.5718265914916993,3.922383117675781,25.608353519439696,54.099998988211155,3.5043965935707093,14.800000287592413,4.7015610027313235,0.0,0.0,0.0,0.0,0.0,0.0,0.0,0.0,0.0,0.0
Bac Lieu_2017_main_season,2017,Low,1,0.0,3.422733261471703,0.0,3.4164043045043946,3.3733575264612834,26.634248638153075,218.90000414848328,3.087703174352646,342.400000333786,3.079248938560486,0.0,0.0,0.0,0.0,0.0,0.0,0.0,0.0,0.0,0.0
Ben Tre_2017_winter_spring,2017,Medium,2,0.0,3.190651780083066,0.0,2.567631244659424,3.91563336054484,25.62714548110962,92.5999960526824,3.296186852455139,13.200000427663326,4.4559378242492675,0.0,0.0,0.0,0.0,0.0,0.0,0.0,0.0,0.0,0.0
Ben Tre_2017_summer_autumn,2017,Low,1,2.0,4.683339073544457,0.0,3.309149169921875,3.5336547056833902,27.08287477493286,160.0000035762787,3.659431606531143,298.00000673532486,2.9836455821990966,0.0,0.0,0.0,0.0,0.0,0.0,0.0,0.0,0.0,0.0
Vinh Long_2017_summer_autumn,2017,Medium,2,3.0,4.924952234540667,0.0,3.393504428863525,3.5908259391784667,27.186061477661134,160.30000579357147,3.729571062326431,321.19999754428864,2.9645507383346557,0.0,0.0,0.0,0.0,0.0,0.0,0.0,0.0,0.0,0.0
Can Tho_2017_summer_autumn,2017,Medium,2,3.0,4.970251140140352,0.0,3.400792760848999,3.441000970204671,27.162478256225587,128.40000054985285,3.680479341745377,300.00000858306885,2.8625499629974365,0.0,0.0,0.0,0.0,0.0,0.0,0.0,0.0,0.0,0.0
Bac Lieu_2017_summer_autumn,2017,Medium,2,0.0,4.887433506193615,0.0,3.3654668045043947,3.421959654490153,27.128103256225582,207.49999713897705,3.6361971378326414,266.800005197525,2.967272653579712,0.0,0.0,0.0,0.0,0.0,0.0,0.0,0.0,0.0,0.0
Bac Lieu_2017_winter_spring,2017,Medium,2,0.0,3.2126424312591553,0.0,2.7801611280441283,3.98382527033488,25.950603675842284,63.200004279613495,3.6886594235897063,20.300000496208668,4.774964423179626,0.0,0.0,0.0,0.0,0.0,0.0,1.0,0.0,0.0,0.0
Vinh Long_2017_winter_spring,2017,Low,1,0.0,3.140456795692444,0.0,2.6119173860549925,3.823336140314738,25.631478786468502,69.2000018954277,3.292101579904556,34.20000143349171,4.392490882873535,0.0,0.0,0.0,0.0,0.0,0.0,0.0,0.0,0.0,0.0
Ben Tre_2017_main_season,2017,Low,1,0.0,3.477069536844889,0.0,3.4866131353378296,3.5298080523808797,26.22985429763794,269.3000068664551,2.9336839616298676,296.0000100135803,3.1803259468078613,0.0,0.0,0.0,0.0,0.0,0.0,0.0,0.0,0.0,0.0
Long An_2017_summer_autumn,2017,Low,1,5.0,4.905098211197626,0.0,3.5997505521774293,3.723531166712443,27.325436878204343,167.10000264644623,3.804239106178284,342.30000096559525,3.029260778427124,0.0,0.0,0.0,0.0,0.0,0.0,0.0,0.0,0.0,0.0
Long An_2017_winter_spring,2017,Low,1,0.0,3.3173519316173734,0.0,2.723766052722931,3.7455145200093583,25.61397819519043,109.90000155568124,3.323915058374405,20.400000356137753,4.556055030822754,0.0,0.0,0.0,0.0,0.0,0.0,0.0,0.0,0.0,0.0
Kien Giang_2017_summer_autumn,2017,Medium,2,0.0,4.910820563634236,0.0,3.562804183959961,3.4953757921854653,27.583395195007324,221.90000349283216,3.7553755700588223,399.5999948978424,3.137112030982971,0.0,0.0,0.0,0.0,0.0,0.0,0.0,0.0,0.0,0.0
Kien Giang_2017_winter_spring,2017,Low,1,0.0,3.3137754315421697,0.0,3.144682562351227,3.72522611618042,25.523187255859376,74.20000279694796,3.4057716369628905,33.70000025629997,4.369014463424683,0.0,0.0,0.0,0.0,0.0,0.0,0.0,0.0,0.0,0.0
Hau Giang_2017_winter_spring,2017,Low,1,0.0,2.973773683820452,0.0,2.622618670463562,3.643080997467041,25.532749557495116,48.199998527765274,3.338662302494049,27.30000003427267,4.472657413482666,0.0,0.0,0.0,0.0,0.0,0.0,0.0,0.0,0.0,0.0
Hau Giang_2017_summer_autumn,2017,High,0,0.0,4.846972783406575,0.0,3.3258814334869387,3.368808889389038,27.063896274566652,140.7000017464161,3.5855315387248994,327.10000228881836,2.8043999528884886,0.0,0.0,0.0,0.0,0.0,0.0,0.0,0.0,0.0,0.0
Can Tho_2017_winter_spring,2017,Low,1,0.0,3.074986594063895,0.0,2.6193006825447083,3.7426093419392905,25.67445831298828,44.80000111460686,3.231007730960846,28.500000827014446,4.437988739013672,0.0,0.0,0.0,0.0,0.0,0.0,0.0,0.0,0.0,0.0
Long An_2017_main_season,2017,Low,1,0.0,3.570011400041126,0.0,3.717921733856201,3.57324496905009,26.55626974105835,272.4000006914139,2.989637219905853,298.0999958515167,3.225042772293091,0.0,0.0,0.0,0.0,0.0,0.0,0.0,0.0,0.0,0.0
Dong Thap_2017_summer_autumn,2017,Medium,2,0.0,4.799710478101458,0.0,3.4692908096313477,3.5408990065256756,27.330228519439697,173.00000575184822,3.6964563488960263,284.30000817775726,3.005807552337646,0.0,0.0,0.0,0.0,0.0,0.0,0.0,0.0,0.0,0.0
Dong Thap_2017_winter_spring,2017,Low,1,0.0,3.2885253032048545,0.0,2.830017800331116,3.66369457244873,25.64179105758667,41.499999538064,3.314620929956436,28.700000397861004,4.285661563873291,0.0,0.0,0.0,0.0,0.0,0.0,0.0,0.0,0.0,0.0
Kien Giang_2017_main_season,2017,Low,1,0.0,3.4473849818820046,0.0,3.6042437314987184,3.599725103378296,26.941729164123537,357.49999952316284,3.107889252901077,360.6000039577484,3.226430368423462,0.0,0.0,0.0,0.0,0.0,0.0,0.0,0.0,0.0,0.0
Dong Thap_2018_summer_autumn,2018,Medium,2,2.0,4.690881672359648,0.0,4.053935155868531,2.9257028261820475,27.009707832336424,139.40000158548355,3.657445096969605,230.80000805854797,3.1412681198120116,0.0,0.0,0.0,0.0,0.0,0.0,0.0,0.0,0.0,0.0
Tra Vinh_2018_summer_autumn,2018,High,0,0.0,4.705290238062541,0.0,3.843536777496338,2.9335216840108234,27.006791877746583,143.40000593662262,3.6853311419487,200.0000078678131,3.0441807460784913,0.0,0.0,0.0,0.0,0.0,0.0,0.0,0.0,0.0,0.0
Tra Vinh_2018_main_season,2018,Low,1,0.0,3.51846022265298,0.0,3.39713707447052,3.2309710025787353,26.88106288909912,161.10000844299793,3.2757554769515993,216.3000032901764,3.12448844909668,0.0,1.0,0.0,0.0,0.0,0.0,0.0,0.0,0.0,0.0
An Giang_2018_winter_spring,2018,Medium,2,0.0,3.36452511378697,0.0,3.66390052318573,3.5494499683380125,25.694917011260987,57.20000033825636,3.0710747063159944,5.199999682605267,4.3221198844909665,1.0,0.0,1.0,0.0,1.0,1.0,0.0,0.0,1.0,1.0
Ca Mau_2018_summer_autumn,2018,Low,1,1.0,4.462115582965669,0.0,3.778685207366943,2.9566267291704813,26.957501029968263,151.70000052452087,3.5418869137763975,254.8999940156937,3.019680871963501,0.0,0.0,0.0,0.0,0.0,0.0,0.0,0.0,0.0,0.0
Dong Thap_2018_winter_spring,2018,Low,1,0.0,3.338351834388006,0.0,3.689717664718628,3.566748929023743,25.676270484924316,80.900002643466,3.054274469614029,5.3999999687075615,4.310544662475586,0.0,0.0,0.0,0.0,1.0,0.0,0.0,0.0,0.0,0.0
Soc Trang_2018_main_season,2018,Medium,2,0.0,3.412681914511181,0.0,3.456218566894531,3.091417662302653,26.824188232421875,148.90000591427088,3.256859266757965,219.7000082731247,3.2319475412368774,0.0,0.0,0.0,0.0,0.0,0.0,0.0,1.0,0.0,0.0
Soc Trang_2018_summer_autumn,2018,Medium,2,0.0,4.637518860044933,0.0,3.8274371910095217,3.0468011140823363,26.761166286468505,173.2000037431717,3.545592260360718,182.30000400543213,2.9922581100463868,0.0,0.0,0.0,0.0,0.0,0.0,0.0,1.0,0.0,0.0
Soc Trang_2018_winter_spring,2018,Low,1,0.0,3.3134480260667347,0.0,3.232315855026245,3.4497472763061525,25.647000217437743,36.89999996870756,3.65793771147728,4.7000002190470695,4.612503643035889,1.0,0.0,0.0,0.0,1.0,0.0,0.0,0.0,0.0,1.0
Ben Tre_2018_winter_spring,2018,High,0,0.0,3.2372202419099354,0.0,3.1550153064727784,3.5157219727834064,25.744958019256593,35.300001069903374,3.3897219240665435,3.3000000789761543,4.457821445465088,1.0,0.0,0.0,0.0,1.0,0.0,0.0,0.0,0.0,1.0
Ben Tre_2018_summer_autumn,2018,Medium,2,0.0,4.63377723239717,0.0,3.920212478637695,2.933834671974182,26.865895462036132,128.90000420808792,3.701286554336548,241.80000746250153,2.915645422935486,0.0,0.0,0.0,0.0,0.0,0.0,0.0,0.0,0.0,0.0
Ben Tre_2018_main_season,2018,Low,1,0.0,3.5363824537822177,0.0,3.4227690505981445,3.209003694852193,26.66631202697754,169.8000068217516,3.159859335422516,287.0000009536743,3.011328363418579,0.0,0.0,0.0,0.0,0.0,0.0,0.0,0.0,0.0,0.0
An Giang_2018_summer_autumn,2018,Low,1,5.0,4.812434525716872,0.0,4.040187463760376,2.930509861310323,27.007938957214357,103.5000034570694,3.6386560797691345,196.59999442100525,3.1565776538848875,0.0,0.0,0.0,0.0,0.0,0.0,0.0,0.0,0.0,0.0
Can Tho_2018_winter_spring,2018,Low,1,0.0,3.206648900395348,0.0,3.316343078613281,3.370222465197245,25.562268829345705,46.60000082105398,3.1869500458240507,3.700000122189522,4.381154537200928,1.0,0.0,0.0,0.0,1.0,0.0,0.0,0.0,0.0,1.0
Tien Giang_2018_winter_spring,2018,High,0,0.0,3.2542349639393033,0.0,3.252093415260315,3.624847253163656,25.713021564483643,51.09999870508909,3.3165921747684477,6.299999840557575,4.4658620738983155,1.0,0.0,0.0,0.0,1.0,0.0,0.0,0.0,0.0,1.0
Tien Giang_2018_summer_autumn,2018,Medium,2,1.0,4.6208174001602895,0.0,3.957769021987915,2.9697913964589437,26.864480209350585,107.89999955892564,3.746045064926147,210.7999974489212,2.982599668502808,0.0,1.0,0.0,0.0,0.0,0.0,0.0,0.0,0.0,0.0
Long An_2018_summer_autumn,2018,Medium,2,3.0,4.9886624699547175,0.0,4.094427471160889,3.0847336212793985,27.144499206542967,97.2999975681305,3.796920692920685,191.60000944137573,3.218935794830322,0.0,0.0,0.0,0.0,0.0,0.0,0.0,0.0,0.0,0.0
Long An_2018_winter_spring,2018,Low,1,0.0,3.3264326878956387,0.0,3.5781042766571045,3.895624717076619,25.915228843688965,50.699999414384365,3.2977986574172973,1.2000000327825546,4.849413595199585,1.0,0.0,0.0,0.0,1.0,0.0,0.0,0.0,0.0,1.0
Hau Giang_2018_summer_autumn,2018,High,0,3.0,4.651073887234642,0.0,3.9807697772979735,2.9120338837305706,26.72535362243652,156.39999961853027,3.4651712357997893,229.09999442100525,2.8376796579360963,0.0,0.0,0.0,0.0,0.0,0.0,0.0,1.0,0.0,0.0
Kien Giang_2018_winter_spring,2018,Medium,2,0.0,3.4226759445099604,0.0,3.7117414569854734,3.4683114369710286,25.402144718170167,59.59999976307154,3.2463368356227873,15.8000001385808,4.542919092178344,1.0,0.0,1.0,0.0,1.0,1.0,0.0,0.0,1.0,1.0
Kien Giang_2018_summer_autumn,2018,Low,1,2.0,4.726113750821068,0.0,4.097172317504882,3.0822678327560427,27.19495735168457,152.1000034213066,3.681092709302902,325.8000090122223,3.262303409576416,0.0,0.0,0.0,0.0,0.0,0.0,0.0,0.0,0.0,0.0
Kien Giang_2018_main_season,2018,Medium,2,0.0,3.737415705408369,0.0,3.455046744346619,3.415605592727661,27.2178747177124,204.60000801086423,3.5251023888587953,251.4000020623207,3.3478886461257935,0.0,0.0,0.0,0.0,0.0,0.0,0.0,0.0,0.0,0.0
Bac Lieu_2018_winter_spring,2018,Medium,2,0.0,3.374045826139904,0.0,3.2747836685180665,3.479899454116821,25.816331958770753,45.500000938773155,3.713342702388763,6.100000239908695,4.582226333618164,1.0,0.0,0.0,0.0,1.0,0.0,0.0,0.0,0.0,1.0
Bac Lieu_2018_summer_autumn,2018,Medium,2,0.0,4.586911508015224,0.0,3.9115379810333257,3.210045417149862,26.967999362945555,197.1999946832657,3.4948644936084747,208.1000030040741,3.072665605545044,0.0,0.0,0.0,0.0,0.0,0.0,0.0,0.0,0.0,0.0
Tra Vinh_2018_winter_spring,2018,High,0,0.0,3.3200186831610545,0.0,3.146504383087158,3.4121841112772624,25.807624912261964,21.19999971240759,3.6411311447620394,0.9000000134110451,4.532510051727295,1.0,0.0,0.0,0.0,1.0,0.0,0.0,0.0,0.0,1.0
Bac Lieu_2018_main_season,2018,Low,1,0.0,3.4402609893253873,0.0,3.511023106575012,3.020160357157389,27.04362440109253,161.80000567436218,3.3471887826919557,198.09999948740003,3.3468964099884033,0.0,0.0,0.0,0.0,0.0,0.0,0.0,0.0,0.0,0.0
Ca Mau_2018_main_season,2018,High,0,0.0,3.327905073052361,0.0,3.4022785568237306,2.974458130200704,27.09718713760376,154.29999661445618,3.2716606318950654,214.00000548362732,3.2487334394454956,0.0,0.0,0.0,0.0,0.0,0.0,0.0,0.0,0.0,0.0
Long An_2018_main_season,2018,Low,1,0.0,3.754969159762065,0.0,3.5420070934295653,3.558959627151489,27.054603862762452,137.10000777244568,3.4342539072036744,274.0999974012375,3.207607936859131,0.0,0.0,0.0,0.0,0.0,0.0,0.0,0.0,0.0,0.0
Hau Giang_2018_winter_spring,2018,Medium,2,0.0,3.2306844620477584,0.0,3.3767771196365355,3.2593606313069663,25.4018123626709,37.99999974668026,3.2331715762615203,6.700000166893005,4.566330814361573,0.0,0.0,0.0,0.0,0.0,0.0,0.0,0.0,0.0,0.0
Can Tho_2018_summer_autumn,2018,Medium,2,0.0,4.7812424046652655,0.0,4.058346681594848,3.0306711435317992,26.786332893371583,147.10000717639923,3.556507968902588,225.80000042915344,2.9081748819351194,0.0,0.0,0.0,0.0,0.0,0.0,0.0,1.0,0.0,0.0
Vinh Long_2018_summer_autumn,2018,High,0,0.0,4.822761921655564,0.0,4.096791353225708,3.0044113874435423,26.823040866851805,129.60000205039978,3.662528204917907,224.50000071525577,3.041881437301636,0.0,0.0,0.0,0.0,0.0,0.0,0.0,1.0,0.0,0.0
Vinh Long_2018_winter_spring,2018,Low,1,0.0,3.2270198379244124,0.0,3.35380313873291,3.499644923210144,25.64345817565918,43.80000003427267,3.238273173570633,5.999999940395355,4.568596506118775,1.0,0.0,0.0,0.0,1.0,0.0,0.0,0.0,0.0,1.0
Vinh Long_2019_winter_spring,2019,Low,1,0.0,3.459720929463705,0.0,3.479344539642334,4.049836150805155,26.128770732879637,8.000000149011612,4.517802941799164,2.299999997019768,5.13196044921875,0.0,0.0,0.0,0.0,0.0,0.0,0.0,0.0,0.0,0.0
Bac Lieu_2019_main_season,2019,Low,1,0.0,3.9504380339667913,0.0,3.1485453939437864,3.6814562638600665,26.869145107269286,186.39999681711197,3.2655243635177613,265.3000032901764,3.50407591342926,0.0,0.0,0.0,0.0,0.0,0.0,0.0,0.0,0.0,0.0
Bac Lieu_2019_summer_autumn,2019,Medium,2,0.0,5.117029383068993,0.0,4.020909023284912,3.235393699010213,27.36247682571411,185.6000016927719,3.167992025613785,230.6999979615212,3.57290880203247,0.0,0.0,0.0,0.0,0.0,0.0,0.0,0.0,0.0,0.0
Vinh Long_2019_summer_autumn,2019,Medium,2,12.0,5.169639700935001,1.0,4.13437294960022,3.594926039377848,27.11512498855591,156.60000274330378,3.0418731331825257,192.3999987244606,3.6808911609649657,0.0,0.0,0.0,0.0,0.0,0.0,0.0,0.0,0.0,0.0
Dong Thap_2019_summer_autumn,2019,Medium,2,12.0,5.010488192240397,0.0,4.244287090301514,3.635856866836548,27.27387456893921,165.2000082731247,3.0438636958599092,176.50000052154064,3.689524850845337,0.0,0.0,0.0,0.0,0.0,0.0,0.0,0.0,0.0,0.0
An Giang_2019_winter_spring,2019,Low,1,0.0,3.6676661797932217,0.0,3.4864559173583984,4.063467359542846,26.4374174118042,13.999999351799488,4.362460577487946,4.1000001430511475,5.238648815155029,0.0,0.0,0.0,0.0,0.0,0.0,0.0,0.0,0.0,0.0
Soc Trang_2019_winter_spring,2019,Low,1,0.0,3.4414109786351523,0.0,3.51217267036438,3.836512732505798,25.728562927246095,10.300000190734863,4.440178382396698,2.100000075995922,4.958946628570557,0.0,0.0,0.0,0.0,0.0,0.0,0.0,0.0,0.0,0.0
Soc Trang_2019_summer_autumn,2019,Low,1,5.0,5.126905032566616,0.0,3.981241750717163,3.2579970836639403,27.09741716384888,194.1999997869134,3.133531898260117,213.00000154972076,3.6418682861328127,0.0,0.0,0.0,0.0,0.0,0.0,0.0,0.0,0.0,0.0
Soc Trang_2019_main_season,2019,Medium,2,0.0,3.846534774416969,0.0,3.161668553352356,3.718378337224325,26.66262435913086,189.0000027418137,3.3054280281066895,249.4000025987625,3.4991406297683714,0.0,0.0,0.0,0.0,0.0,0.0,0.0,0.0,0.0,0.0
Long An_2019_main_season,2019,Medium,2,0.0,4.1323656014033725,0.0,3.5435868883132935,3.741062005360922,27.01356248855591,167.89999955892563,3.3982634425163267,259.5999987721443,3.6185339641571046,0.0,0.0,0.0,0.0,0.0,0.0,0.0,0.0,0.0,0.0
Bac Lieu_2019_winter_spring,2019,Medium,2,0.0,3.5212631906781877,0.0,3.5649720287322997,3.946627887090047,25.94706163406372,11.30000039935112,4.4102944254875185,2.3000000715255737,4.955617904663086,0.0,0.0,0.0,0.0,0.0,0.0,0.0,0.0,0.0,0.0
Long An_2019_summer_autumn,2019,Low,1,16.0,5.284940242767334,1.0,4.254802808761597,3.678644180297851,27.29054136276245,162.00000286102295,3.241761702299118,193.00000461935997,3.7339612674713134,0.0,0.0,0.0,0.0,0.0,0.0,0.0,0.0,0.0,0.0
An Giang_2019_main_season,2019,Low,1,0.0,4.254816725140526,0.0,3.204125099182129,3.795996030171712,27.29470911026001,149.00000196695328,3.363173580169678,202.6999979168177,3.476654262542725,0.0,0.0,0.0,0.0,0.0,0.0,0.0,0.0,0.0,0.0
An Giang_2019_summer_autumn,2019,Low,1,15.0,5.188862993603661,0.0,4.3421898937225345,3.580301014582316,27.304918193817137,135.50000083446503,3.012570154666901,163.20000153779984,3.698473138809204,0.0,0.0,0.0,0.0,0.0,0.0,0.0,0.0,0.0,0.0
Long An_2019_winter_spring,2019,Medium,2,0.0,3.5752185469581965,0.0,3.419702019691467,4.192352040608724,26.70637502670288,3.9000000804662704,4.634551584720612,5.3000002428889275,5.350143547058106,0.0,0.0,0.0,0.0,0.0,0.0,1.0,0.0,0.0,0.0
Dong Thap_2019_winter_spring,2019,Low,1,0.0,3.5518748192560103,0.0,3.481976547241211,4.11983470916748,26.47564563751221,10.000000402331352,4.336852598190307,3.6000000312924385,5.145650100708008,0.0,0.0,0.0,0.0,0.0,0.0,0.0,0.0,0.0,0.0
Can Tho_2019_summer_autumn,2019,Medium,2,13.0,5.186932472955613,0.0,4.086320028305054,3.5094341675440472,27.13362398147583,144.29999911785126,3.0210460245609285,230.4999964237213,3.516246099472046,0.0,0.0,0.0,0.0,0.0,0.0,0.0,0.0,0.0,0.0
Hau Giang_2019_winter_spring,2019,Low,1,0.0,3.6804564793904624,0.0,3.6053050899505616,3.7379738966623943,25.76014614105225,13.00000013411045,4.2618528008461,2.300000086426735,5.239711971282959,0.0,0.0,0.0,0.0,0.0,1.0,0.0,0.0,0.0,0.0
Kien Giang_2019_winter_spring,2019,Low,1,0.0,3.8591726620992026,0.0,3.647789077758789,3.966582616170247,26.181103324890135,24.799999766051773,4.490200269222259,5.800000101327896,5.463006153106689,0.0,0.0,0.0,0.0,0.0,0.0,0.0,0.0,0.0,0.0
Kien Giang_2019_summer_autumn,2019,Low,1,9.0,5.104213237762451,0.0,4.028284397125244,3.4866557439168293,27.534228706359865,181.90000414848328,3.0039392828941347,194.90000024437904,3.7448940563201902,0.0,0.0,0.0,0.0,0.0,0.0,0.0,0.0,0.0,0.0
Kien Giang_2019_main_season,2019,High,0,0.0,3.992241098767235,0.0,3.182557325363159,3.795574315388998,27.375790786743163,215.8000002503395,3.4421449661254884,297.40001034736633,3.4559476375579834,0.0,0.0,0.0,0.0,0.0,0.0,0.0,0.0,0.0,0.0
Ca Mau_2019_winter_spring,2019,Medium,2,0.0,3.54112366267613,0.0,3.3630170822143555,3.786812583605448,25.93135404586792,20.800000049173832,4.160090589523316,3.1000000312924385,5.104905338287353,0.0,0.0,0.0,0.0,0.0,0.0,0.0,0.0,0.0,0.0
Ca Mau_2019_summer_autumn,2019,High,0,9.0,4.851384991691226,0.0,3.7963757419586184,3.1770516951878864,27.30427255630493,236.0000025779009,2.9795243442058563,217.70000417530537,3.4339559841156007,0.0,0.0,0.0,0.0,0.0,0.0,0.0,0.0,0.0,0.0
Ca Mau_2019_main_season,2019,Medium,2,0.0,3.6927227406274703,0.0,2.9759738349914553,3.6842775185902914,26.94270944595337,205.40000338852408,3.1403128266334535,291.0000101327896,3.364480667114258,0.0,0.0,0.0,0.0,0.0,0.0,0.0,0.0,0.0,0.0
Tien Giang_2019_summer_autumn,2019,Medium,2,7.0,4.912287507738386,1.0,4.09312177658081,3.5058247884114584,26.990000915527343,149.09999960660934,3.098081809282303,175.19999933242798,3.743581066131592,0.0,0.0,0.0,0.0,0.0,0.0,0.0,1.0,0.0,0.0
Tien Giang_2019_winter_spring,2019,Medium,2,0.0,3.443795539083935,0.0,3.3514812898635866,3.9617082198460896,25.88749990463257,8.100000329315662,4.3121457695961,3.1000001206994057,4.89767409324646,0.0,0.0,0.0,0.0,0.0,0.0,1.0,0.0,0.0,0.0
Tra Vinh_2019_winter_spring,2019,High,0,0.0,3.3623151097978865,0.0,3.4245397424697877,3.7643600702285767,25.638354301452637,7.300000205636024,4.338896310329437,3.800000183284283,4.682878770828247,0.0,0.0,0.0,0.0,0.0,0.0,0.0,0.0,0.0,0.0
Hau Giang_2019_summer_autumn,2019,High,0,17.0,5.088342076256161,0.0,4.026217060089111,3.4382109880447387,27.04545831680298,156.40000104904175,2.919423073530197,226.3000029250979,3.4258102416992187,0.0,0.0,0.0,0.0,0.0,0.0,0.0,0.0,0.0,0.0
Tra Vinh_2019_main_season,2019,Low,1,0.0,3.941828296298072,0.0,3.2697048139572145,3.810045067469279,26.8763747215271,156.90000760555267,3.3383032143116,228.10000371932983,3.504595546722412,0.0,0.0,0.0,1.0,0.0,0.0,0.0,1.0,0.0,0.0
Can Tho_2019_winter_spring,2019,Low,1,0.0,3.471927387373788,0.0,3.463828372955322,3.887566097577413,25.922687149047853,13.699999898672104,4.359129083156586,3.800000168383122,5.081875143051147,0.0,0.0,0.0,0.0,0.0,0.0,0.0,0.0,0.0,0.0
Tra Vinh_2019_summer_autumn,2019,Medium,2,0.0,5.016003597350347,0.0,4.056744976043701,3.392014439900716,27.236375045776366,160.79999977350235,3.1198613584041595,173.00000653415918,3.741817727088928,0.0,0.0,0.0,0.0,0.0,0.0,0.0,0.0,0.0,0.0
Ben Tre_2019_main_season,2019,Low,1,0.0,3.974133536929176,0.0,3.286326079368591,3.7315566221872967,26.667666912078857,175.60000205039978,3.2568176090717316,253.0000023841858,3.522103071212769,0.0,0.0,0.0,0.0,0.0,0.0,0.0,0.0,0.0,0.0
Ben Tre_2019_summer_autumn,2019,Medium,2,7.0,4.9551591873168945,1.0,4.0986989402770995,3.473788833618164,27.03995943069458,148.0000025331974,3.032363313436508,178.70000056177378,3.7134811449050904,0.0,0.0,0.0,0.0,0.0,0.0,0.0,0.0,0.0,0.0
Ben Tre_2019_winter_spring,2019,High,0,0.0,3.3759459313892184,0.0,3.3682926177978514,3.873954709370931,25.88370761871338,15.40000019967556,4.357912230491638,2.8000001162290573,4.881909456253052,0.0,0.0,0.0,0.0,0.0,0.0,1.0,0.0,0.0,0.0
Dong Thap_2020_summer_autumn,2020,Medium,2,2.0,4.8206566742488315,6.0,4.624549884796142,3.5503926436106363,26.838250160217285,249.5000052452087,3.1476964712142945,260.6000028848648,3.841550893783569,0.0,0.0,0.0,0.0,0.0,0.0,0.0,0.0,0.0,0.0
Can Tho_2020_winter_spring,2020,Low,1,0.0,3.985696111406599,0.0,4.122981920242309,4.567745224634806,26.571019554138186,0.8000000491738319,4.909932911396027,2.100000113248825,5.4478725337982175,0.0,0.0,0.0,0.0,0.0,0.0,0.0,0.0,1.0,0.0
Dong Thap_2020_winter_spring,2020,Medium,2,0.0,4.00189082963126,0.0,4.03048565864563,4.202591355641683,26.501478004455567,1.0000000149011612,4.62995753288269,9.299999341368675,5.0918912506103515,0.0,0.0,0.0,0.0,0.0,0.0,0.0,0.0,1.0,0.0
Bac Lieu_2020_main_season,2020,High,0,1.0,4.283611660911923,0.0,3.264133358001709,3.1882220109303794,27.201645183563233,149.70000183582306,3.69663120508194,212.60000878572464,3.6145502090454102,0.0,0.0,0.0,1.0,0.0,0.0,0.0,0.0,0.0,0.0
Bac Lieu_2020_summer_autumn,2020,Low,1,0.0,5.430458432152157,1.0,4.776741142272949,3.5801928520202635,26.86956157684326,225.99999964237213,3.0654995679855346,271.5000001192093,3.718703327178955,0.0,0.0,0.0,0.0,0.0,0.0,0.0,0.0,0.0,0.0
Bac Lieu_2020_winter_spring,2020,Medium,2,0.0,4.235020013082595,0.0,4.277335453033447,5.227541144688924,26.345602893829344,1.400000050663948,4.931679797172547,2.300000108778477,5.6006481742858885,0.0,0.0,0.0,0.0,0.0,0.0,0.0,0.0,1.0,0.0
Can Tho_2020_summer_autumn,2020,High,0,15.0,5.65609564099993,8.0,4.816355857849121,3.5255657196044923,26.718207359313965,237.9999978542328,3.066947656869888,278.89999532699585,3.613350524902344,0.0,0.0,0.0,0.0,0.0,0.0,0.0,0.0,0.0,0.0
Ben Tre_2020_winter_spring,2020,Low,1,0.0,3.994885194869268,0.0,3.960513973236084,4.483541742960612,26.15745849609375,1.3000000044703484,4.720949971675873,5.200000166893005,5.074132518768311,1.0,0.0,0.0,0.0,0.0,0.0,0.0,0.0,1.0,0.0
Long An_2020_main_season,2020,Medium,2,6.0,4.3336130777994795,0.0,3.609353895187378,3.4484365145365397,27.05595760345459,210.70000553131104,3.380115669965744,251.70000654459,3.75767735004425,0.0,0.0,0.0,0.0,0.0,0.0,0.0,0.0,0.0,0.0
Long An_2020_summer_autumn,2020,Low,1,6.0,5.409926073891776,14.0,4.866820440292359,3.808620818456014,26.90418748855591,210.19999599456787,3.39604789018631,273.80000257492065,3.6602534866333007,0.0,0.0,0.0,0.0,0.0,0.0,0.0,0.0,0.0,0.0
Long An_2020_winter_spring,2020,Medium,2,0.0,4.094527255921137,0.0,4.2218726634979244,4.533670822779338,26.73616647720337,1.8999999910593033,4.838007724285125,4.700000040233135,5.3520197010040285,0.0,0.0,0.0,0.0,0.0,0.0,0.0,0.0,1.0,0.0
Ben Tre_2020_summer_autumn,2020,Low,1,7.0,5.578157424926758,11.0,4.679919471740723,3.5700222492218017,26.543396472930908,226.10000371932983,3.1927278995513917,239.19999647140503,3.622837953567505,0.0,0.0,0.0,0.0,0.0,0.0,0.0,0.0,0.0,0.0
Ben Tre_2020_main_season,2020,Low,1,5.0,4.229080302374704,0.0,3.3791449308395385,3.2937695105870564,26.95891704559326,182.4000015258789,3.444231575727463,244.0000027418137,3.717679648399353,0.0,0.0,0.0,0.0,0.0,0.0,0.0,0.0,0.0,0.0
Kien Giang_2020_main_season,2020,High,0,1.0,4.144815081641788,0.0,3.303408393859863,3.2204438845316568,27.184332656860352,230.3000010251999,3.637652444839478,163.10000670701265,3.8087049388885497,0.0,0.0,0.0,0.0,0.0,0.0,0.0,0.0,0.0,0.0
Kien Giang_2020_summer_autumn,2020,Medium,2,2.0,4.881715172813053,6.0,4.575001811981201,3.664598671595256,27.103915882110595,220.50000548362732,3.038255751132965,245.00000655651093,3.7608698844909663,0.0,0.0,0.0,0.0,0.0,0.0,0.0,0.0,0.0,0.0
Kien Giang_2020_winter_spring,2020,Medium,2,0.0,4.272691363380069,0.0,4.401050882339478,4.395727237065633,26.785687255859376,2.6000000983476643,5.023923754692078,8.900000028312206,5.664239063262939,0.0,0.0,0.0,0.0,0.0,0.0,0.0,0.0,1.0,0.0
Hau Giang_2020_summer_autumn,2020,Medium,2,9.0,5.306518418448312,9.0,4.588188095092773,3.4435899098714193,26.59702033996582,233.3000030517578,2.9438320696353912,273.20000743865967,3.591473159790039,0.0,0.0,0.0,0.0,0.0,0.0,0.0,0.0,0.0,0.0
Tien Giang_2020_summer_autumn,2020,Low,1,6.0,5.477022670564198,13.0,4.675839395523071,3.600798988342285,26.511355304718016,239.10000324249268,3.259040516614914,273.10000252723694,3.6012004947662355,0.0,0.0,0.0,0.0,0.0,0.0,0.0,0.0,0.0,0.0
Tien Giang_2020_winter_spring,2020,Low,1,0.0,3.9757326557522727,0.0,3.9655236625671386,4.404916620254516,26.114688396453857,2.400000169873237,4.6768393278121945,5.000000216066837,4.9854233455657955,1.0,0.0,0.0,0.0,0.0,0.0,0.0,0.0,1.0,0.0
Hau Giang_2020_winter_spring,2020,Medium,2,0.0,4.001658008212135,0.0,4.184147109985352,4.651765664418538,26.525770092010497,1.20000009983778,4.943048214912414,1.7000000029802322,5.696322374343872,0.0,0.0,0.0,0.0,0.0,0.0,0.0,0.0,1.0,0.0
Soc Trang_2020_summer_autumn,2020,Low,1,2.0,5.5696328935169035,10.0,4.769921712875366,3.535957670211792,26.552104473114017,273.30000925064087,3.051436537504196,332.3999984264374,3.617106266021728,0.0,0.0,0.0,0.0,0.0,0.0,0.0,0.0,0.0,0.0
Vinh Long_2020_summer_autumn,2020,High,0,16.0,5.656859261648996,10.0,4.878106422424317,3.6530225118001303,26.622520637512206,232.00000162422657,3.178612548112869,291.7000033855438,3.7123233699798583,0.0,0.0,0.0,0.0,0.0,0.0,0.0,0.0,0.0,0.0
Vinh Long_2020_winter_spring,2020,Medium,2,0.0,3.9768118177141463,0.0,4.133119688034058,4.462594223022461,26.546999645233154,1.100000023841858,4.889224219322204,2.400000035762787,5.243302593231201,0.0,0.0,0.0,0.0,0.0,0.0,0.0,0.0,1.0,0.0
Ca Mau_2020_winter_spring,2020,High,0,0.0,3.954835062935239,0.0,4.181457920074463,4.958700815836589,26.79666700363159,4.700000055134296,5.015831923484802,4.700000308454037,5.6414156341552735,0.0,0.0,0.0,0.0,0.0,0.0,0.0,0.0,1.0,0.0
Ca Mau_2020_summer_autumn,2020,Low,1,5.0,5.185162952968052,10.0,4.493655605316162,3.217277828852336,26.79927158355713,224.10000348091123,2.7899800717830656,306.60000813007355,3.4059736919403076,0.0,0.0,0.0,0.0,0.0,0.0,0.0,0.0,0.0,0.0
Soc Trang_2020_winter_spring,2020,Low,1,0.0,4.14646113486517,0.0,4.227069759368897,5.036870002746582,26.102104949951173,1.100000038743019,4.912936425209045,2.3000001758337016,5.524915618896484,1.0,0.0,0.0,0.0,0.0,0.0,0.0,0.0,1.0,0.0
An Giang_2020_main_season,2020,Low,1,1.0,4.164281402315412,0.0,3.314317193031311,3.2508327960968018,27.18418788909912,193.29999923706055,3.5531726717948913,205.8999922350049,3.7149398040771486,0.0,0.0,0.0,0.0,0.0,0.0,0.0,0.0,0.0,0.0
An Giang_2020_summer_autumn,2020,Low,1,3.0,4.755731696174259,6.0,4.6425955104827885,3.60365621248881,26.873251152038577,242.70000612735748,3.0441592156887056,254.50000500679016,3.7672595310211183,0.0,0.0,0.0,0.0,0.0,0.0,0.0,0.0,0.0,0.0
An Giang_2020_winter_spring,2020,Low,1,0.0,4.087000154313587,0.0,4.111098461151123,4.217021131515503,26.753877067565917,1.4000001102685928,4.7471003293991085,11.699999883770944,5.213915462493897,0.0,0.0,0.0,0.0,0.0,0.0,0.0,0.0,1.0,0.0
Ca Mau_2020_main_season,2020,Low,1,4.0,3.9287828717912943,0.0,2.915270447731018,3.0109689712524412,26.891771507263183,255.10000586509705,3.346765565872192,201.10000536590815,3.447857675552368,0.0,0.0,0.0,1.0,0.0,0.0,0.0,0.0,0.0,0.0
Tra Vinh_2020_winter_spring,2020,Low,1,0.0,4.0997941721053355,0.0,4.148702249526978,4.7716258525848385,25.91377172470093,0.4000000059604644,4.702796447277069,2.6000000983476643,5.214798336029053,1.0,0.0,0.0,0.0,0.0,0.0,0.0,0.0,1.0,0.0
Tra Vinh_2020_main_season,2020,Low,1,2.0,4.196454241162255,0.0,3.196637501716614,3.257829960187276,27.156271266937257,188.4000027179718,3.431006556749344,213.8000041842461,3.7160505485534663,0.0,0.0,0.0,1.0,0.0,0.0,0.0,0.0,0.0,0.0
Tra Vinh_2020_summer_autumn,2020,Low,1,0.0,5.593108699435279,4.0,4.6869720935821535,3.4391730546951296,26.724499797821046,242.60000145435333,3.0444314658641813,249.59999918937683,3.577976770401001,0.0,0.0,0.0,0.0,0.0,0.0,0.0,0.0,0.0,0.0
Soc Trang_2020_main_season,2020,Medium,2,3.0,4.238749742507935,0.0,3.216323280334473,3.259807562828064,26.84283390045166,209.10000252723697,3.540669548511505,238.900000333786,3.692927236557007,0.0,0.0,0.0,0.0,0.0,0.0,0.0,0.0,0.0,0.0
Vinh Long_2021_summer_autumn,2021,Medium,2,0.0,4.1152210008530385,0.0,3.669137330055237,3.674001709620158,27.718353843688966,92.90000076591969,4.274074637889862,390.3999913036823,3.1350914525985716,0.0,0.0,0.0,0.0,0.0,0.0,0.0,0.0,0.0,0.0
Dong Thap_2021_winter_spring,2021,Medium,2,0.0,3.5914489314669655,0.0,3.530587739944458,3.872543478012085,25.457104110717772,27.60000051558018,4.0347496509552006,27.00000036507845,4.132619609832764,1.0,0.0,0.0,0.0,1.0,0.0,0.0,0.0,0.0,1.0
Ben Tre_2021_summer_autumn,2021,Medium,2,0.0,4.1469227359408425,0.0,3.6043199348449706,3.6251362800598144,27.601833629608155,107.4999993816018,4.25449093580246,266.10000506043434,3.141301350593567,0.0,0.0,0.0,0.0,0.0,0.0,0.0,0.0,0.0,0.0
Ben Tre_2021_winter_spring,2021,High,0,0.0,3.6257627861840382,0.0,3.300514326095581,3.717585627237956,25.400999546051025,11.800000332295896,3.9958465814590456,11.300000220537186,4.272970190048218,1.0,0.0,1.0,0.0,1.0,1.0,0.0,0.0,1.0,1.0
Dong Thap_2021_summer_autumn,2021,Medium,2,0.0,4.034181299663725,0.0,3.610472321510315,3.5204995314280194,27.91002111434937,98.300000756979,4.336111319065094,355.89999325573444,3.1447491312026976,0.0,0.0,0.0,0.0,0.0,0.0,0.0,0.0,0.0,0.0
Vinh Long_2021_winter_spring,2021,Medium,2,0.0,3.590245763460795,0.0,3.285887026786804,3.673237117131551,25.364603805541993,8.799999788403511,3.995776867866516,11.900000646710396,4.292379789352417,1.0,0.0,1.0,0.0,1.0,1.0,0.0,0.0,1.0,1.0
Can Tho_2021_winter_spring,2021,Medium,2,0.0,3.614332363719032,0.0,3.2703283262252807,3.3389846801757814,25.28654041290283,11.700000047683716,3.842897522449493,36.60000219941139,4.310666704177857,1.0,0.0,1.0,0.0,1.0,1.0,0.0,0.0,1.0,1.0
Ca Mau_2021_winter_spring,2021,High,0,0.0,3.4599508330935524,0.0,3.158745310306549,3.4436232089996337,25.15229206085205,22.799999244511127,3.930796301364899,22.399999797344208,4.536320295333862,0.0,0.0,0.0,0.0,0.0,0.0,0.0,0.0,0.0,0.0
Kien Giang_2021_summer_autumn,2021,Medium,2,0.0,4.233078025636219,0.0,3.768610820770263,3.414144770304362,27.991416454315186,57.999999441206455,4.28545333147049,342.30000495910645,3.2810643815994265,0.0,0.0,0.0,0.0,0.0,0.0,0.0,0.0,0.0,0.0
Kien Giang_2021_main_season,2021,Low,1,0.0,3.6834585666656494,0.0,3.648719291687012,3.407181239128113,27.550268936157227,178.5000023841858,3.5674389481544493,223.30000054836273,3.574773507118225,0.0,0.0,0.0,0.0,0.0,0.0,0.0,0.0,0.0,0.0
Bac Lieu_2021_summer_autumn,2021,Medium,2,0.0,4.167971247718448,0.0,3.559727783203125,3.6799859841664633,27.50602006912231,118.50000089406969,4.123591113090515,252.00000500679016,3.2453680181503297,0.0,0.0,0.0,0.0,0.0,0.0,0.0,0.0,0.0,0.0
Bac Lieu_2021_winter_spring,2021,Low,1,0.0,3.6096484717868624,0.0,3.2342342209815977,3.644100348154704,25.149666118621827,6.599999956786633,4.118625295162201,7.100000336766243,4.617583751678467,0.0,0.0,0.0,0.0,0.0,0.0,0.0,0.0,0.0,0.0
Ca Mau_2021_summer_autumn,2021,High,0,0.0,3.978006692159743,0.0,3.4887510538101196,3.5861471335093182,27.510416984558105,118.59999945759772,3.961707961559296,243.2000049650669,3.2720976638793946,0.0,0.0,0.0,0.0,0.0,0.0,0.0,0.0,0.0,0.0
Can Tho_2021_summer_autumn,2021,High,0,0.0,4.029031844366164,0.0,3.6250816202163696,3.575262260437012,27.519769287109376,112.10000002384186,4.184040629863739,312.9000051021576,3.064950122833252,0.0,0.0,0.0,0.0,0.0,0.0,0.0,0.0,0.0,0.0
Kien Giang_2021_winter_spring,2021,High,0,0.0,3.752388681684222,0.0,3.517845058441162,3.668562157948812,25.188395023345947,16.700000189244747,4.14246826171875,40.20000080764294,4.456273832321167,0.0,0.0,0.0,0.0,0.0,1.0,0.0,0.0,0.0,0.0
Bac Lieu_2021_main_season,2021,High,0,0.0,3.4102466787610735,0.0,3.7861410903930666,3.3163843075434367,27.47331037521362,132.80000698566437,3.568726623058319,236.80000253021717,3.5882054281234743,0.0,0.0,0.0,0.0,0.0,0.0,0.0,0.0,0.0,0.0
An Giang_2021_summer_autumn,2021,Medium,2,0.0,4.029870339802334,0.0,3.662508354187011,3.478072961171468,27.937209701538087,72.39999914169312,4.308145678043365,327.2000185251236,3.1447096157073973,0.0,0.0,0.0,0.0,0.0,0.0,0.0,0.0,0.0,0.0
Tra Vinh_2021_winter_spring,2021,High,0,0.0,3.7207528068905784,0.0,3.1893139934539794,3.593107318878174,24.998250007629395,7.199999898672104,3.9823806524276737,3.1000001057982445,4.368858165740967,1.0,0.0,1.0,0.0,1.0,1.0,0.0,0.0,1.0,1.0
An Giang_2021_main_season,2021,Medium,2,0.0,3.6430808021908714,0.0,3.694704141616821,3.4068637053171793,27.449917316436768,126.0000074505806,3.4314754486083983,271.800008893013,3.515985746383667,0.0,0.0,0.0,0.0,0.0,0.0,0.0,0.0,0.0,0.0
Soc Trang_2021_winter_spring,2021,Medium,2,0.0,3.595134298006694,0.0,3.1820476913452147,3.575329796473185,24.890229320526124,7.099999830126762,4.076467275619507,10.500000320374966,4.466886377334594,0.0,0.0,0.0,0.0,0.0,0.0,0.0,0.0,0.0,0.0
Soc Trang_2021_summer_autumn,2021,Low,1,0.0,4.021516130084083,0.0,3.466905689239502,3.623874473571777,27.231167125701905,149.00000190734863,4.07526273727417,307.70000380277634,3.129074273109436,0.0,0.0,0.0,0.0,0.0,0.0,0.0,0.0,0.0,0.0
Soc Trang_2021_main_season,2021,Low,1,0.0,3.361822798138573,0.0,3.708330211639405,3.3730451027552286,27.09658432006836,149.50000232458115,3.298684966564178,211.50000256299973,3.563015995025635,0.0,0.0,0.0,0.0,0.0,0.0,0.0,0.0,0.0,0.0
An Giang_2021_winter_spring,2021,Medium,2,0.0,3.615306502296811,0.0,3.619410209655762,3.9515944957733153,25.651168251037596,18.700000435113907,4.1475710272789,31.30000174045563,4.279083747863769,1.0,0.0,0.0,0.0,1.0,0.0,0.0,0.0,0.0,1.0
Ca Mau_2021_main_season,2021,Low,1,0.0,3.3429521435783025,0.0,3.6002627849578857,3.205073277155558,27.558960151672363,128.90000095963478,3.6008552610874176,251.50001281499863,3.267861270904541,0.0,0.0,0.0,0.0,0.0,0.0,0.0,0.0,0.0,0.0
Tra Vinh_2021_summer_autumn,2021,Low,1,0.0,4.1041756357465475,0.0,3.669359974861145,3.7014715035756423,27.59075002670288,98.50000047683716,4.185907483100891,248.10000360012057,3.1416561508178713,0.0,0.0,0.0,0.0,0.0,0.0,0.0,0.0,0.0,0.0
Tien Giang_2021_winter_spring,2021,Medium,2,0.0,3.5802317460378013,0.0,3.337002954483032,3.7945061524709063,25.412292289733887,9.499999776482582,4.036028397083283,20.499999746680263,4.187153463363647,1.0,0.0,1.0,0.0,1.0,1.0,0.0,0.0,1.0,1.0
Tien Giang_2021_summer_autumn,2021,High,0,0.0,4.127281858807518,0.0,3.645782389640808,3.583047151565552,27.662188625335695,79.70000003278255,4.292459607124329,243.60000729560852,3.152731943130493,0.0,0.0,0.0,0.0,0.0,0.0,0.0,0.0,0.0,0.0
Long An_2021_main_season,2021,Low,1,0.0,3.723849376042684,0.0,3.934627761840821,3.533621048927307,27.37720880508423,152.09999465942383,3.5505996465682985,210.39999628067017,3.6361434125900263,0.0,0.0,0.0,0.0,0.0,0.0,0.0,0.0,0.0,0.0
Long An_2021_summer_autumn,2021,Low,1,1.0,4.285047497068133,1.0,3.9056756019592287,3.7083779017130536,27.980644702911377,86.40000066161156,4.3982296824455265,264.5999984741211,3.243646445274353,0.0,0.0,0.0,0.0,0.0,0.0,0.0,0.0,0.0,0.0
Long An_2021_winter_spring,2021,Medium,2,0.0,3.6714024543762207,0.0,3.6430013179779057,4.377107842763265,26.245332717895508,13.900000616908072,4.4878844022750854,15.300000198185444,4.341263494491577,0.0,0.0,0.0,0.0,0.0,0.0,0.0,0.0,0.0,0.0
Ben Tre_2021_main_season,2021,Low,1,0.0,3.527981917063395,0.0,3.796253509521484,3.4356249968210855,27.055479431152342,147.19999805092812,3.419412237405777,247.30000081658363,3.62244104385376,0.0,0.0,0.0,0.0,0.0,0.0,0.0,0.0,0.0,0.0
Hau Giang_2021_summer_autumn,2021,Medium,2,0.0,3.888980025336856,0.0,3.5338130712509157,3.305925210316976,27.35660343170166,107.5999984741211,4.020552182197571,289.8999967575073,2.9650273227691653,0.0,0.0,0.0,0.0,0.0,0.0,0.0,0.0,0.0,0.0
Tra Vinh_2021_main_season,2021,High,0,0.0,3.5837001403172812,0.0,3.8138448429107665,3.4268823146820067,27.182104873657227,141.30000174045563,3.3670503973960875,199.7000044360757,3.5745891666412355,0.0,0.0,0.0,0.0,0.0,0.0,0.0,0.0,0.0,0.0
Hau Giang_2021_winter_spring,2021,Medium,2,0.0,3.5710478056044805,0.0,3.2637430000305176,3.3017967700958253,24.929208755493164,17.299999579787254,3.819255793094635,18.20000010728836,4.473145084381104,0.0,0.0,0.0,0.0,0.0,1.0,0.0,0.0,0.0,0.0
Tra Vinh_2022_summer_autumn,2022,Low,1,0.0,4.197635934466407,0.0,3.4353511714935303,4.227789767583212,27.1407509803772,171.20000261068344,3.839230179786682,242.7000017762184,3.5151145601272584,0.0,0.0,0.0,0.0,0.0,0.0,0.0,0.0,0.0,0.0
Kien Giang_2022_summer_autumn,2022,Low,1,0.0,4.348506564185733,0.0,3.7047488117218017,4.1889969189961755,27.52703990936279,113.29999536275864,3.8462475419044497,315.8000018000603,3.425170030593872,0.0,0.0,0.0,0.0,0.0,0.0,0.0,0.0,0.0,0.0
Kien Giang_2022_main_season,2022,High,0,0.0,3.6488594441186817,0.0,4.270842390060425,3.112733904520671,26.76714506149292,212.10000425577164,3.6147091150283814,219.00000542402267,3.7646562957763674,0.0,0.0,0.0,0.0,0.0,0.0,0.0,0.0,0.0,0.0
Tra Vinh_2022_winter_spring,2022,High,0,0.0,2.970729362396967,0.0,3.6715851497650145,4.282873264948527,26.006792640686037,5.400000140070915,4.375321042537689,7.800000555813312,4.806036968231201,1.0,0.0,0.0,0.0,1.0,0.0,1.0,0.0,0.0,1.0
Hau Giang_2022_summer_autumn,2022,Medium,2,0.0,4.053976189522516,0.0,3.41354163646698,4.041987530390421,26.703583431243896,217.39999997615817,3.618776798248291,344.1000006198883,3.1340257501602173,0.0,0.0,0.0,0.0,0.0,0.0,0.0,0.0,0.0,0.0
Ca Mau_2022_winter_spring,2022,High,0,0.0,2.9116799434026084,0.0,3.835645446777343,4.433347082138061,26.507709980010983,15.800000429153442,4.601794600486755,48.200001299381256,5.1153697681427,0.0,0.0,0.0,0.0,1.0,0.0,1.0,0.0,0.0,0.0
Ca Mau_2022_summer_autumn,2022,Medium,2,0.0,4.2124787739345,0.0,3.8528048992156982,4.146143754323323,27.115834045410157,224.40000104904175,3.540206956863403,356.90000796318054,3.2272206568717956,0.0,0.0,0.0,0.0,0.0,0.0,0.0,0.0,0.0,0.0
Dong Thap_2022_summer_autumn,2022,Medium,2,0.0,4.058648035639808,0.0,3.505053381919861,4.075523726145426,27.109186840057372,167.0000056028366,3.839499497413635,301.00000804662704,3.4621698808670045,0.0,0.0,0.0,0.0,0.0,0.0,0.0,0.0,0.0,0.0
Ca Mau_2022_main_season,2022,High,0,0.0,3.632309913635254,0.0,4.003115377426147,2.7664413253466287,26.731145572662353,198.90000307559967,3.624287450313568,203.80000400543213,3.595707130432129,0.0,0.0,0.0,0.0,0.0,0.0,0.0,0.0,0.0,0.0
Dong Thap_2022_winter_spring,2022,Medium,2,0.0,3.1688355207443237,0.0,3.8521565914154055,4.18617270787557,26.973458194732665,3.500000096857548,4.56341769695282,51.400000035762794,4.893061590194702,0.0,0.0,0.0,0.0,1.0,0.0,1.0,0.0,0.0,0.0
Soc Trang_2022_main_season,2022,Low,1,0.0,3.355687039239066,0.0,4.162055864334106,2.8760883728663127,26.57304229736328,169.6000018119812,3.7712422013282776,228.200004696846,3.670486769676209,0.0,1.0,0.0,0.0,0.0,0.0,1.0,0.0,0.0,0.0
Soc Trang_2022_summer_autumn,2022,Low,1,0.0,4.393882013502575,0.0,3.4748852252960205,4.184856033325195,26.736999702453613,223.2000070810318,3.767285132408142,272.70000433921814,3.362466263771057,0.0,0.0,0.0,0.0,0.0,0.0,0.0,0.0,0.0,0.0
Soc Trang_2022_winter_spring,2022,Low,1,0.0,2.997095437276931,0.0,3.7688268566131593,4.664589850107829,26.023042011260987,8.600000225007534,4.568345534801483,10.100000277161598,5.049613151550293,1.0,0.0,0.0,0.0,1.0,0.0,1.0,0.0,0.0,1.0
Ben Tre_2022_main_season,2022,Medium,2,0.0,3.470817179906936,0.0,4.341961469650268,3.056617506345113,26.78641633987427,184.69999960064888,3.934457075595856,270.90000489354134,3.6326371669769286,0.0,0.0,0.0,0.0,0.0,0.0,1.0,0.0,0.0,0.0
An Giang_2022_main_season,2022,Low,1,0.0,3.398826996485392,0.0,4.235959949493409,2.987363958358765,26.86262626647949,194.1000074893236,3.7748780071735384,174.90000267326832,3.684788117408752,0.0,0.0,0.0,0.0,0.0,0.0,0.0,0.0,0.0,0.0
An Giang_2022_summer_autumn,2022,Low,1,0.0,4.159857511520386,0.0,3.515604028701782,4.067894856135051,27.113042449951173,171.20000410079956,3.8021586537361145,281.2000002413988,3.4699534368515015,0.0,0.0,0.0,0.0,0.0,0.0,0.0,0.0,0.0,0.0
An Giang_2022_winter_spring,2022,Low,1,0.0,3.1876019636789956,0.0,3.89623685836792,4.239080095291138,26.98064613342285,4.600000187754631,4.644806361198425,30.500000230968,4.9272580909729005,0.0,0.0,0.0,0.0,1.0,0.0,1.0,0.0,0.0,0.0
Vinh Long_2022_winter_spring,2022,Medium,2,0.0,3.019347139767238,0.0,3.820024194717407,4.285344362258911,26.6270001411438,4.700000159442425,4.590909671783447,18.799999989569187,5.042570219039917,0.0,0.0,0.0,0.0,1.0,0.0,1.0,0.0,0.0,0.0
Vinh Long_2022_summer_autumn,2022,Low,1,0.0,4.20147693157196,0.0,3.525823254585266,4.256671301523844,26.86991653442383,194.79999995231628,3.911333513259888,304.5000054836273,3.496964526176453,0.0,0.0,0.0,0.0,0.0,0.0,0.0,0.0,0.0,0.0
Kien Giang_2022_winter_spring,2022,Low,1,0.0,3.2352157490594045,0.0,3.99239218711853,4.539542627334595,26.992040824890136,13.000000044703484,4.832197833061218,46.70000031590462,5.194956750869751,0.0,0.0,0.0,0.0,0.0,0.0,1.0,0.0,0.0,0.0
Ben Tre_2022_summer_autumn,2022,High,0,0.0,4.18647765545618,0.0,3.455419464111328,4.367312049865722,27.178708171844484,163.29999727010727,3.929492342472076,257.4000053703785,3.5645840692520143,0.0,0.0,0.0,0.0,0.0,0.0,0.0,0.0,0.0,0.0
Tra Vinh_2022_main_season,2022,Medium,2,0.0,3.378149293717884,0.0,4.234139804840088,3.010262131690979,26.93418788909912,162.20000058412552,3.8706860899925233,246.40000414848328,3.696155595779419,0.0,0.0,0.0,0.0,0.0,0.0,0.0,0.0,0.0,0.0
Can Tho_2022_winter_spring,2022,Low,1,0.0,3.0309215897605535,0.0,3.686484308242798,4.242025629679362,26.748207759857177,6.400000259280205,4.633807897567749,17.49999985843897,5.165713939666748,0.0,0.0,0.0,0.0,1.0,0.0,1.0,0.0,0.0,0.0
Long An_2022_winter_spring,2022,Low,1,0.0,3.1263475134259178,0.0,3.8777190494537352,4.413849290211996,27.024811935424804,4.700000151991844,4.65322984457016,31.60000095516443,5.064759712219239,0.0,0.0,0.0,0.0,0.0,0.0,1.0,0.0,0.0,0.0
Hau Giang_2022_winter_spring,2022,Medium,2,0.0,3.038966820353554,0.0,3.8088125801086425,4.531062936782837,26.99504175186157,8.10000029951334,4.82430591583252,30.99999992549419,5.303389348983765,0.0,0.0,0.0,0.0,0.0,0.0,1.0,0.0,0.0,0.0
Long An_2022_summer_autumn,2022,Low,1,1.0,4.29260964620681,0.0,3.604876832962036,4.385602045059204,27.06366605758667,195.70000505447388,4.024824583530426,283.8000128418207,3.667822799682617,0.0,0.0,0.0,0.0,0.0,0.0,0.0,0.0,0.0,0.0
Can Tho_2022_summer_autumn,2022,Medium,2,0.0,4.096778392791748,0.0,3.43453444480896,4.1781754970550535,26.852166748046876,210.700004696846,3.7637214779853823,294.19999530911446,3.3834848260879515,0.0,0.0,0.0,0.0,0.0,0.0,0.0,0.0,0.0,0.0
Tien Giang_2022_winter_spring,2022,Low,1,0.0,2.9786444221224104,0.0,3.701464157104492,4.17795794804891,26.283542823791503,6.4000000432133675,4.37519416809082,14.80000028014183,4.771186113357544,0.0,0.0,0.0,0.0,1.0,0.0,1.0,0.0,0.0,0.0
Tien Giang_2022_summer_autumn,2022,Medium,2,1.0,4.217281965982346,0.0,3.445961618423462,4.3634669303894045,27.01197967529297,142.9000024795532,3.910539221763611,230.70000395923853,3.564172472953796,0.0,0.0,0.0,0.0,0.0,0.0,0.0,0.0,0.0,0.0
Long An_2022_main_season,2022,High,0,0.0,3.4910463946206227,0.0,4.424686431884766,3.2511802037556965,26.810853099823,194.40000511705875,3.958891761302948,272.50000500679016,3.7063222312927246,0.0,0.0,0.0,0.0,0.0,0.0,1.0,0.0,0.0,0.0
Bac Lieu_2022_winter_spring,2022,Low,1,0.0,3.0446282852263677,0.0,3.8622585678100583,4.593822987874349,26.17966613769531,10.60000018030405,4.526434755325317,19.7000003233552,5.003926439285278,1.0,0.0,0.0,0.0,1.0,0.0,1.0,0.0,0.0,1.0
Bac Lieu_2022_summer_autumn,2022,Low,1,0.0,4.545063881647019,0.0,3.615215229988098,4.2086358070373535,27.1472692489624,165.70000213384628,3.808792150020599,245.3999983370304,3.309720849990845,0.0,0.0,0.0,0.0,0.0,0.0,0.0,0.0,0.0,0.0
Bac Lieu_2022_main_season,2022,High,0,0.0,3.4072799512318204,0.0,4.177657918930054,2.8736112912495932,26.78549966812134,151.60000029206276,3.72746924161911,230.50000539422035,3.7384727811813354,0.0,0.0,0.0,0.0,0.0,0.0,0.0,0.0,0.0,0.0
Tra Vinh_2023_winter_spring,2023,Low,1,0.0,3.195883648736136,0.0,3.6252301120758057,2.707703836758931,25.728979110717773,12.100000016391276,3.843113589286804,15.200000755488873,4.516572284698486,1.0,0.0,0.0,0.0,0.0,0.0,0.0,0.0,0.0,0.0
Ben Tre_2023_main_season,2023,Medium,2,0.0,3.8992170152210055,0.0,3.755179805755615,3.824643484751383,26.27672958374023,283.000004529953,2.796105068922043,177.10000178962946,4.128313188552856,0.0,0.0,0.0,1.0,0.0,0.0,0.0,0.0,0.0,0.0
Ben Tre_2023_summer_autumn,2023,High,0,2.0,5.319983993257795,2.0,3.999072427749634,3.45067032178243,27.28433427810669,161.49999690055847,3.986645984649658,357.60000443458557,3.1982966566085818,0.0,0.0,0.0,0.0,0.0,0.0,0.0,0.0,0.0,0.0
Vinh Long_2023_summer_autumn,2023,Low,1,10.0,5.555105368296306,3.0,4.115539636611938,3.336938802401225,27.25106210708618,187.10000187158585,4.04010579586029,306.30000734329224,3.40728404045105,0.0,0.0,0.0,0.0,0.0,0.0,0.0,0.0,0.0,0.0
Ben Tre_2023_winter_spring,2023,High,0,0.0,3.181783832254864,0.0,3.701321458816528,2.832771054903666,25.73412446975708,12.299999758601189,3.927497088909149,11.300000064074991,4.514302577972412,1.0,0.0,0.0,0.0,0.0,0.0,0.0,0.0,0.0,0.0
Ca Mau_2023_winter_spring,2023,High,0,0.0,3.0253840259143283,0.0,3.695303430557251,3.1625617186228436,25.5501051902771,57.49999920278787,3.688035988807678,54.30000261217356,4.699716453552246,1.0,0.0,0.0,0.0,0.0,0.0,1.0,0.0,0.0,0.0
Tra Vinh_2023_summer_autumn,2023,Low,1,0.0,5.316917930330549,2.0,3.9827796363830568,3.4480413516362507,27.26054286956787,215.8000030517578,3.844855844974518,342.1000063419342,3.3187456035614016,0.0,0.0,0.0,0.0,0.0,0.0,0.0,0.0,0.0,0.0
Tien Giang_2023_summer_autumn,2023,Low,1,2.0,5.2462266853877475,2.0,3.9992509746551512,3.5212957143783568,27.22385549545288,147.10000038146973,4.028863775730133,329.0000101327896,3.2916556930541994,0.0,0.0,0.0,0.0,0.0,0.0,0.0,0.0,0.0,0.0
An Giang_2023_summer_autumn,2023,Low,1,6.0,5.0973050480797175,1.0,4.1856929969787595,3.3080388069152833,27.47783432006836,155.29999792575836,3.914764940738678,304.80001083761454,3.4758785820007323,0.0,0.0,0.0,0.0,0.0,0.0,0.0,0.0,0.0,0.0
An Giang_2023_winter_spring,2023,Low,1,0.0,3.285321593284607,0.0,4.202904901504517,3.3629253625869753,25.6563759803772,14.700000196695328,3.971731889247894,7.599999845027924,4.820993595123291,1.0,0.0,0.0,0.0,0.0,0.0,1.0,0.0,0.0,0.0
Vinh Long_2023_winter_spring,2023,Low,1,0.0,3.219596743583679,0.0,3.8980447101593017,3.129827531178792,25.53835325241089,23.500000163912773,3.890496075153351,20.60000118613243,4.6968185997009275,1.0,0.0,0.0,0.0,0.0,0.0,0.0,0.0,0.0,0.0
Hau Giang_2023_summer_autumn,2023,Low,1,15.0,5.387835752396357,3.0,4.016365756988526,3.356915585199992,27.307958126068115,266.3000060170889,3.787693202495575,407.60000586509705,3.0871471643447874,0.0,0.0,0.0,0.0,0.0,0.0,0.0,0.0,0.0,0.0
Tien Giang_2023_winter_spring,2023,Low,1,0.0,3.2056932051976523,0.0,3.761283206939697,2.8682440598805745,25.728542041778564,12.999999932944776,3.969058442115783,23.50000183284283,4.538478622436523,1.0,0.0,0.0,0.0,0.0,0.0,1.0,0.0,0.0,0.0
Tra Vinh_2023_main_season,2023,Low,1,0.0,3.7983360290527344,0.0,3.687184910774231,3.8561188697814943,26.39960460662842,248.20000100135803,2.9930739521980287,158.79999959468842,4.1942008590698245,0.0,0.0,0.0,1.0,0.0,0.0,0.0,0.0,0.0,0.0
Can Tho_2023_summer_autumn,2023,Low,1,11.0,5.460102841967628,3.0,4.069371252059937,3.3614685773849486,27.302790927886964,220.7000072002411,3.907857358455658,315.90000689029694,3.2249350786209106,0.0,0.0,0.0,0.0,0.0,0.0,0.0,0.0,0.0,0.0
Bac Lieu_2023_main_season,2023,High,0,0.0,3.8680587155478343,0.0,3.8012723398208617,3.6624369462331137,26.77258243560791,236.2000097334385,3.1664143681526182,170.90000092983246,4.133939523696899,0.0,0.0,0.0,0.0,0.0,0.0,0.0,0.0,0.0,0.0
Soc Trang_2023_winter_spring,2023,Low,1,0.0,3.1717688838640847,0.0,3.7266923809051513,2.8585326115290326,25.49168767929077,25.999999657273293,3.7752140760421753,19.80000109970569,4.749928045272827,1.0,0.0,0.0,0.0,0.0,0.0,1.0,0.0,0.0,0.0
Bac Lieu_2023_winter_spring,2023,Low,1,0.0,3.093140020256951,0.0,3.7065577793121336,3.1162753899892173,25.62341508865357,27.900000385940075,3.7632631063461304,33.70000201463699,4.770846557617188,1.0,0.0,0.0,0.0,0.0,0.0,1.0,0.0,0.0,0.0
Long An_2023_main_season,2023,Medium,2,0.0,3.945964665639968,0.0,3.854879541397094,4.033126640319824,26.733248901367187,331.20000314712524,3.06056786775589,210.00000035762787,4.181455717086792,0.0,0.0,0.0,1.0,0.0,0.0,0.0,0.0,0.0,0.0
Kien Giang_2023_winter_spring,2023,Medium,2,0.0,3.1713192633220126,0.0,4.2724935245513915,3.5668581326802573,25.559228897094727,12.100000515580176,4.035756862163543,17.400001153349876,5.0182270908355715,1.0,0.0,0.0,0.0,0.0,0.0,1.0,0.0,0.0,0.0
Kien Giang_2023_summer_autumn,2023,Low,1,9.0,5.271669898714338,0.0,4.460578536987304,3.5635615746180216,27.930686664581295,144.30000168085098,3.99385005235672,440.6000168323517,3.4597557258605955,0.0,0.0,0.0,0.0,0.0,0.0,0.0,0.0,0.0,0.0
Kien Giang_2023_main_season,2023,High,0,0.0,4.198698497953869,0.0,3.89758493900299,3.77503825823466,26.93277015686035,404.100013256073,3.214137387275696,213.00001174211505,4.323186883926391,0.0,0.0,0.0,0.0,0.0,0.0,0.0,0.0,0.0,0.0
Long An_2023_summer_autumn,2023,Medium,2,16.0,5.617624680201213,3.0,4.151633214950562,3.437375704447428,27.388249683380128,196.00000202655792,4.182767796516418,406.3000046014786,3.4323785972595213,0.0,0.0,0.0,0.0,0.0,0.0,0.0,0.0,0.0,0.0
Long An_2023_winter_spring,2023,Medium,2,0.0,3.2133399759020125,0.0,4.077241201400756,3.192019470532735,25.95762481689453,21.39999906718731,4.198183715343475,9.699999712407587,4.851450624465943,1.0,0.0,0.0,0.0,0.0,0.0,0.0,0.0,0.0,0.0
Can Tho_2023_winter_spring,2023,Low,1,0.0,3.1725963127045405,0.0,3.7541797971725464,3.1143123149871825,25.427999210357665,29.399999417364597,3.727557826042175,10.200000204145908,4.721585664749146,1.0,0.0,0.0,0.0,0.0,0.0,1.0,0.0,0.0,0.0
Ca Mau_2023_summer_autumn,2023,High,0,7.0,4.980603967394147,3.0,4.07293714761734,3.733951179186503,27.757500648498535,167.39999731630087,3.965104174613953,437.1000032424927,3.157033700942993,0.0,0.0,0.0,0.0,0.0,0.0,0.0,0.0,0.0,0.0
Soc Trang_2023_main_season,2023,Low,1,0.0,3.8369652089618502,0.0,3.7875895929336543,3.764726940790813,26.49960441589355,274.4000084400177,3.038006567955017,197.1999934911728,4.143735132217407,0.0,0.0,0.0,1.0,0.0,0.0,0.0,0.0,0.0,0.0
Soc Trang_2023_summer_autumn,2023,Low,1,2.0,5.366977680297125,2.0,4.052172336578369,3.6303945144017535,27.198667526245117,244.00000444054604,3.81620329618454,351.5000091791153,3.2795538902282715,0.0,0.0,0.0,0.0,0.0,0.0,0.0,0.0,0.0,0.0
Ca Mau_2023_main_season,2023,High,0,0.0,3.9056011864117215,0.0,3.928558735847473,3.5899112542470295,26.70364646911621,381.5999953746796,2.9722690343856812,186.7999974489212,4.089812874794006,0.0,0.0,0.0,0.0,0.0,0.0,0.0,0.0,0.0,0.0
Dong Thap_2023_summer_autumn,2023,Low,1,9.0,5.1297059172675725,2.0,4.1773434829711915,3.2748711744944257,27.50220708847046,172.30000519752505,3.987592256069183,377.4000047445297,3.443699164390564,0.0,0.0,0.0,0.0,0.0,0.0,0.0,0.0,0.0,0.0
Dong Thap_2023_winter_spring,2023,Low,1,0.0,3.2583303338005427,0.0,4.186853513717652,3.26570147673289,25.651166248321537,9.500000216066836,3.918583333492279,3.9000002145767207,4.7459624481201175,1.0,0.0,0.0,0.0,0.0,0.0,1.0,0.0,0.0,0.0
Bac Lieu_2023_summer_autumn,2023,Medium,2,0.0,5.242291711625599,0.0,4.050949068069458,3.6279423316319783,27.587686252593993,201.1999997496605,3.844489645957947,292.1000145673752,3.357775163650513,0.0,0.0,0.0,0.0,0.0,0.0,0.0,0.0,0.0,0.0
An Giang_2023_main_season,2023,Low,1,0.0,3.9238622529166087,0.0,3.692125473022461,3.834736903508504,27.07252159118652,200.00000423192975,3.2483339309692383,165.4999978542328,4.225826177597046,0.0,0.0,0.0,0.0,0.0,0.0,0.0,0.0,0.0,0.0
Hau Giang_2023_winter_spring,2023,Medium,2,0.0,3.1471777870541526,0.0,3.8694881916046144,3.180752642949422,25.14587478637695,17.20000010728836,3.7332934021949766,36.59999990463257,4.843499422073364,1.0,0.0,0.0,0.0,0.0,0.0,1.0,0.0,0.0,0.0
Ca Mau_2024_winter_spring,2024,High,0,0.0,3.3772632508050826,0.0,4.148178520202637,4.389696884155273,27.15916700363159,2.800000101327896,5.185688853263855,10.60000029951334,5.39682300567627,0.0,0.0,0.0,0.0,0.0,0.0,0.0,0.0,0.0,0.0
Vinh Long_2024_winter_spring,2024,Medium,2,0.0,3.4972083284741355,0.0,4.307776308059692,4.142543888092041,26.90470733642578,4.599999904632568,4.826962542533875,4.000000149011612,5.303874874114991,0.0,0.0,0.0,0.0,0.0,0.0,0.0,0.0,0.0,0.0
Bac Lieu_2024_summer_autumn,2024,Medium,2,7.0,5.832200572604225,0.0,4.405207166671753,4.206523625055949,27.391332817077636,167.60000264644623,3.551476848125458,306.6000065803528,3.237267551422119,0.0,0.0,0.0,0.0,0.0,0.0,0.0,0.0,0.0,0.0
Dong Thap_2024_winter_spring,2024,Low,1,0.0,3.61295751730601,0.0,4.249665927886963,4.0331004619598385,27.097207832336423,0.7000000104308128,4.601624691486359,3.3000001311302185,5.21576473236084,0.0,0.0,0.0,0.0,0.0,0.0,0.0,0.0,0.0,0.0
Dong Thap_2024_summer_autumn,2024,Low,1,20.0,6.1150740668887185,0.0,4.2810506248474125,4.169873523712158,27.05824966430664,245.80000352859497,3.552704268693924,268.30000311136246,3.12022940158844,0.0,0.0,0.0,0.0,0.0,0.0,0.0,0.0,0.0,0.0
Tra Vinh_2024_summer_autumn,2024,Low,1,18.0,5.9084929284595304,0.0,4.358120031356812,4.008808660507202,26.973042011260983,227.5000051036477,3.5668664515018462,375.4000072479248,3.1822195196151735,0.0,0.0,0.0,0.0,0.0,0.0,0.0,0.0,0.0,0.0
Tra Vinh_2024_winter_spring,2024,High,0,0.0,3.4541517609641668,0.0,4.148096771240234,4.463109556833903,26.444604015350343,1.200000047683716,4.97499840259552,3.20000009983778,5.277068042755127,0.0,0.0,0.0,0.0,0.0,0.0,0.0,0.0,0.0,0.0
Ca Mau_2024_summer_autumn,2024,High,0,18.0,5.8225375924791605,1.0,4.360976572036743,4.190268007914225,27.245313262939455,242.99999713897705,3.150206458568573,381.30001411587,3.019408760070801,0.0,0.0,0.0,0.0,0.0,0.0,0.0,0.0,0.0,0.0
An Giang_2024_winter_spring,2024,Low,1,0.0,3.650151616051083,0.0,4.192845077514648,4.056770896911621,27.220855903625488,0.800000011920929,4.6167098641395565,4.000000067055225,5.213167543411255,0.0,0.0,0.0,0.0,0.0,0.0,0.0,0.0,0.0,0.0
An Giang_2024_summer_autumn,2024,Low,1,21.0,6.057695388793945,0.0,4.253041582107544,4.095737314224243,27.11054229736328,242.90001487731936,3.45451877117157,245.4000043272972,3.168507146835327,0.0,0.0,0.0,0.0,0.0,0.0,0.0,0.0,0.0,0.0
An Giang_2024_main_season,2024,Low,1,0.0,4.116537991024199,0.0,3.6122673416137694,3.578402042388916,26.978563499450683,196.0000075697899,3.210033178329468,193.90000331401825,4.23630313873291,0.0,0.0,0.0,0.0,0.0,0.0,0.0,0.0,0.0,0.0
Kien Giang_2024_winter_spring,2024,Medium,2,0.0,3.624980614298866,0.0,4.356961431503296,4.256818373998006,27.25599956512451,2.800000101327896,5.01007912158966,7.800000339746475,5.564210338592529,0.0,0.0,0.0,0.0,0.0,0.0,0.0,0.0,0.0,0.0
Kien Giang_2024_summer_autumn,2024,Low,1,17.0,5.83346810795012,0.0,4.306612491607666,4.397681442896525,27.30068712234497,287.10000371932983,3.404851049184799,389.29999831318855,3.1182263565063475,0.0,0.0,0.0,0.0,0.0,0.0,0.0,0.0,0.0,0.0
Kien Giang_2024_main_season,2024,High,0,0.0,4.1777632009415395,0.0,3.814223217964172,3.448719882965088,27.100790786743165,304.10000041127205,3.1832054257392883,187.80000519752505,4.21195219039917,0.0,0.0,0.0,0.0,0.0,0.0,0.0,0.0,0.0,0.0
Ben Tre_2024_main_season,2024,High,0,0.0,4.151787031264532,0.0,3.6882266902923586,3.424860636393229,26.468811798095704,252.19999927282333,3.240386664867401,170.2000017464161,4.265448265075683,0.0,0.0,0.0,1.0,0.0,0.0,0.0,0.0,0.0,0.0
Ben Tre_2024_summer_autumn,2024,Low,1,17.0,5.729255971454439,1.0,4.346883716583252,4.186579195658366,26.97485418319702,250.20001018047333,3.493032896518707,319.80000227689743,3.0701543140411376,0.0,0.0,0.0,0.0,0.0,0.0,0.0,0.0,0.0,0.0
Can Tho_2024_winter_spring,2024,Low,1,0.0,3.432416671798342,0.0,4.278917579650879,4.194739325841268,26.95487403869629,6.100000575184822,4.971864223480225,3.1000001579523087,5.41314847946167,0.0,0.0,0.0,0.0,0.0,0.0,0.0,0.0,0.0,0.0
Can Tho_2024_summer_autumn,2024,Low,1,21.0,6.078763439541771,0.0,4.318588209152222,4.165467675526937,26.922166442871095,209.50000059604645,3.4531617760658264,316.5000100135803,3.04420672416687,0.0,0.0,0.0,0.0,0.0,0.0,0.0,0.0,0.0,0.0
Vinh Long_2024_summer_autumn,2024,Low,1,21.0,6.094228789919899,2.0,4.461063241958618,4.4731651782989506,27.025021362304688,166.9000049829483,3.6030750453472136,288.800000667572,3.0932180213928224,0.0,0.0,0.0,0.0,0.0,0.0,0.0,0.0,0.0,0.0
Hau Giang_2024_winter_spring,2024,Low,1,0.0,3.421892983572824,0.0,4.3027319240570066,4.27897580464681,27.034728813171387,6.700000196695328,5.089013147354126,3.300000064074993,5.570543670654297,0.0,0.0,0.0,0.0,0.0,0.0,0.0,0.0,0.0,0.0
Hau Giang_2024_summer_autumn,2024,Low,1,19.0,6.002471038273403,0.0,4.274357271194458,4.026404778162639,26.80285348892212,230.39998924732208,3.195861029624939,373.99999725818634,2.9790865182876587,0.0,0.0,0.0,0.0,0.0,0.0,0.0,0.0,0.0,0.0
Tien Giang_2024_summer_autumn,2024,Low,1,17.0,5.669385115305583,2.0,4.445901861190796,4.321517610549927,26.96948013305664,171.0000033378601,3.599805289506912,304.09999680519104,3.134793424606323,0.0,0.0,0.0,0.0,0.0,0.0,0.0,0.0,0.0,0.0
Tien Giang_2024_winter_spring,2024,Low,1,0.0,3.4361913544791087,0.0,4.0439215183258055,4.024935913085938,26.58645915985107,0.6000000238418579,4.638054728507996,3.1000000685453415,5.059012584686279,0.0,0.0,0.0,0.0,0.0,0.0,0.0,0.0,0.0,0.0
Soc Trang_2024_winter_spring,2024,Low,1,0.0,3.3806237266177224,0.0,4.181354560852051,4.5780686696370445,26.66158323287964,1.000000074505806,5.192985391616821,3.6000001579523087,5.328957996368408,0.0,0.0,0.0,0.0,0.0,0.0,0.0,0.0,0.0,0.0
Soc Trang_2024_summer_autumn,2024,Low,1,17.0,5.798821994236538,1.0,4.426752653121948,3.982736619313558,27.025125885009764,187.30000746250153,3.457245576381683,361.30000045895576,3.218183455467224,0.0,0.0,0.0,0.0,0.0,0.0,0.0,0.0,0.0,0.0
Soc Trang_2024_main_season,2024,Medium,2,0.0,4.181338616779873,0.0,3.5588160705566407,3.498756233851115,26.759083843231203,297.9000019133091,3.277058619260788,293.00000631809235,4.099973115921021,0.0,0.0,0.0,0.0,0.0,0.0,0.0,0.0,0.0,0.0
Long An_2024_main_season,2024,High,0,2.0,4.505398262114752,0.0,4.123511714935303,3.7545806407928466,26.793040657043456,280.400004863739,3.4064685821533205,155.80000219494104,4.323919267654419,0.0,0.0,0.0,0.0,0.0,0.0,0.0,0.0,0.0,0.0
Long An_2024_summer_autumn,2024,Medium,2,20.0,6.25605076835269,4.0,4.661909074783325,4.619532601038615,27.366478824615477,234.90000481903553,3.81723039150238,366.3999996185303,3.3602169227600096,0.0,0.0,0.0,0.0,0.0,0.0,0.0,0.0,0.0,0.0
Long An_2024_winter_spring,2024,Low,1,0.0,3.562025802476066,0.0,4.3711348915100094,4.139487965901693,26.8675199508667,0.4000000059604644,4.698504018783569,5.300000123679638,5.2028718757629395,0.0,0.0,0.0,0.0,0.0,0.0,0.0,0.0,0.0,0.0
Bac Lieu_2024_winter_spring,2024,Low,1,0.0,3.3740633726119995,0.0,4.260263319015503,4.668985493977865,26.875395393371583,1.200000062584877,5.2850501298904415,5.300000123679638,5.367082729339599,0.0,0.0,0.0,0.0,0.0,0.0,0.0,0.0,0.0,0.0
Bac Lieu_2024_main_season,2024,High,0,0.0,4.221083300454276,0.0,3.7275492572784423,3.535038979848226,27.091124057769775,223.0000038146973,3.314955937862396,221.60000164806843,4.172542276382447,0.0,0.0,0.0,0.0,0.0,0.0,0.0,0.0,0.0,0.0
Ca Mau_2024_main_season,2024,High,0,0.0,4.12338003658113,0.0,3.6001263236999512,3.054813019434611,27.052084350585936,283.8000131621957,3.1936413168907167,261.39999985694885,3.944872484207153,0.0,0.0,0.0,0.0,0.0,0.0,0.0,0.0,0.0,0.0
