id_vụ,year,yield_class,yield_class_encoded,pat_013__stage_2_Mát-Khô__stage_3_Mát-Khô,pat_024__stage_1_Mát-Khô__stage_3_Mát-Khô,pat_018__stage_1_Mát-Khô__stage_2_Mát-Khô__stage_3_Mát-Khô,pat_023__stage_2_Mát-Khô__stage_3_Mát-Khô__stage_4_Mát-Khô,pat_005__stage_2_Mát-Khô__stage_3_Mát-Khô__stage_5_Mát-Khô,pat_016__stage_3_Vừa-Khô,pat_011__stage_1_Mát-Khô__stage_2_Mát-Khô,pat_009__stage_2_Mát-Khô__stage_4_Mát-Khô,pat_020__stage_2_Mát-Khô__stage_5_Mát-Khô,pat_014__stage_2_Mát-Vừa,pat_001__stage_2_Mát-Khô__stage_4_Mát-Khô__stage_5_Mát-Khô,pat_030__stage_1_Mát-Khô,pat_010__stage_4_Vừa-Vừa__stage_5_Vừa-Vừa,pat_019__stage_5_Mát-Vừa,stage_4_avg_temp,pat_021__stage_3_Mát-Khô__stage_4_Mát-Khô,pat_029__stage_3_Vừa-Vừa__stage_4_Vừa-Vừa,pat_028__stage_3_Vừa-Vừa__stage_5_Vừa-Vừa,pat_006__stage_2_Vừa-Ướt__stage_5_Vừa-Vừa,stage_3_avg_et0,pat_012__stage_1_Mát-Vừa,pat_022__stage_2_Vừa-Vừa__stage_5_Vừa-Vừa,pat_002__stage_3_Mát-Khô__stage_4_Mát-Khô__stage_5_Mát-Khô,pat_007__stage_3_Mát-Khô__stage_5_Mát-Khô,stage_3_avg_temp,pat_025__stage_4_Mát-Ướt,pat_000__stage_1_Mát-Vừa__stage_4_Mát-Khô,stage_5_avg_et0,stage_2_total_precip,stage_1_avg_temp,pat_017__stage_4_Mát-Khô__stage_5_Vừa-Khô,pat_003__stage_1_Mát-Vừa__stage_3_Mát-Khô,stage_5_total_precip,pat_008__stage_3_Mát-Vừa,stage_1_count_heat_days,stage_1_avg_et0,stage_4_total_precip,pat_015__stage_4_Mát-Khô__stage_5_Mát-Khô,stage_3_count_heat_days,pat_026__stage_5_Mát-Khô
Long An_1995_winter_spring,1995,Low,1,0,0,0,0,0,1,0,0,0,0,0,0,0,0,26.43908338546753,0,0,0,0,4.36910400390625,0,0,0,0,26.674082692464193,0,0,5.1763694381713865,27.899999983608723,27.20436059860956,0,0,0.7000000178813934,0,0.0,4.051189309074765,22.299999043345455,0,0.0,0
Tien Giang_1995_winter_spring,1995,Medium,2,1,1,1,1,1,0,1,1,1,0,1,1,0,0,25.91870861053467,1,0,0,0,4.252577416102091,0,0,1,1,25.870304743448894,0,0,5.039116516113281,38.69999973475933,26.769034976050968,0,0,0.9000000208616257,0,0.0,4.005243834995088,11.90000019222498,1,0.0,1
Tien Giang_1995_summer_autumn,1995,Medium,2,0,0,0,0,0,0,0,0,0,0,0,0,0,1,26.98985357284546,0,0,0,0,4.317402362823486,0,0,0,0,27.988776652018228,0,0,3.644486894607544,82.00000075995922,29.154848007928756,0,0,197.49999737739563,0,0.0,5.5317510196140836,214.79999923706055,0,0.0,0
Tien Giang_1995_main_season,1995,High,0,0,0,0,0,0,0,0,0,0,0,0,0,0,0,26.358498954772948,0,1,0,0,3.67579820950826,0,0,0,0,26.576276779174805,0,0,3.430181107521057,239.4999982714653,28.585503078642347,0,0,307.9999920129776,0,0.0,4.640637636184692,146.89999997615814,0,0.0,0
Bac Lieu_1995_main_season,1995,High,0,0,0,0,0,0,0,0,0,0,0,0,0,0,0,26.645395374298097,0,1,0,0,3.892465416590373,0,0,0,0,26.94799830118815,0,0,3.422643585205078,182.59999890625477,28.658970605759393,0,0,249.20000088214871,0,0.0,4.7202239717756,186.0000038146973,0,0.0,0
Bac Lieu_1995_summer_autumn,1995,Low,1,0,0,0,0,0,0,0,0,0,0,0,0,0,0,27.39622802734375,0,0,0,0,4.430950816472372,0,0,0,0,28.296192932128907,0,0,3.732388677597046,62.799999728798866,28.91641108194987,0,0,225.59999918937683,0,0.0,5.748090698605492,166.09999668598175,0,0.0,0
Ben Tre_1995_winter_spring,1995,Low,1,1,1,1,1,1,0,1,1,1,0,1,1,0,0,25.790019989013672,1,0,0,0,4.154909722010294,0,0,1,1,25.720331954956055,0,0,4.90453685760498,38.69999973475933,26.664281481788272,0,0,0.9000000208616257,0,0.0,3.925649438585554,11.90000019222498,1,0.0,1
Ben Tre_1995_summer_autumn,1995,Medium,2,0,0,0,0,0,0,0,0,0,0,0,0,0,1,27.020540142059325,0,0,0,0,4.313544511795044,0,0,0,0,28.04658292134603,0,0,3.6347737216949465,82.00000075995922,29.013984044392902,0,0,197.49999737739563,0,0.0,5.4214710508074075,214.79999923706055,0,0.0,0
Ben Tre_1995_main_season,1995,Medium,2,0,0,0,0,0,0,0,0,0,0,0,0,0,0,26.410853576660156,0,1,0,0,3.6675300121307375,0,0,0,0,26.666305033365884,0,0,3.420892992019654,239.4999982714653,28.625094913301012,0,0,307.9999920129776,0,0.0,4.630853380475726,146.89999997615814,0,0.0,0
Soc Trang_1995_main_season,1995,Medium,2,0,0,0,0,0,0,0,0,0,0,0,0,0,0,26.331582927703856,0,1,0,0,3.8305862744649257,0,0,0,0,26.651862589518228,0,0,3.401596121788025,194.3000035583973,28.608369282313756,0,0,244.80000495910645,0,0.0,4.6322560878027055,147.8999969959259,0,0.0,0
Soc Trang_1995_summer_autumn,1995,High,0,0,0,0,0,0,0,0,0,0,0,0,0,0,1,27.067105102539063,0,0,0,0,4.300848706563314,0,0,0,0,28.085056432088216,0,0,3.6483046054840087,52.80000253021717,28.98217891511463,0,0,203.499996304512,0,0.0,5.63556702931722,177.2000040113926,0,0.0,0
Tra Vinh_1995_winter_spring,1995,High,0,1,1,1,1,1,0,1,1,1,0,1,1,0,0,25.817541694641115,1,0,0,0,4.321068827311198,0,0,1,1,25.763999684651697,0,0,4.964673862457276,48.69999904930592,26.706539154052734,0,0,0.8000000193715096,0,0.0,4.029779502323696,9.299999475479128,1,0.0,1
Tra Vinh_1995_summer_autumn,1995,High,0,0,0,0,0,0,0,0,0,0,0,0,0,0,1,27.03493776321411,0,0,0,0,4.317940346399943,0,0,0,0,28.07427775065104,0,0,3.668370189666748,87.60000226646662,28.969733919416154,0,0,204.10000121593475,0,0.0,5.462800184885661,227.99999737739563,0,0.0,0
Tra Vinh_1995_main_season,1995,Low,1,0,0,0,0,0,0,0,0,0,0,0,0,0,0,26.423999118804932,0,1,0,0,3.742430798212687,0,0,0,0,26.723861185709634,0,0,3.463660297393799,248.09999531507492,28.623701822190057,0,0,297.49999368190765,0,0.0,4.6257423105694,156.50000095367432,0,0.0,0
Can Tho_1995_main_season,1995,High,0,0,0,0,0,0,0,0,0,0,0,0,0,0,0,26.344143676757813,0,1,0,0,3.665407387415568,0,0,0,0,26.690498733520503,0,0,3.2455021858215334,181.30000112205744,28.592403048560733,0,0,322.90000569820404,0,0.0,4.5785628613971525,129.6999985948205,0,0.0,0
Can Tho_1995_summer_autumn,1995,High,0,0,0,0,0,0,0,0,0,0,0,0,0,0,1,27.085915565490723,0,0,0,0,4.232383410135905,0,0,0,0,28.140220642089844,0,0,3.5428785610198976,77.5000024586916,29.64756320771717,0,0,158.10000178962946,0,9.0,5.705951077597482,163.800000526011,0,0.0,0
Can Tho_1995_winter_spring,1995,Low,1,1,1,1,1,1,0,1,1,1,0,1,1,0,0,25.986540603637696,1,0,0,0,4.105513509114584,0,0,1,1,25.762304941813152,0,0,4.979325065612793,31.30000101774931,26.64508292788551,0,0,0.3000000044703483,0,0.0,3.8405465398515974,5.800000049173832,1,0.0,1
Kien Giang_1995_main_season,1995,High,0,0,0,0,0,0,0,0,0,0,0,0,0,0,0,26.603459072113036,0,0,0,0,3.811033042271932,0,0,0,0,27.051861317952476,0,0,3.4197054433822633,180.89999794960025,28.67265546889532,0,0,355.9000056385994,0,0.0,4.794806616646903,201.6999990940094,0,0.0,0
Kien Giang_1995_summer_autumn,1995,High,0,0,0,0,0,0,0,0,0,0,0,0,0,0,0,27.54002151489258,0,0,0,0,4.310999075571696,0,0,0,0,28.192834599812823,0,0,3.6338844203948977,89.80000193417072,29.89061228434245,0,0,216.10000026226044,0,10.0,5.626023133595784,122.49999809265135,0,0.0,0
Kien Giang_1995_winter_spring,1995,High,0,1,1,1,1,0,0,1,1,0,0,0,1,0,0,26.19897871017456,1,0,0,0,4.207191530863444,0,0,0,0,25.96061134338379,0,0,4.995009937286377,50.999998576939106,26.918488366263254,1,0,3.000000037252903,0,0.0,3.8481900578453425,8.000000029802322,0,0.0,0
Vinh Long_1995_winter_spring,1995,Low,1,1,1,1,1,1,0,1,1,1,0,1,1,0,0,26.07287521362305,1,0,0,0,4.180505021413167,0,0,1,1,26.003777694702148,0,0,5.050092029571533,33.90000047534704,26.76671400524321,0,0,0.1000000014901161,0,0.0,3.90278528985523,11.699999906122684,1,0.0,1
Vinh Long_1995_summer_autumn,1995,High,0,0,0,0,0,0,0,0,0,0,0,0,0,0,1,27.09412431716919,0,0,0,0,4.225005563100179,0,0,0,0,28.071416727701823,0,0,3.5529279327392578,89.10000152885914,29.56145640781947,0,0,199.3000054359436,0,8.0,5.6364088285537,179.30000483989716,0,0.0,0
Vinh Long_1995_main_season,1995,Medium,2,0,0,0,0,0,0,0,0,0,0,0,0,0,0,26.373812866210937,0,1,0,0,3.626605049769083,0,0,0,0,26.723361333211265,0,0,3.3191910362243653,196.60000616312027,28.595584142775763,0,0,285.29999566078186,0,0.0,4.584474211647397,160.50000596046448,0,0.0,0
An Giang_1995_main_season,1995,Low,1,0,0,0,0,0,0,0,0,0,0,0,0,0,0,26.75154161453247,0,1,0,0,3.8614348411560058,0,0,0,0,27.14869524637858,0,0,3.4649389791488647,142.80000242590904,28.957642873128258,0,0,254.49999886751175,0,0.0,4.88409484000433,137.90000514686108,0,0.0,0
An Giang_1995_summer_autumn,1995,High,0,0,0,0,0,0,0,0,0,0,0,0,0,0,0,27.650188064575197,0,0,0,0,4.514797258377075,0,0,0,0,28.565777842203776,0,0,3.7245484256744383,59.79999942332506,30.10714848836263,0,0,194.10000632703304,0,15.0,5.758206662677583,119.90000299364328,0,0.0,0
An Giang_1995_winter_spring,1995,Medium,2,1,0,0,1,0,0,0,1,0,0,0,0,0,0,26.09175043106079,1,0,0,0,4.17770250638326,0,0,0,0,26.044806162516277,0,0,5.006621360778809,26.099999360740185,27.077187220255535,1,0,0.0,0,0.0,3.859755118687948,12.299999721348286,0,0.0,0
Dong Thap_1995_winter_spring,1995,Low,1,1,0,0,1,0,0,0,1,0,0,0,0,0,0,26.17414426803589,1,0,0,0,4.239013417561849,0,0,0,0,26.225082015991212,0,0,5.075308456420898,38.10000072419644,27.176729474748885,1,0,0.300000011920929,0,0.0,3.952255600974673,11.299999848008156,0,0.0,0
Dong Thap_1995_summer_autumn,1995,High,0,0,0,0,0,0,0,0,0,0,0,0,0,0,0,27.519665908813476,0,0,0,0,4.467238807678223,0,0,0,0,28.493694051106772,0,0,3.6794411277771,91.5000013113022,30.06452669416155,0,0,208.60000053048137,0,11.0,5.816786902291434,155.20000100135803,0,0.0,0
Ca Mau_1995_summer_autumn,1995,High,0,0,0,0,0,0,0,0,0,0,0,0,0,0,0,27.248082542419432,0,0,0,0,4.293560679753622,0,0,0,0,28.175583267211913,0,0,3.6709506511688232,87.29999829828739,28.91804295494443,0,0,305.90000200271606,0,1.0,5.4753792853582475,207.60000157356265,0,0.0,0
Ca Mau_1995_main_season,1995,Low,1,0,0,0,0,0,0,0,0,0,0,0,0,0,0,26.473187351226805,0,0,0,0,3.860201629002889,0,0,0,0,26.93030548095703,0,0,3.28114333152771,216.10000252723697,28.52984873453776,0,0,377.2999975681305,0,0.0,4.567823852811541,195.79999995231628,0,0.0,0
Soc Trang_1995_winter_spring,1995,High,0,1,1,1,1,1,0,1,1,1,0,1,1,0,0,25.85814647674561,1,0,0,0,4.5396043459574384,0,0,1,1,25.768667221069336,0,0,5.020584621429443,53.90000042319298,26.628012975056965,0,0,0.3000000044703483,0,0.0,4.12518622761681,7.100000053644181,1,0.0,1
Long An_1995_summer_autumn,1995,High,0,0,0,0,0,0,0,0,0,0,0,0,0,0,0,27.156270694732665,0,0,0,0,4.4339735825856526,0,0,0,0,28.1461664835612,0,0,3.676655874252319,90.19999931752682,29.979063215709868,0,0,245.5000061392784,0,17.0,5.980853285108294,173.2000057697296,0,0.0,0
Long An_1995_main_season,1995,Medium,2,0,0,0,0,0,0,0,0,0,0,0,0,0,0,26.46179094314575,0,1,0,0,3.712463235855102,0,0,0,0,26.675610478719076,0,0,3.4735559844970703,204.9000061750412,28.800392241705033,0,0,268.2999996095896,0,2.0,4.827374844324021,175.10000437498093,0,0.0,0
Tien Giang_1996_winter_spring,1996,Low,1,1,0,0,1,1,0,0,1,1,0,1,0,0,0,24.927249050140382,1,0,0,0,3.764841985702515,1,0,1,1,23.92502784729004,0,1,4.4573830890655515,60.799998730421066,25.15375736781529,0,1,2.9000000283122063,0,0.0,3.146624917075747,36.30000248551369,1,0.0,1
Dong Thap_1996_summer_autumn,1996,High,0,0,0,0,0,0,0,0,0,0,0,0,0,0,1,26.97977056503296,0,1,0,0,3.6775438944498697,0,0,0,0,26.917860412597655,0,0,3.353429174423218,200.7000035047531,27.96026084536598,0,0,172.09999799728394,0,0.0,4.522259973344349,126.40000037103891,0,0.0,0
Dong Thap_1996_winter_spring,1996,Low,1,1,1,1,1,1,0,1,1,1,0,1,1,0,0,25.369977951049805,1,0,0,0,3.8527626514434816,0,0,1,1,24.34480514526367,0,0,4.55979434967041,49.49999989569187,25.745776766822452,0,0,3.0000000447034836,0,0.0,3.503521845454262,32.80000128597021,1,0.0,1
Vinh Long_1996_main_season,1996,Low,1,0,0,0,0,0,0,0,0,0,0,0,0,0,1,26.369332218170165,0,1,0,0,3.741663853327433,0,0,0,0,26.771416727701823,0,0,3.6871127796173098,237.60000836849213,26.872071220761253,0,0,197.50000244379044,0,0.0,3.472020319529942,140.00000035762787,0,0.0,0
Long An_1996_winter_spring,1996,Medium,2,1,1,1,1,0,0,1,1,0,0,0,1,0,0,25.546165657043456,1,0,0,0,3.980514923731486,0,0,0,0,24.489498901367188,0,0,4.734049196243286,37.70000076293945,25.36358678908575,1,0,2.200000047683716,0,0.0,3.3520599830718267,26.400000870227817,0,0.0,0
Long An_1996_summer_autumn,1996,Medium,2,0,0,0,0,0,0,0,0,0,0,0,0,0,1,26.8404372215271,0,1,0,0,3.6084352016448977,0,0,0,0,26.81019376118978,0,0,3.5391790962219236,228.80000680685043,28.02936008998326,0,0,159.1000079214573,0,0.0,4.5535295350211005,131.79999801516533,0,0.0,0
Long An_1996_main_season,1996,High,0,0,0,0,0,0,0,0,0,0,0,0,0,1,0,26.61939525604248,0,1,1,1,3.951190837224325,0,0,0,0,26.825610987345375,0,0,3.805320672988892,210.4999989271164,26.916562034970237,0,0,197.1999985948205,0,0.0,3.57809126944769,116.40000620484352,0,0.0,0
An Giang_1996_winter_spring,1996,Medium,2,1,1,1,1,1,0,1,1,1,0,1,1,0,0,25.37685422897339,1,0,0,0,3.872266960144043,0,0,1,1,24.36272290547689,0,0,4.5183345985412595,29.09999907016754,25.80258423941476,0,0,3.7000000923871994,0,0.0,3.5860978819075084,31.399999663233753,1,0.0,1
An Giang_1996_summer_autumn,1996,Medium,2,0,0,0,0,0,0,0,0,0,0,0,0,0,1,27.022376823425297,0,0,0,0,3.8064584573109945,0,0,0,0,26.96188939412435,0,0,3.3459672689437867,172.70000034570694,27.87083843776158,0,0,201.8000019788742,0,0.0,4.535148552485874,133.80000062286854,0,0.0,0
An Giang_1996_main_season,1996,Medium,2,0,0,0,0,0,0,0,0,0,0,0,0,1,0,26.64675054550171,0,1,1,0,4.0171586036682125,0,1,0,0,26.98008460998535,0,0,3.8577004528045657,188.49999983608723,27.133635929652623,0,0,179.40000188350675,0,0.0,3.720185143607003,151.00000343471766,0,0.0,0
Tra Vinh_1996_main_season,1996,High,0,0,0,0,0,0,0,0,0,0,0,0,0,0,0,26.41004180908203,0,1,0,0,3.7761948108673096,0,0,0,0,26.840527216593426,0,0,3.815270118713379,266.80000396072865,26.906043188912527,0,0,238.1000030040741,0,0.0,3.5500520297459195,141.80000567436218,0,0.0,0
Tra Vinh_1996_summer_autumn,1996,Low,1,0,0,0,0,0,0,0,0,0,0,0,0,0,1,26.883375358581542,0,1,0,0,3.50567839940389,0,0,0,0,26.87941665649414,0,0,3.2747808122634887,247.30000185966492,27.87092481340681,0,0,214.30000519752505,0,0.0,4.504558915183658,166.70000238716602,0,0.0,0
Ben Tre_1996_summer_autumn,1996,Medium,2,0,0,0,0,0,0,0,0,0,0,0,0,0,1,26.88689479827881,0,1,0,0,3.468784729639689,0,0,0,0,26.853805923461913,0,0,3.3225038385391237,232.50000405311584,27.87459891183036,0,0,201.40000176429749,0,0.0,4.463244233812604,150.70000046491623,0,0.0,0
Tien Giang_1996_summer_autumn,1996,Medium,2,0,0,0,0,0,0,0,0,0,0,0,0,0,1,26.827978134155273,0,1,0,0,3.49097957611084,0,0,0,0,26.757527287801107,0,0,3.352215781211853,232.50000405311584,27.812785284859793,0,0,201.40000176429749,0,0.0,4.469637893495106,150.70000046491623,0,0.0,0
Tien Giang_1996_main_season,1996,Low,1,0,0,0,0,0,0,0,0,0,0,0,0,0,1,26.454541301727296,0,1,0,0,3.819800504048666,0,0,0,0,26.809333165486652,0,0,3.8059227752685545,243.30000585317612,26.782725379580544,0,0,205.1000013947487,0,0.0,3.5311634881155833,121.10000272095203,0,0.0,0
Tra Vinh_1996_winter_spring,1996,Medium,2,1,0,0,1,1,0,0,1,1,0,1,0,0,0,24.768270683288577,1,0,0,0,3.765144697825114,1,0,1,1,23.770943959554035,0,1,4.507954893112182,56.70000401139259,25.351777485438756,0,1,3.100000075995922,0,0.0,3.048392307190668,26.499999918043617,1,0.0,1
Can Tho_1996_main_season,1996,Low,1,0,0,0,0,0,0,0,0,0,0,0,0,0,1,26.29185400009155,0,1,0,0,3.7190900007883703,1,0,0,0,26.688693364461265,0,0,3.638705406188965,221.00000327825543,26.907582237606956,0,0,195.70000272989273,0,0.0,3.492686294374012,132.4999991208315,0,0.0,0
Soc Trang_1996_winter_spring,1996,Low,1,1,0,0,1,1,0,0,1,1,0,1,0,0,0,24.69252109527588,1,0,0,0,3.914336760838826,1,0,1,1,23.72519442240397,0,1,4.703348388671875,37.899999745190144,25.26967902410598,0,1,4.6999999806284904,0,0.0,2.9203865698405673,28.300001740455627,1,0.0,1
Soc Trang_1996_summer_autumn,1996,Low,1,0,0,0,0,0,0,0,0,0,0,0,0,0,1,26.858770751953124,0,1,0,0,3.5783069292704264,0,0,0,0,26.892278289794923,0,0,3.2329777002334597,188.2000035047531,27.773449216570175,0,0,198.9000001549721,0,0.0,4.4883613132295155,165.30000296235085,0,0.0,0
Soc Trang_1996_main_season,1996,High,0,0,0,0,0,0,0,0,0,0,0,0,0,0,1,26.407000255584716,0,1,0,0,3.713910977045695,1,0,0,0,26.73533401489258,0,0,3.790106716156006,237.9000029861927,26.947059994652157,0,0,190.00000083446503,0,0.0,3.5687243257250105,131.60000026226044,0,0.0,0
Bac Lieu_1996_main_season,1996,High,0,0,0,0,0,0,0,0,0,0,0,0,0,1,0,26.82674961090088,0,1,1,1,3.823747237523397,0,0,0,0,27.001888275146484,0,0,3.860949144363403,271.90000815689564,27.275439035324823,0,0,186.20000548660755,0,0.0,3.720370474315825,153.3999988436699,0,0.0,0
Bac Lieu_1996_summer_autumn,1996,Low,1,0,0,0,0,0,0,0,0,0,0,0,0,0,0,27.240186595916747,0,0,0,0,3.723948431015015,0,0,0,0,27.097304153442384,0,0,3.4043338966369627,198.20000767707825,27.83972549438477,0,0,236.0999962091446,0,0.0,4.520941632134574,144.3000009804964,0,0.0,0
Bac Lieu_1996_winter_spring,1996,Low,1,1,0,0,1,1,0,0,1,1,0,1,0,0,0,24.951853370666505,1,0,0,0,4.2376998583475745,1,0,1,1,24.148692194620768,0,1,4.826513338088989,31.700000017881393,25.620282127743675,0,1,6.59999980032444,0,0.0,3.1429634378069924,24.40000123530626,1,0.0,1
Ben Tre_1996_main_season,1996,Medium,2,0,0,0,0,0,0,0,0,0,0,0,0,0,1,26.45929088592529,0,1,0,0,3.8058034420013422,0,0,0,0,26.875887807210287,0,0,3.787218909263611,243.30000585317612,26.848309834798176,0,0,205.1000013947487,0,0.0,3.514313470749628,121.10000272095203,0,0.0,0
Ca Mau_1996_summer_autumn,1996,Low,1,0,0,0,0,0,0,0,0,0,0,0,0,0,0,27.06922845840454,0,0,0,0,3.6722044150034585,0,0,0,0,26.944470850626622,0,0,3.2653181028366087,184.69999432563785,27.65990720476423,0,0,236.5999975204468,0,0.0,4.288050288245792,183.1000006198883,0,0.0,0
Ca Mau_1996_main_season,1996,Medium,2,0,0,0,0,0,0,0,0,0,0,0,0,0,0,26.602874565124512,0,1,0,0,3.852669636408488,0,0,0,0,26.851000340779624,0,0,3.7047954845428466,276.8000010251999,27.19661431085496,0,0,255.79999673366547,0,0.0,3.725524425506592,166.59999614953995,0,0.0,0
Ben Tre_1996_winter_spring,1996,Low,1,1,0,0,1,1,0,0,1,1,0,1,0,0,0,24.839499378204344,1,0,0,0,3.7177942911783854,1,0,1,1,23.88366635640462,0,1,4.357607154846192,60.799998730421066,25.29414258684431,0,1,2.9000000283122063,0,0.0,3.12434827146076,36.30000248551369,1,0.0,1
Kien Giang_1996_main_season,1996,High,0,0,0,0,0,0,0,0,0,0,0,0,0,0,0,26.6283540725708,0,0,1,1,3.970615593592326,0,0,0,0,26.945889282226563,0,0,3.721949257850647,308.5000115633011,27.20717902410598,0,0,204.4999938979745,0,0.0,3.8480953943161738,212.30000300705433,0,0.0,0
Kien Giang_1996_summer_autumn,1996,Low,1,0,0,0,0,0,0,0,0,0,0,0,0,0,0,27.10804204940796,0,0,0,0,3.9437134742736815,0,0,0,0,26.951167170206705,0,0,3.1652068567276,181.59999525547028,27.72711944580078,0,0,278.39999985694885,0,0.0,4.510842266536894,233.10000622272491,0,0.0,0
Vinh Long_1996_summer_autumn,1996,Medium,2,0,0,0,0,0,0,0,0,0,0,0,0,0,1,26.82829170227051,0,1,0,0,3.4388163725535077,0,0,0,0,26.739749145507812,0,0,3.1757635736465453,212.10000604391095,27.769194557553245,0,0,191.10000121593475,0,0.0,4.3621977510906405,129.80000752210617,0,0.0,0
Vinh Long_1996_winter_spring,1996,Medium,2,1,1,1,1,1,0,1,1,1,0,1,1,0,0,24.956207847595216,1,0,0,0,3.694774055480957,0,0,1,1,23.981138102213546,0,0,4.439700269699097,61.39999660849571,25.352528345017205,0,0,3.800000086426735,0,0.0,3.162064921288263,28.999999798834324,1,0.0,1
Kien Giang_1996_winter_spring,1996,High,0,1,1,1,1,1,0,1,1,1,0,1,1,0,0,25.053249835968018,1,0,0,0,3.913730430603027,0,0,1,1,24.11116561889649,0,0,4.490528736114502,41.30000019073486,25.707675298055012,0,0,15.600000090897083,0,0.0,3.5769897415524436,56.29999980330467,1,0.0,1
Can Tho_1996_winter_spring,1996,Medium,2,1,0,0,1,1,0,0,1,1,0,1,0,0,0,24.690081977844237,1,0,0,0,3.6456652959187825,1,0,1,1,23.685916646321616,0,1,4.361849994659424,50.10000090301037,25.413336072649276,0,1,6.500000044703484,0,0.0,3.0896480026699247,42.50000013411045,1,0.0,1
Can Tho_1996_summer_autumn,1996,High,0,0,0,0,0,0,0,0,0,0,0,0,0,0,1,26.74758243560791,0,1,0,0,3.51642058690389,0,0,0,0,26.797304407755533,0,0,3.077479658126831,176.6000018119812,27.67285964602516,0,0,205.4000024795532,0,0.0,4.311580771491641,138.70000022649765,0,0.0,0
Soc Trang_1997_summer_autumn,1997,Low,1,0,0,0,0,0,0,0,0,0,0,0,0,0,0,27.036271381378175,0,0,0,0,4.116852108637492,0,0,0,0,27.132139587402342,0,0,3.0927824354171753,134.9999988824129,28.52285366966611,0,0,240.10000252723697,0,0.0,5.2410096895127065,149.9000044465065,0,0.0,0
Soc Trang_1997_winter_spring,1997,Low,1,0,0,0,0,0,0,0,0,0,1,0,0,0,0,24.75022897720337,1,0,0,0,3.904637368520101,0,0,1,1,23.81894340515137,0,0,4.245237627029419,168.39999604970217,25.44953863961356,0,0,17.499999925494194,0,0.0,2.753224809964498,1.7000001221895218,1,0.0,1
Tra Vinh_1997_main_season,1997,Low,1,0,0,0,0,0,0,0,0,0,0,0,0,0,0,26.019937133789064,0,0,0,0,3.655507485071818,0,1,0,0,26.37900047302246,1,0,3.747767052650451,139.3999999910593,27.12042808532715,0,0,217.1000021249056,0,0.0,3.609430256344023,258.5000011920929,0,0.0,0
Tra Vinh_1997_winter_spring,1997,Medium,2,0,0,0,0,0,0,0,0,0,1,0,0,0,0,24.743687629699707,1,0,0,0,3.7848961353302,0,0,1,1,23.863861083984375,0,0,4.202229995727539,138.80000016093254,25.61745253063383,0,0,20.499999187886715,0,0.0,2.9651085308619907,2.4000000953674316,1,0.0,1
An Giang_1997_main_season,1997,Low,1,0,0,0,0,0,0,0,0,0,0,0,0,0,0,26.40154218673706,0,0,1,0,3.6719574610392254,0,1,0,0,26.66522280375163,0,0,3.7988930797576903,129.00000558048487,27.213396798996698,0,0,149.69999623298645,0,0.0,3.693848939169021,191.9000056385994,0,0.0,0
Dong Thap_1997_summer_autumn,1997,Medium,2,0,0,0,0,0,0,0,0,0,0,0,0,0,0,27.411853504180907,0,0,0,0,4.178034925460816,0,0,0,0,27.27147153218587,0,0,3.0871391773223875,143.70000304281712,29.03297896612258,0,0,244.5999985709786,0,2.0,5.1548920813060946,103.09999841451643,0,0.0,0
Tra Vinh_1997_summer_autumn,1997,Low,1,0,0,0,0,0,0,0,0,0,0,0,0,0,0,27.1471248626709,0,0,0,0,4.19379301071167,0,0,0,0,27.17372245788574,0,0,3.1592762994766237,156.19999796152115,28.57717377798898,0,0,314.7000014781952,0,0.0,5.147504624866304,138.59999910742044,0,0.0,0
Can Tho_1997_summer_autumn,1997,Medium,2,0,0,0,0,0,0,0,0,0,0,0,0,0,0,26.916957092285156,0,1,0,0,3.964394203821818,0,0,0,0,26.971055221557616,0,0,2.9046852731704713,145.90000039339066,28.81899107070196,0,0,246.7000036239624,0,3.0,5.1492901756649925,135.49999848008156,0,0.0,0
Tien Giang_1997_winter_spring,1997,Medium,2,0,0,0,0,0,0,0,0,0,1,0,0,0,0,25.000479698181152,1,0,0,0,3.7987610975901287,0,0,1,1,23.96127700805664,0,0,4.118849630355835,111.60000353306532,25.463578269595192,0,0,28.60000072419643,0,0.0,3.084862998553685,1.699999965727329,1,0.0,1
Tien Giang_1997_summer_autumn,1997,Medium,2,0,0,0,0,0,0,0,0,0,0,0,0,0,0,27.235165691375737,0,0,0,0,4.237295293807984,0,0,0,0,27.29308319091797,0,0,3.1152368879318235,145.39999932050705,28.62359837123326,0,0,259.3000044822693,0,0.0,5.109744208199637,116.09999699890614,0,0.0,0
Tien Giang_1997_main_season,1997,Medium,2,0,0,0,0,0,0,0,0,0,0,0,0,0,0,25.831103324890137,0,0,0,0,3.7213608264923095,0,1,0,0,26.45836003621419,1,0,3.7468884944915777,114.29999912530184,27.150483540126256,0,0,170.8999993801117,1,0.0,3.6622520628429593,228.40000116825104,0,0.0,0
Bac Lieu_1997_winter_spring,1997,Low,1,0,0,0,0,0,0,0,0,0,1,0,0,0,0,25.16456232070923,1,0,0,0,4.226145315170288,0,0,1,1,24.358694330851236,0,0,4.300116128921509,153.40000198036432,25.604109355381556,0,0,20.000000037252903,0,0.0,2.79184475399199,0.5000000074505805,1,0.0,1
Bac Lieu_1997_summer_autumn,1997,High,0,0,0,0,0,0,0,0,0,0,0,0,0,0,1,27.25935287475586,0,0,0,0,4.191064643859863,0,0,0,0,27.418416213989257,0,0,3.1579913854599,147.10000562667847,28.580201466878258,0,0,229.59999346733093,0,0.0,5.328760623931885,135.2000050842762,0,0.0,0
Bac Lieu_1997_main_season,1997,Low,1,0,0,0,0,0,0,0,0,0,0,0,0,1,0,26.53935317993164,0,1,1,0,3.491458018620809,0,1,0,0,26.54591522216797,0,0,3.7916383266448976,129.5000048354268,27.343296595982142,0,0,201.3999968767166,0,0.0,3.7571617989313033,170.0999948978424,0,0.0,0
Soc Trang_1997_main_season,1997,Low,1,0,0,0,0,0,0,0,0,0,0,0,0,0,0,26.137313079833984,0,0,0,0,3.446112600962321,0,1,0,0,26.26227747599284,0,0,3.7139492988586422,138.60000222921371,27.107773826235817,0,0,174.39999973773956,1,0.0,3.617436999366397,186.60000336170197,0,0.0,0
Can Tho_1997_main_season,1997,Medium,2,0,0,0,0,0,0,0,0,0,0,0,0,0,1,26.031332874298094,0,0,0,0,3.3838337739308675,0,0,0,0,26.23077646891276,1,0,3.5496203804016115,136.80000004172325,26.99726558866955,0,0,181.9999964237213,1,0.0,3.4774349189939953,207.9000027179718,0,0.0,0
Kien Giang_1997_main_season,1997,Medium,2,0,0,0,0,0,0,0,0,0,0,0,0,0,0,26.4217924118042,0,0,1,0,3.493188492457072,0,1,0,0,26.52811050415039,0,0,3.6596789741516114,192.19999000430107,27.1419011978876,0,0,205.79999935626984,0,0.0,3.5377375398363387,220.5999927520752,0,0.0,0
Kien Giang_1997_summer_autumn,1997,Low,1,0,0,0,0,0,0,0,0,0,0,0,0,0,0,27.221478939056396,0,0,0,0,4.04994428952535,0,0,0,0,27.201862080891928,0,0,2.9924158596992494,129.5999996960163,28.718985239664715,0,0,271.09999895095825,0,1.0,5.164368220738003,173.2999888062477,0,0.0,0
Ca Mau_1997_main_season,1997,Low,1,0,0,0,0,0,0,0,0,0,0,0,0,0,0,26.50797882080078,0,0,0,0,3.389675418535868,0,1,0,0,26.446138509114583,0,0,3.652257037162781,155.800001218915,27.10425367809477,0,0,207.199997484684,0,0.0,3.5673710845765614,205.7999963760376,0,0.0,0
Ca Mau_1997_summer_autumn,1997,Medium,2,0,0,0,0,0,0,0,0,0,0,0,0,0,0,26.99141569137573,0,1,0,0,4.038372993469238,0,0,0,0,27.200583267211915,0,0,3.0291730642318724,179.59999831020832,28.201674779256184,0,0,275.69999384880066,0,0.0,4.987518605731783,177.4000005275011,0,0.0,0
Ca Mau_1997_winter_spring,1997,High,0,0,0,0,0,0,0,0,0,0,1,0,0,0,0,25.40891590118408,1,0,0,0,3.9819207032521566,0,0,1,1,24.14141642252604,0,0,4.116637907028198,106.5000022277236,25.3152646564302,0,0,32.00000049173832,0,0.0,2.7007380837485906,9.800000242888927,1,0.0,1
Ben Tre_1997_winter_spring,1997,Low,1,0,0,0,0,0,0,0,0,0,1,0,0,0,0,24.80939588546753,1,0,0,0,3.7650439103444415,0,0,1,1,23.99741528828939,0,0,4.067706079483032,111.60000353306532,25.608725502377464,0,0,28.60000072419643,0,0.0,3.0554567518688382,1.699999965727329,1,0.0,1
Dong Thap_1997_winter_spring,1997,Low,1,1,0,0,1,0,0,0,1,0,0,0,0,0,0,25.30883283615112,1,0,0,0,3.9049885590871174,0,0,0,0,23.759526824951173,0,0,4.1232413387298585,98.60000070929529,25.795380819411506,1,0,41.500000417232506,0,0.0,3.1370803174518405,2.8000001162290573,0,0.0,0
Long An_1997_winter_spring,1997,Medium,2,0,0,0,0,0,0,0,0,0,1,0,0,0,0,25.60689535140991,1,0,0,0,4.0218892097473145,0,0,0,0,23.909499486287434,0,0,4.231831035614014,102.7000000178814,25.65336845034645,1,0,30.500000290572647,0,0.0,3.178986980801537,0.6000000089406967,0,0.0,0
Long An_1997_summer_autumn,1997,Low,1,0,0,0,0,0,1,0,0,0,0,0,0,0,0,27.57929105758667,0,0,0,0,4.295863342285156,0,0,0,0,27.439082463582356,0,0,3.0887605285644533,126.00000040978192,29.04434086027599,0,0,294.3000022172928,0,6.0,5.200151375361851,104.5999995470047,0,0.0,0
Long An_1997_main_season,1997,Medium,2,0,0,0,0,0,0,0,0,0,0,0,0,0,0,26.04033260345459,0,0,1,0,3.761245425542195,0,1,0,0,26.633111190795898,1,0,3.790089693069458,110.30000054836272,27.445531027657644,0,0,175.00000301003456,0,0.0,3.876452094032651,239.49999940395355,0,0.0,0
Ben Tre_1997_summer_autumn,1997,Medium,2,0,0,0,0,0,0,0,0,0,0,0,0,0,0,27.206061840057373,0,0,0,0,4.224077272415161,0,0,0,0,27.30533332824707,0,0,3.1049720287322997,145.39999932050705,28.562794276646205,0,0,259.3000044822693,0,0.0,5.060392016456241,116.09999699890614,0,0.0,0
Kien Giang_1997_winter_spring,1997,High,0,1,0,0,1,1,0,0,1,1,0,1,0,0,0,25.24689598083496,1,0,0,0,4.03626495997111,0,0,1,1,23.80422223409017,0,0,4.147577123641968,78.00000024586916,25.793686548868816,0,0,44.399999856948845,0,0.0,3.1709245159512474,4.000000067055225,1,0.0,1
Vinh Long_1997_main_season,1997,Medium,2,0,0,0,0,0,0,0,0,0,0,0,0,0,0,25.918812370300294,0,0,0,0,3.575420618057251,0,1,0,0,26.408222071329753,1,0,3.647666759490966,130.3999980390072,27.151833398001536,0,0,166.0999988913536,1,0.0,3.586758988244193,223.80000124126673,0,0.0,0
Vinh Long_1997_summer_autumn,1997,Medium,2,0,0,0,0,0,0,0,0,0,0,0,0,0,0,27.102770805358887,0,0,0,0,4.113434187571207,0,0,0,0,27.211834335327147,0,0,2.9873925924301146,140.4999991208315,28.847071693057107,0,0,260.6000033393502,0,3.0,5.134581384204683,132.1999989748001,0,0.0,0
An Giang_1997_winter_spring,1997,Medium,2,1,0,0,1,1,0,0,1,1,0,1,0,0,0,25.129041767120363,1,0,0,0,3.9261671861012775,0,0,1,1,23.677722930908203,0,0,4.062010202407837,82.60000124573708,25.85734494527181,0,0,42.899999141693115,0,0.0,3.1341705208732966,2.9000000879168515,1,0.0,1
An Giang_1997_summer_autumn,1997,Low,1,0,0,0,0,0,0,0,0,0,0,0,0,0,0,27.35675048828125,0,0,0,0,4.1603462378184,0,0,0,0,27.2556391398112,0,0,3.08891571521759,129.00000005960464,28.97302046276274,0,0,230.9000020623207,0,2.0,5.114331926618304,111.1000046133995,0,0.0,0
Vinh Long_1997_winter_spring,1997,Medium,2,0,0,0,0,0,0,0,0,0,1,0,0,0,0,25.026416778564453,1,0,0,0,3.7155532519022625,0,0,1,1,23.79558334350586,0,0,4.086420288085938,115.60000390559436,25.586753845214844,0,0,27.09999878704548,0,0.0,3.014582111721947,3.30000014603138,1,0.0,1
Ben Tre_1997_main_season,1997,Low,1,0,0,0,0,0,0,0,0,0,0,0,0,0,0,25.910228729248047,0,0,0,0,3.69474941889445,0,1,0,0,26.455749384562175,1,0,3.722247695922852,114.29999912530184,27.1315434773763,0,0,170.8999993801117,1,0.0,3.6284690016791936,228.40000116825104,0,0.0,0
Can Tho_1997_winter_spring,1997,Low,1,0,0,0,0,0,0,0,0,0,1,0,0,0,0,24.69487428665161,1,0,0,0,3.6517488956451416,0,0,1,1,23.4941104888916,0,0,4.0004771900177,107.7999999821186,25.581193106515062,0,0,38.19999835640192,0,0.0,2.898360093434652,4.999999992549419,1,0.0,1
Bac Lieu_1998_main_season,1998,High,0,0,0,0,0,0,0,0,0,0,0,0,0,0,0,27.272582054138184,0,0,1,1,3.7049309889475506,0,0,0,0,27.33216603597005,0,0,3.922833003997803,256.8000020980835,29.361649740309943,0,0,174.50000043213367,0,0.0,4.53837031409854,212.3000081777573,0,0.0,0
Bac Lieu_1998_winter_spring,1998,Low,1,0,0,0,0,0,1,0,0,0,0,0,0,0,0,27.473832511901858,0,0,0,0,4.719726689656576,0,0,0,0,26.95452766418457,0,0,5.229790363311768,4.3000001683831215,27.04895201183501,0,0,0.1000000014901161,0,0.0,4.399526823134649,0.6000000238418579,0,0.0,0
Bac Lieu_1998_summer_autumn,1998,High,0,0,0,0,0,0,0,0,0,0,0,0,0,0,0,27.259248638153075,0,0,0,0,3.75125040213267,0,0,0,0,28.06063791910807,0,0,3.809804291725159,87.39999683946371,29.72653089250837,0,0,228.5000091791153,0,0.0,5.7407417978559225,218.8000054359436,0,0.0,0
Ca Mau_1998_winter_spring,1998,Low,1,0,0,0,0,0,1,0,0,0,0,0,1,0,0,28.014853286743165,0,0,0,0,4.667124430338542,0,0,0,0,27.1859992980957,0,0,5.28369592666626,19.599999979138374,26.674094881330216,0,0,2.0000000298023224,0,0.0,4.06255917322068,0.8999999910593033,0,0.0,0
Kien Giang_1998_summer_autumn,1998,Low,1,0,0,0,0,0,0,0,0,0,0,0,0,0,0,27.159709644317623,0,0,0,0,3.591753029823303,0,0,0,0,27.775889587402343,0,0,4.057535228729248,157.89999949932098,29.8316832951137,0,0,154.59999686479568,0,5.0,5.326808611551921,265.40000307559967,0,0.0,0
Kien Giang_1998_main_season,1998,Low,1,0,0,0,0,0,0,0,0,0,0,0,0,0,0,27.301166439056395,0,0,1,1,3.829462703069051,0,0,0,0,27.202000172932944,0,0,3.792222785949707,284.1999999284744,28.73178209577288,0,0,204.29999923706055,0,0.0,3.993864993254343,155.09999775886536,0,0.0,0
Vinh Long_1998_main_season,1998,High,0,0,0,0,0,0,0,0,0,0,0,0,0,0,0,27.05600004196167,0,0,1,1,3.5584428866704303,0,0,0,0,26.851279067993165,0,0,3.798479604721069,256.10000240802765,28.689531598772323,0,0,212.50000143051147,0,1.0,4.004883096331642,168.9999983906746,0,0.0,0
Soc Trang_1998_winter_spring,1998,Low,1,0,0,0,0,0,1,0,0,0,0,0,1,0,0,27.302520561218262,0,0,0,0,4.552534914016723,0,0,0,0,26.71311175028483,0,0,4.985276126861573,4.300000123679638,26.726424989246187,0,0,1.5000000298023224,0,0.0,4.218663476762318,1.100000001490116,0,0.0,0
Soc Trang_1998_summer_autumn,1998,Medium,2,0,0,0,0,0,0,0,0,0,0,0,0,0,0,26.863979530334472,0,0,0,0,3.721783916155497,0,0,0,0,27.799638748168945,0,0,3.753339672088623,88.30000155419111,29.61154438200451,0,0,224.79999840259552,0,0.0,5.41388784136091,197.4000015258789,0,0.0,0
Soc Trang_1998_main_season,1998,Low,1,0,0,0,0,0,0,0,0,0,0,0,0,0,0,26.95075016021729,0,0,1,1,3.6460899194081624,0,0,0,0,26.93533376057943,0,0,3.866262683868408,242.6000039577484,29.162436894008092,0,0,211.0000013113022,0,1.0,4.362009048461914,200.40000474452972,0,0.0,0
Ben Tre_1998_main_season,1998,Low,1,0,0,0,0,0,0,0,0,0,0,0,0,0,0,27.118874549865723,0,0,0,0,3.626407782236735,0,0,0,0,26.881026967366537,0,0,3.921437397003174,265.8999972343445,28.905650093441917,0,0,242.5000044107437,0,2.0,4.137060381117321,166.49999845027926,0,0.0,0
Ben Tre_1998_summer_autumn,1998,Medium,2,0,0,0,0,0,0,0,0,0,0,0,0,0,0,26.821478652954102,0,0,0,0,3.936936616897583,0,0,0,0,27.791443634033204,0,0,3.8922607135772704,120.4999983161688,29.43332844688779,0,0,175.69999992847443,0,1.0,5.131096998850505,211.7999963760376,0,0.0,0
Ben Tre_1998_winter_spring,1998,Low,1,0,0,0,0,0,1,0,0,0,0,0,1,0,0,27.326374816894532,0,0,0,0,4.5227340380350745,0,0,0,0,26.680749130249023,0,0,4.719600963592529,4.00000012665987,26.87965883527483,0,0,2.1000000536441803,0,0.0,4.173095816657657,0.6000000089406967,0,0.0,0
Kien Giang_1998_winter_spring,1998,Medium,2,0,0,0,0,0,1,0,0,0,0,0,1,0,0,27.940333461761476,0,0,0,0,4.5152052243550616,0,0,0,0,27.380055745442707,0,0,5.05880823135376,9.30000001937151,26.900632131667365,0,0,3.700000062584877,0,0.0,4.075986396698725,0.300000011920929,0,0.0,0
Vinh Long_1998_summer_autumn,1998,Low,1,0,0,0,0,0,0,0,0,0,0,0,0,0,0,26.79808387756348,0,0,0,0,3.8133646806081134,0,0,0,0,27.672806803385416,0,0,3.8277157497406007,122.09999821335076,29.75054459344773,0,0,194.29999953508377,0,10.0,5.191788264683315,216.00000405311584,0,0.0,0
Can Tho_1998_winter_spring,1998,Medium,2,0,0,0,0,0,1,0,0,0,0,0,1,0,0,27.585290241241456,0,0,0,0,4.541878048578898,0,0,0,0,26.88258234659831,0,0,4.95454704284668,3.9999999925494194,26.668990543910436,0,0,0.2000000029802322,0,0.0,4.073204483304705,0.8000000268220901,0,0.0,0
An Giang_1998_summer_autumn,1998,Low,1,0,0,0,0,0,0,0,0,0,0,0,0,0,0,27.07029209136963,0,0,0,0,3.784605638186137,0,0,0,0,27.768000030517577,0,0,4.105245065689087,97.199999243021,30.270143054780505,0,0,161.60000208765268,0,15.0,5.32146490187872,175.80000293254852,0,0.0,0
Ca Mau_1998_main_season,1998,Medium,2,0,0,0,0,0,0,0,0,0,0,0,0,0,0,27.12474956512451,0,0,0,0,3.686825656890869,0,0,0,0,27.232943725585937,0,0,3.7288266706466673,290.1000039577484,29.06139591761998,0,0,267.3000054359436,0,1.0,4.188697304044451,223.5999927520752,0,0.0,0
Long An_1998_winter_spring,1998,Medium,2,0,0,0,0,0,0,0,0,0,0,0,1,0,0,28.286165618896483,0,0,0,0,4.8061526616414385,0,0,0,0,27.622554779052734,0,0,5.0284494781494145,2.900000154972076,26.917158126831055,0,0,2.2000000551342964,0,0.0,4.12299310593378,0.0,0,0.0,0
Long An_1998_summer_autumn,1998,Low,1,0,0,0,0,0,0,0,0,0,0,0,0,1,0,26.961686897277833,0,0,0,0,3.905799992879232,0,0,0,0,27.76741714477539,0,0,4.097365274429321,113.60000007599592,29.84156390598842,0,0,164.29999959468842,0,11.0,5.159373567217872,179.60000000149012,0,0.0,0
Tra Vinh_1998_main_season,1998,Low,1,0,0,0,0,0,0,0,0,0,0,0,0,0,0,27.045249652862548,0,0,0,0,3.6514641920725506,0,0,0,0,26.929833984375,0,0,3.9430406379699705,282.1000008583069,29.153563363211497,0,0,234.90000241994855,0,1.0,4.25767657870338,194.5000062584877,0,0.0,0
An Giang_1998_main_season,1998,Low,1,0,0,0,0,0,0,0,0,0,0,0,0,0,0,27.47372999191284,0,0,1,1,3.799238268534342,0,0,0,0,27.22522252400716,0,0,3.9014615345001222,223.2999976277351,28.838198888869513,0,0,199.59999930858612,0,0.0,4.123396078745524,149.900002874434,0,0.0,0
Tra Vinh_1998_winter_spring,1998,Medium,2,0,0,0,0,0,1,0,0,0,0,0,1,0,0,27.264937591552737,0,0,0,0,4.53657374382019,0,0,0,0,26.7076114654541,0,0,4.811112775802612,3.0,26.827075594947452,0,0,0.7000000029802322,0,0.0,4.1980299949646,0.4000000059604645,0,0.0,0
Long An_1998_main_season,1998,High,0,0,0,0,0,0,0,0,0,0,0,0,0,0,0,27.216271114349365,0,0,1,1,3.713469378153483,0,0,0,0,26.911582946777344,0,0,3.8958831214904786,205.09999845176935,28.714975902012416,0,0,223.8000032901764,0,1.0,4.074290979476202,158.40000140666962,0,0.0,0
Dong Thap_1998_winter_spring,1998,Medium,2,0,0,0,0,0,1,0,0,0,0,0,0,0,0,28.018103504180907,0,0,0,0,4.7033970832824705,0,0,0,0,27.466332117716473,0,0,4.94579571723938,1.7000000029802322,27.052621023995535,0,0,0.9000000134110451,0,0.0,4.107758215495518,0.0,0,0.0,0
Dong Thap_1998_summer_autumn,1998,Low,1,0,0,0,0,0,0,0,0,0,0,0,0,0,0,27.01070718765259,0,0,0,0,3.814496612548828,0,0,0,0,27.732027053833008,0,0,4.060276756286621,113.30000169575214,30.156986781529017,0,0,158.0000030770898,0,12.0,5.292309817813692,192.10000085830688,0,0.0,0
Tien Giang_1998_winter_spring,1998,Low,1,0,0,0,0,0,1,0,0,0,0,0,1,0,0,27.56891603469849,0,0,0,0,4.7206194241841635,0,0,0,0,26.88419392903646,0,0,4.8462464427948,4.00000012665987,26.843638828822545,0,0,2.1000000536441803,0,0.0,4.2265457652864,0.6000000089406967,0,0.0,0
Tien Giang_1998_summer_autumn,1998,High,0,0,0,0,0,0,0,0,0,0,0,0,0,0,0,26.792041301727295,0,0,0,0,3.94442081451416,0,0,0,0,27.72669448852539,0,0,3.9120073032379152,120.4999983161688,29.42121796380906,0,0,175.69999992847443,0,0.0,5.142295178912935,211.7999963760376,0,0.0,0
Tra Vinh_1998_summer_autumn,1998,Low,1,0,0,0,0,0,0,0,0,0,0,0,0,0,0,26.85775032043457,0,0,0,0,3.9105124473571777,0,0,0,0,27.84080492655436,0,0,3.8485740995407105,112.49999836087228,29.531241643996463,0,0,202.90000531077385,0,1.0,5.245309159869239,225.79999804496765,0,0.0,0
Ca Mau_1998_summer_autumn,1998,Low,1,0,0,0,0,0,0,0,0,0,0,0,0,0,0,27.022458362579343,0,0,0,0,3.6380154927571615,0,0,0,0,27.91766560872396,0,0,3.750276956558228,153.99999786913395,30.231733776274183,0,0,265.9999976158142,0,16.0,5.695283163161505,260.50000405311584,0,0.0,0
Can Tho_1998_summer_autumn,1998,Medium,2,0,0,0,0,0,0,0,0,0,0,0,0,0,0,26.811436653137207,0,0,0,0,3.714478556315104,0,0,0,0,27.626331837972007,0,0,3.738132576942444,133.6000019311905,29.982780910673597,0,0,187.199999332428,0,13.0,5.338418733505976,206.90000581741333,0,0.0,0
Can Tho_1998_main_season,1998,Medium,2,0,0,0,0,0,0,0,0,0,0,0,0,1,0,26.92154016494751,0,1,1,1,3.5329790194829305,0,0,0,0,26.907027180989584,0,0,3.7152123260498047,225.8000086545944,28.629903520856583,0,0,166.19999927282333,0,0.0,3.988604466120402,167.30000042915344,0,0.0,0
An Giang_1998_winter_spring,1998,Medium,2,0,0,0,0,0,1,0,0,0,0,0,0,0,0,27.952270889282225,0,0,0,0,4.566021855672201,0,0,0,0,27.38786176045736,0,0,4.90952919960022,5.799999825656414,27.038893200102308,0,0,1.0,0,0.0,4.07297742934454,0.1000000014901161,0,0.0,0
Vinh Long_1998_winter_spring,1998,High,0,0,0,0,0,0,1,0,0,0,0,0,1,0,0,27.719333362579345,0,0,0,0,4.680774466196696,0,0,0,0,27.062388356526693,0,0,4.873232507705689,4.299999944865704,26.755801246279763,0,0,0.800000011920929,0,0.0,4.101820559728713,0.6000000089406966,0,0.0,0
Tien Giang_1998_main_season,1998,Medium,2,0,0,0,0,0,0,0,0,0,0,0,0,0,0,27.05756196975708,0,0,0,0,3.637245512008667,0,0,0,0,26.82711016337077,0,0,3.930353345870971,265.8999972343445,28.71992874145508,0,0,242.5000044107437,0,1.0,4.103484869003296,166.49999845027926,0,0.0,0
Kien Giang_1999_winter_spring,1999,Low,1,1,0,0,1,1,0,0,1,1,0,1,0,0,0,25.84304246902466,1,0,0,0,3.7898760159810383,1,0,1,1,24.732971318562825,0,1,4.450346565246582,83.99999719113111,26.10251590183803,0,1,48.39999870210886,0,0.0,3.156131698971703,56.79999635368586,1,0.0,1
Vinh Long_1999_winter_spring,1999,Low,1,1,0,0,1,1,0,0,1,1,0,1,0,0,0,25.814645862579347,1,0,0,0,3.4583404064178467,1,0,1,1,24.729611078898113,0,1,4.475117015838623,98.79999593645334,25.731495448521205,0,1,7.500000044703484,0,0.0,2.986537768727257,48.599999733269215,1,0.0,1
Long An_1999_main_season,1999,Low,1,0,0,0,0,0,0,0,0,0,1,0,0,0,0,26.02762432098389,0,0,0,0,3.782825311024984,0,0,0,0,26.143528111775716,1,0,3.97815969467163,191.8000033199787,26.28511483328683,0,0,166.80000050365925,1,0.0,3.389399562563215,221.6000030040741,0,0.0,0
Long An_1999_summer_autumn,1999,Medium,2,0,0,0,0,0,0,0,0,0,0,0,0,0,1,26.215645027160644,0,0,0,0,3.083869202931722,1,0,0,0,26.082138697306316,0,0,3.670147624015808,202.90000257641077,26.79890405564081,0,0,190.6000035777688,1,0.0,3.86330847513108,126.00000102818012,0,0.0,0
Long An_1999_winter_spring,1999,Low,1,1,0,0,1,1,0,0,1,1,0,1,0,0,0,26.05470762252808,1,0,0,0,3.6168164094289144,1,0,1,1,24.93047192891439,0,1,4.6887733936309814,96.29999846965076,25.64513451712472,0,1,25.40000021457672,0,0.0,2.957600235939026,38.500000678002834,1,0.0,1
Vinh Long_1999_summer_autumn,1999,Medium,2,0,0,0,0,0,0,0,0,0,0,0,0,0,1,26.101832962036134,0,0,0,0,2.83887468179067,0,0,0,0,25.907111104329427,0,0,3.502535200119018,245.3000018373132,26.65798486982073,0,0,149.199996560812,0,0.0,3.7461482343219576,151.10000109672546,0,0.0,0
Ben Tre_1999_winter_spring,1999,Low,1,0,0,0,0,0,0,0,0,0,1,0,0,0,0,25.929812145233154,1,0,0,0,3.467579698562622,1,0,1,1,25.074776458740235,0,1,4.524285621643067,128.2000030875206,25.699797403244744,0,1,6.699999921023845,0,0.0,2.998658991995312,42.69999933987856,1,0.0,1
Ben Tre_1999_summer_autumn,1999,Low,1,0,0,0,0,0,0,0,0,0,0,0,0,0,1,26.159708786010743,0,0,0,0,2.9412696838378904,0,0,0,0,25.930888748168947,0,0,3.6275138521194457,272.49999940395355,26.824698493594216,0,0,163.50000244379044,1,0.0,3.8614798046293712,147.29999911785126,0,0.0,0
Soc Trang_1999_main_season,1999,High,0,0,0,0,0,0,0,0,0,0,1,0,0,0,1,26.021479511260985,0,0,0,0,3.412225914001465,0,0,0,0,25.85811093648275,0,0,3.778610048294067,170.29999804496765,26.201226098196848,0,0,173.60000348091123,1,0.0,3.1889735630580356,143.30000227689743,0,0.0,0
Soc Trang_1999_summer_autumn,1999,Low,1,0,0,0,0,0,0,0,0,0,0,0,0,0,1,26.16054229736328,0,0,0,0,3.050131114323934,0,0,0,0,26.118388366699214,0,0,3.5791068840026856,263.19999796152115,26.747258595057897,0,0,174.20000237226486,1,0.0,3.771957828885033,141.29999923706055,0,0.0,0
Soc Trang_1999_winter_spring,1999,Low,1,0,0,0,0,0,0,0,0,0,1,0,0,0,0,25.85241632461548,1,0,0,0,3.579289166132609,1,0,1,1,24.92366663614909,0,1,4.786338567733765,151.20000794529915,25.849638530186244,0,1,7.8000000566244125,0,0.0,3.1844947905767533,43.30000016093254,1,0.0,1
Tra Vinh_1999_main_season,1999,Low,1,0,0,0,0,0,0,0,0,0,0,0,0,0,1,26.000979137420657,0,0,0,0,3.619113938013713,0,0,0,0,25.952193959554037,0,0,3.8747953033447264,233.7000029087067,26.176480247860862,0,0,193.79999986290932,1,0.0,3.2650386776242937,176.8999993801117,0,0.0,0
Tra Vinh_1999_summer_autumn,1999,Medium,2,0,0,0,0,0,0,0,0,0,0,0,0,0,1,26.145041275024415,0,0,0,0,2.947311202685038,0,0,0,0,25.959832382202148,0,0,3.6442782211303713,292.599995136261,26.817253566923597,0,0,200.9999966621399,0,0.0,3.8561662265232632,180.7000014781952,0,0.0,0
Tra Vinh_1999_winter_spring,1999,Low,1,0,0,0,0,0,0,0,0,0,1,0,0,0,0,25.9004581451416,1,0,0,0,3.4986552715301515,1,0,1,1,25.02386029561361,0,1,4.6389774894714355,117.20000010728836,25.81011063711984,0,1,7.400000028312206,0,0.0,3.0738482759112404,42.999998688697815,1,0.0,1
Vinh Long_1999_main_season,1999,Medium,2,0,0,0,0,0,0,0,0,0,0,0,0,0,1,25.95735445022583,0,0,0,0,3.525343481699626,0,0,0,0,25.958916473388673,0,0,3.8163558578491217,210.90000009536743,26.12653550647554,0,0,144.29999947547913,1,0.0,3.15795776389894,141.79999741911888,0,0.0,0
Can Tho_1999_summer_autumn,1999,Low,1,0,0,0,0,0,0,0,0,0,0,0,0,0,1,26.05497875213623,0,0,0,0,2.844709539413452,0,0,0,0,25.962304433186848,0,0,3.417190113067627,233.99999560415745,26.587046214512416,0,0,174.00000289082527,0,0.0,3.634403160640172,118.29999811947346,0,0.0,0
Can Tho_1999_winter_spring,1999,Low,1,0,0,0,0,0,0,0,0,0,1,0,0,0,0,25.57851972579956,1,0,0,0,3.391671641667684,1,0,1,1,24.4589724222819,0,1,4.37586745262146,121.49999373406172,25.863435745239254,0,1,18.39999983459711,0,0.0,3.014864961306254,51.69999995827676,1,0.0,1
Kien Giang_1999_main_season,1999,Medium,2,0,0,0,0,0,0,0,0,0,0,0,0,0,0,26.191375160217284,0,0,0,0,3.466347614924113,0,0,0,0,26.10130615234375,1,0,3.923654756546021,213.6000012755394,26.52463840302967,0,0,141.39999575167894,1,0.0,3.2784286396844045,213.69999599456787,0,0.0,0
Ben Tre_1999_main_season,1999,Low,1,0,0,0,0,0,0,0,0,0,1,0,0,0,1,25.94158344268799,0,0,0,0,3.671072498957316,0,0,0,0,26.011583201090495,0,0,3.8973183059692382,197.89999598264697,26.153567087082635,0,0,176.60000449419022,1,0.0,3.267078337215242,143.80000126361847,0,0.0,0
Kien Giang_1999_summer_autumn,1999,Medium,2,0,0,0,0,0,0,0,0,0,0,0,0,0,1,26.368250370025635,0,0,0,0,2.94188441435496,0,0,0,0,26.300749206542967,0,0,3.522366943359375,207.09999829530716,26.864322117396764,0,0,220.9000000730157,0,0.0,3.620343639737084,153.39999705553055,0,0.0,0
Ca Mau_1999_winter_spring,1999,High,0,0,0,0,0,0,0,0,0,0,0,0,0,0,0,26.1070405960083,1,0,0,0,3.6380128860473633,0,0,1,1,25.03961079915365,0,0,4.697355690002442,220.2999952286482,25.886396953037806,0,0,26.40000053495169,0,0.0,3.1390696480160667,52.40000029653311,1,0.0,1
Ca Mau_1999_summer_autumn,1999,Medium,2,0,0,0,0,0,0,0,0,0,0,0,0,0,1,26.14995756149292,0,0,0,0,3.1697367429733276,0,0,0,0,26.405582427978516,0,0,3.544460577964782,332.50000417232513,26.747209185645698,0,0,189.50000319629908,1,0.0,3.754064855121431,153.1999986171722,0,0.0,0
Bac Lieu_1999_winter_spring,1999,High,0,0,0,0,0,0,0,0,0,0,0,0,0,0,0,26.166956901550293,1,0,0,0,3.763603099187215,0,0,1,1,25.289665857950848,0,0,5.009411840438843,227.50001835823053,26.131293796357653,0,0,8.200000412762165,0,0.0,3.319979270299276,34.29999936372042,1,0.0,1
Dong Thap_1999_winter_spring,1999,Low,1,1,0,0,1,1,0,0,1,1,0,1,0,0,0,25.908103370666502,1,0,0,0,3.6995652039845783,1,0,1,1,24.781193669637045,0,1,4.450393285751343,99.10000051558018,25.91462634858631,0,1,28.89999967813492,0,0.0,3.032032398950486,31.10000015795231,1,0.0,1
Dong Thap_1999_summer_autumn,1999,Medium,2,0,0,0,0,0,0,0,0,0,0,0,0,0,1,26.25914402008057,0,0,0,0,2.940047526359558,0,0,0,0,26.05883331298828,0,0,3.620431914329529,186.4000024944544,26.74587613060361,0,0,180.19999933242795,1,0.0,3.7697578838893344,126.5000013113022,0,0.0,0
Bac Lieu_1999_summer_autumn,1999,Medium,2,0,0,0,0,0,0,0,0,0,0,0,0,0,1,26.502374267578126,0,1,0,0,3.3080271005630495,0,0,0,0,26.56647084554037,0,0,3.694778938293457,254.20000100135803,26.978515897478378,0,0,191.10000076889992,0,0.0,3.900881483441307,149.6999922990799,0,0.0,0
Bac Lieu_1999_main_season,1999,Low,1,0,0,0,0,0,0,0,0,0,0,0,0,1,0,26.408519077301023,0,0,0,0,3.397817182540894,0,1,0,0,26.119665908813477,0,0,3.902361164093018,190.79999285936356,26.5929985954648,0,0,167.10000628232956,1,0.0,3.3131984301975796,161.0000003874302,0,0.0,0
An Giang_1999_main_season,1999,Low,1,0,0,0,0,0,0,0,0,0,1,0,0,1,0,26.291437244415285,0,0,0,0,3.625089438756307,0,0,0,0,26.219389343261717,0,0,3.963308048248291,192.5000005364418,26.33433033171154,0,0,138.10000386834145,1,0.0,3.259685675303141,146.89999771118164,0,0.0,0
An Giang_1999_summer_autumn,1999,Low,1,0,0,0,0,0,0,0,0,0,0,0,0,0,1,26.268313312530516,0,0,0,0,2.896902592976888,0,0,0,0,26.080639775594076,0,0,3.60547197341919,203.199999012053,26.770540055774507,0,0,157.19999761879444,0,0.0,3.7211406457991822,121.4000011086464,0,0.0,0
An Giang_1999_winter_spring,1999,Low,1,1,0,0,1,1,0,0,1,1,0,1,0,0,0,25.8423752784729,1,0,0,0,3.7324773629506423,1,0,1,1,24.688139216105142,0,1,4.4010195064544675,99.1999989002943,25.99296070280529,0,1,45.90000258386135,0,0.0,3.0562477509180703,36.90000067651272,1,0.0,1
Ca Mau_1999_main_season,1999,High,0,0,0,0,0,0,0,0,0,0,1,0,0,0,1,26.248916816711425,0,0,0,0,3.1661439100901285,0,0,0,0,25.84516576131185,0,0,3.839656648635864,172.90000116825104,26.40494864327567,0,0,179.7000008225441,0,0.0,3.1272986219042824,163.1000035777688,0,0.0,0
Tien Giang_1999_summer_autumn,1999,Medium,2,0,0,0,0,0,0,0,0,0,0,0,0,0,1,26.12027063369751,0,0,0,0,2.9642544905344645,0,0,0,0,25.922387440999348,0,0,3.647373242378235,272.49999940395355,26.739968345278783,0,0,163.50000244379044,1,0.0,3.8778282006581626,147.29999911785126,0,0.0,0
Tien Giang_1999_winter_spring,1999,Low,1,0,0,0,0,0,0,0,0,0,1,0,0,0,0,25.884854221343993,1,0,0,0,3.470304346084595,1,0,1,1,24.892527516682943,0,1,4.5988365745544435,128.2000030875206,25.59244882492792,0,1,6.699999921023845,0,0.0,3.0136284033457437,42.69999933987856,1,0.0,1
Tien Giang_1999_main_season,1999,Low,1,0,0,0,0,0,0,0,0,0,1,0,0,0,1,25.88912410736084,0,0,0,0,3.6998756090799967,0,0,0,0,26.005165990193685,0,0,3.9288971328735354,197.89999598264697,26.10256749107724,0,0,176.60000449419022,1,0.0,3.2867284615834556,143.80000126361847,0,0.0,0
Soc Trang_2000_summer_autumn,2000,Medium,2,0,0,0,0,0,0,0,0,0,0,0,0,0,1,26.004187297821044,0,0,0,0,3.0491000453631085,0,0,0,0,26.32033411661784,1,0,3.6452497005462647,174.99999737739563,27.33614630926223,0,0,145.10000067949295,1,0.0,4.366191182817731,210.19999718666077,0,0.0,0
Soc Trang_2000_winter_spring,2000,Medium,2,1,0,0,1,1,0,0,1,1,0,1,0,0,0,25.544812965393067,1,0,0,0,4.04265341758728,0,0,1,1,25.670055516560872,0,0,4.185265674591064,64.6999995559454,25.66332907903762,0,0,24.99999960511923,0,0.0,3.0969066733405706,0.7000000178813934,1,0.0,1
An Giang_2000_main_season,2000,Medium,2,0,0,0,0,0,0,0,0,0,0,0,0,0,1,26.717791652679445,0,0,0,0,3.273639027277629,0,0,0,0,26.3334166208903,0,0,3.5098339891433716,170.30000066757202,26.89802006312779,0,0,211.0000035762787,1,0.0,3.40728117170788,82.1000015065074,0,0.0,0
An Giang_2000_summer_autumn,2000,Low,1,0,0,0,0,0,0,0,0,0,0,0,0,1,0,26.39154186248779,0,0,0,0,3.255370759963989,0,1,0,0,26.430362065633137,0,0,3.573172492980957,112.0000001937151,27.3196477435884,0,0,125.10000013560057,0,0.0,4.2809422470274425,149.9000015258789,0,0.0,0
An Giang_2000_winter_spring,2000,Low,1,1,0,0,1,0,0,0,1,0,0,0,0,0,0,25.78581314086914,1,0,0,0,3.76812326113383,1,0,0,0,26.12619489034017,0,1,4.2493267917633055,54.69999844580888,25.946036565871463,1,1,24.500000149011612,0,0.0,3.5484440553755987,12.90000107884407,0,0.0,0
Bac Lieu_2000_main_season,2000,Medium,2,0,0,0,0,0,0,0,0,0,0,0,0,0,1,26.732790756225587,0,1,0,0,3.3923421700795493,0,0,0,0,26.58966573079427,0,0,3.521064920425415,221.80000410228968,27.233971641177224,0,0,209.5000033378601,0,0.0,3.605621792021252,88.40000028908253,0,0.0,0
Long An_2000_winter_spring,2000,Low,1,1,0,0,1,0,0,0,1,0,0,0,0,0,0,26.094186878204347,1,0,0,0,3.870140314102173,1,0,0,0,26.26241709391276,0,1,4.427776079177857,48.99999642372131,25.789976755777996,1,1,12.600000500679016,0,0.0,3.3645291952859786,7.199999898672104,0,0.0,0
Long An_2000_summer_autumn,2000,Low,1,0,0,0,0,0,0,0,0,0,0,0,0,0,1,26.221999168395996,0,0,0,0,3.4995902856191,0,0,0,0,26.481304931640626,0,0,3.57843994140625,149.99999767541885,27.570432662963867,0,0,155.30000050365925,1,0.0,4.398778483981178,175.5999991297722,0,0.0,0
Long An_2000_main_season,2000,Low,1,0,0,0,0,0,0,0,0,0,0,0,0,0,1,26.56647844314575,0,0,0,0,3.2946801662445067,0,0,0,0,26.16824836730957,0,0,3.644735136032105,190.59999924898148,26.961602528889973,0,0,229.30000084638596,1,0.0,3.591358536765689,108.49999964237212,0,0.0,0
Tra Vinh_2000_winter_spring,2000,Medium,2,1,0,0,1,1,0,0,1,1,0,1,0,0,0,25.578687763214113,1,0,0,0,3.87211906115214,1,0,1,1,25.74024976094564,0,1,4.166665983200073,68.99999922513962,25.799793425060457,0,1,19.900000736117363,0,0.0,3.1621447688057307,2.8000000938773155,1,0.0,1
Vinh Long_2000_main_season,2000,Low,1,0,0,0,0,0,0,0,0,0,0,0,0,0,1,26.48110361099243,0,0,0,0,3.2253081878026326,0,0,0,0,26.145999018351237,0,0,3.3800946283340454,226.79999792575836,26.73705073765346,0,0,226.9000020027161,1,0.0,3.362049352555048,90.60000303387642,0,0.0,0
Vinh Long_2000_summer_autumn,2000,Medium,2,0,0,0,0,0,0,0,0,0,0,0,0,0,1,26.121207427978515,0,0,0,0,3.1750169436136884,0,0,0,0,26.288221740722655,1,0,3.539233679771423,152.40000021457672,27.26085998898461,0,0,132.1999991759658,0,0.0,4.166465100787935,193.5999984741211,0,0.0,0
Vinh Long_2000_winter_spring,2000,Medium,2,1,0,0,1,0,0,0,1,0,0,0,0,0,0,25.63975076675415,1,0,0,0,3.8234450340271,1,0,0,0,25.986833826700845,0,1,4.230837640762329,59.39999890327453,25.697864895775204,1,1,18.000000044703484,0,0.0,3.211806632223583,8.800000585615635,0,0.0,0
Bac Lieu_2000_winter_spring,2000,High,0,1,0,0,1,1,0,0,1,1,0,1,0,0,0,25.842477989196777,1,0,0,0,4.199369859695435,0,0,1,1,25.924388631184897,0,0,4.185084085464478,81.09999991953373,25.876034600394114,0,0,32.79999923706055,0,0.0,3.2160736606234597,3.000000074505806,1,0.0,1
Soc Trang_2000_main_season,2000,Medium,2,0,0,0,0,0,0,0,0,0,0,0,0,0,1,26.406165599823,0,0,0,0,3.2092525641123455,0,0,0,0,26.188527170817057,0,0,3.4156254386901854,241.29999786615372,26.797755105154856,0,0,222.8000011444092,1,0.0,3.4067635848408653,94.50000178813934,0,0.0,0
Tien Giang_2000_winter_spring,2000,Medium,2,1,0,0,1,1,0,0,1,1,0,1,0,0,0,25.614020442962648,1,0,0,0,3.8650817394256594,1,0,1,1,25.968220901489257,0,1,4.191280488967895,60.30000162124634,25.60147503444127,0,1,19.999999776482586,0,0.0,3.2186274925867715,5.699999891221523,1,0.0,1
Tien Giang_2000_summer_autumn,2000,Low,1,0,0,0,0,0,0,0,0,0,0,0,0,0,1,26.05235424041748,0,0,0,0,3.328751007715861,0,0,0,0,26.30044339497884,1,0,3.6506556272506714,171.79999870061874,27.42826152983166,0,0,147.50000182539225,1,0.0,4.289997952325003,210.90000009536743,0,0.0,0
Tien Giang_2000_main_season,2000,Medium,2,0,0,0,0,0,0,0,0,0,0,0,0,0,0,26.48349905014038,0,0,0,0,3.315642237663269,0,0,0,0,26.1060001373291,0,0,3.5166503858566283,238.10000021755695,26.734412238711403,0,0,234.1000039577484,1,0.0,3.507313841865176,99.80000191926956,0,0.0,0
Tra Vinh_2000_main_season,2000,Low,1,0,0,0,0,0,0,0,0,0,0,0,0,0,0,26.47618761062622,0,0,0,0,3.2987053553263346,0,0,0,0,26.20094502766927,0,0,3.4730082321166993,235.90000104904175,26.77380189441499,0,0,253.3999992609024,1,0.0,3.4791348718461537,98.20000100135805,0,0.0,0
Tra Vinh_2000_summer_autumn,2000,High,0,0,0,0,0,0,0,0,0,0,0,0,0,0,1,26.03472900390625,0,0,0,0,3.238362018267314,0,0,0,0,26.33288828531901,1,0,3.67544002532959,222.50000190734863,27.382333392188663,0,0,151.80000245571136,0,0.0,4.306525832130795,207.60000157356265,0,0.0,0
Can Tho_2000_winter_spring,2000,Low,1,1,0,0,1,1,0,0,1,1,0,1,0,0,0,25.39289493560791,1,0,0,0,3.7729095300038655,1,0,1,1,25.717443720499674,0,1,4.143864631652832,71.59999761730433,25.68317749386742,0,1,28.399999745190144,0,0.0,3.1712265752610707,5.600000075995922,1,0.0,1
Bac Lieu_2000_summer_autumn,2000,High,0,0,0,0,0,0,0,0,0,0,0,0,0,0,0,26.343727779388427,0,0,1,0,3.1974717299143474,0,1,0,0,26.690082550048828,0,0,3.80406436920166,193.69999861717224,27.514327821277437,0,0,125.20000188797712,0,0.0,4.470766748700823,208.39999914169312,0,0.0,0
Can Tho_2000_summer_autumn,2000,Medium,2,0,0,0,0,0,0,0,0,0,0,0,0,0,1,26.08289489746094,0,0,0,0,3.0399573802948,0,0,0,0,26.266193135579428,0,0,3.4651737451553344,179.99999928474426,27.065221695672896,0,0,118.39999656379224,0,0.0,4.128388314020066,187.09999883174896,0,0.0,0
Ca Mau_2000_winter_spring,2000,High,0,1,0,0,1,1,0,0,1,1,0,1,0,0,0,26.150062465667723,1,0,0,0,4.122726345062256,0,0,1,1,26.075999196370443,0,0,4.16042727470398,89.00000017136335,25.44363848368327,0,0,57.69999944418668,0,0.0,3.0143939029602778,6.2000000551342955,1,0.0,1
Kien Giang_2000_winter_spring,2000,Low,1,1,0,0,1,0,0,0,1,0,0,0,0,0,0,25.862833786010743,1,0,0,0,3.851021242141724,1,0,0,0,26.02533378601074,0,1,4.1780845832824705,43.40000016987324,25.830591565086728,1,1,35.00000021606684,0,0.0,3.5758683624721708,29.799999959766865,0,0.0,0
Kien Giang_2000_summer_autumn,2000,Medium,2,0,0,0,0,0,0,0,0,0,0,0,0,1,0,26.387313079833984,0,0,0,1,3.0556140383084616,0,0,0,0,26.512416330973306,0,0,3.4694441413879393,210.19999527931213,27.27682213556199,0,0,199.30000045895576,0,0.0,4.400161209560576,177.1000030040741,0,0.0,0
Kien Giang_2000_main_season,2000,Low,1,0,0,0,0,0,0,0,0,0,0,0,0,0,0,26.60095844268799,0,0,0,0,3.0691391944885256,0,0,0,0,26.409917068481445,0,0,3.4530934858322144,181.40000450611117,27.05767477126349,0,0,240.60000544786453,0,0.0,3.3696292553629195,133.599994212389,0,0.0,0
Ben Tre_2000_summer_autumn,2000,High,0,0,0,0,0,0,0,0,0,0,0,0,0,0,1,26.05252113342285,0,0,0,0,3.3058427572250366,0,0,0,0,26.344222640991212,1,0,3.646344699859619,171.79999870061874,27.420729773385183,0,0,147.50000182539225,1,0.0,4.259234553291684,210.90000009536743,0,0.0,0
Ben Tre_2000_main_season,2000,Low,1,0,0,0,0,0,0,0,0,0,0,0,0,0,0,26.507520389556884,0,0,0,0,3.3137904167175294,0,0,0,0,26.18741709391276,0,0,3.474752779006958,238.10000021755695,26.76457913716634,0,0,234.1000039577484,1,0.0,3.4877151477904547,99.80000191926956,0,0.0,0
Dong Thap_2000_summer_autumn,2000,Low,1,0,0,0,0,0,0,0,0,0,0,0,0,1,0,26.360707759857178,0,0,0,0,3.2867116928100586,0,1,0,0,26.391193008422853,0,0,3.592736120223999,121.39999949932098,27.399249667213077,0,0,152.70000506937504,0,0.0,4.278513136364165,171.6999990940094,0,0.0,0
Dong Thap_2000_winter_spring,2000,Low,1,1,0,0,1,0,0,0,1,0,0,0,0,0,0,25.886644268035887,1,0,0,0,3.8094316005706785,1,0,0,0,26.20160967508952,0,1,4.296114826202393,62.50000425428152,25.910062789916992,1,1,25.700000427663326,0,0.0,3.4736989793323336,7.29999990016222,0,0.0,0
Ben Tre_2000_winter_spring,2000,Medium,2,1,0,0,1,1,0,0,1,1,0,1,0,0,0,25.59866704940796,1,0,0,0,3.815771786371867,1,0,1,1,25.89172223409017,0,1,4.107112140655517,60.30000162124634,25.733328319731218,0,1,19.999999776482586,0,0.0,3.1838136230196272,5.699999891221523,1,0.0,1
Ca Mau_2000_summer_autumn,2000,High,0,0,0,0,0,0,0,0,0,0,0,0,0,0,0,26.15443811416626,0,0,0,1,2.953070068359375,0,0,0,0,26.29419314066569,1,0,3.6389669513702394,216.40000176429749,27.29086076645624,0,0,144.8000019043684,0,0.0,4.288730837049938,202.69999992847443,0,0.0,0
Ca Mau_2000_main_season,2000,Medium,2,0,0,0,0,0,0,0,0,0,0,0,0,0,0,26.50756206512451,0,0,0,0,3.338851149876912,0,0,0,0,26.43530527750651,0,0,3.3025407934188844,250.7999986410141,27.046417327154252,0,0,291.80000042915344,1,0.0,3.47332847686041,111.80000334978104,0,0.0,0
Bac Lieu_2001_winter_spring,2001,Medium,2,0,0,0,0,0,0,0,0,0,1,0,0,0,0,25.744561100006106,1,0,0,0,3.598963562647502,0,0,1,1,25.2861935933431,0,0,4.578773040771484,156.39999714493752,26.097265788487025,0,0,7.700000144541264,0,0.0,3.137670562380836,12.999999657273293,1,0.0,1
Soc Trang_2001_winter_spring,2001,Low,1,0,0,0,0,0,0,0,0,0,1,0,0,0,0,25.4468955039978,1,0,0,0,3.392249425252279,1,0,1,1,24.977694193522137,0,1,4.369443893432617,147.10000893473625,25.8961672101702,0,1,11.399999752640724,0,0.0,3.049060100600833,19.200000941753384,1,0.0,1
Dong Thap_2001_summer_autumn,2001,Low,1,0,0,0,0,0,0,0,0,0,0,0,0,0,0,26.33893632888794,0,0,1,0,4.250700171788534,0,1,0,0,27.246331787109376,0,0,3.974129838943482,107.49999991059305,28.201133183070592,0,0,116.30000194907188,0,0.0,4.546944464956011,192.10000038146973,0,0.0,0
Tra Vinh_2001_summer_autumn,2001,Low,1,0,0,0,0,0,0,0,0,0,0,0,0,0,0,25.99431266784668,0,0,1,0,4.108453941345215,0,1,0,0,27.010388565063476,1,0,3.9020470571517945,148.60000050067902,27.9091191973005,0,0,136.30000376701355,0,0.0,4.342775486764454,204.89999628067017,0,0.0,0
Tra Vinh_2001_winter_spring,2001,Low,1,0,0,0,0,0,0,0,0,0,1,0,0,0,0,25.4508752822876,1,0,0,0,3.3201854387919107,0,0,1,1,25.029556147257487,0,0,4.286434984207153,147.6000103354454,25.9938413529169,0,0,16.400000475347042,0,0.0,3.1296971099717275,28.900000378489494,1,0.0,1
Ca Mau_2001_main_season,2001,Medium,2,0,0,0,0,0,0,0,0,0,0,0,0,0,0,27.135790729522704,0,0,0,0,3.462356201807658,0,0,0,0,26.6047487894694,0,0,3.0944727277755737,281.3999969959259,27.293142409551713,0,0,251.19999599456787,0,0.0,3.9342025915781655,118.69999957084656,0,0.0,0
Ca Mau_2001_winter_spring,2001,High,0,0,0,0,0,0,0,0,0,0,1,0,0,0,0,25.79339485168457,1,0,0,0,3.411928653717041,1,0,1,1,25.085305404663085,0,1,4.305511493682861,129.09999834001064,25.81199210030692,0,1,61.000002294778824,0,0.0,3.0000106323333013,13.900000549852848,1,0.0,1
Kien Giang_2001_winter_spring,2001,Low,1,0,0,0,0,0,0,0,0,0,1,0,0,0,0,25.69429178237915,1,0,0,0,3.401119486490886,1,0,1,1,25.113944498697915,0,1,4.438172206878662,116.2000015154481,26.169777733939036,0,1,46.6000010073185,0,0.0,3.405979718480791,26.200000897049904,1,0.0,1
Kien Giang_2001_summer_autumn,2001,Low,1,0,0,0,0,0,0,0,0,0,0,0,0,0,0,26.28877067565918,0,0,1,0,4.346882597605387,0,1,0,0,27.350471878051756,0,0,3.8813066148757938,191.70000115036964,28.093687239147368,0,0,162.99999329447746,0,0.0,4.594730150131952,270.29999029636383,0,0.0,0
Can Tho_2001_summer_autumn,2001,Low,1,0,0,0,0,0,0,0,0,0,0,0,0,0,0,26.007061672210693,0,0,1,0,3.9844890594482423,0,1,0,0,26.91924845377604,1,0,3.719024529457093,129.0000013411045,27.728018079485217,0,0,128.200002245605,0,0.0,4.319421047256107,192.40000009536743,0,0.0,0
Can Tho_2001_winter_spring,2001,Low,1,0,0,0,0,0,0,0,0,0,1,0,0,0,0,25.391748428344727,1,0,0,0,3.204386568069458,0,0,1,1,24.919944127400715,0,0,4.162793245315552,158.39999637007713,25.92980430239723,0,0,8.500000365078451,0,0.0,3.1334475449153354,25.60000042617321,1,0.0,1
Soc Trang_2001_summer_autumn,2001,Medium,2,0,0,0,0,0,0,0,0,0,0,0,0,0,0,26.06022901535034,0,0,0,0,3.992651287714641,0,1,0,0,26.91408411661784,0,0,3.8366455316543577,137.79999536275864,27.789817991710844,0,0,117.0999972820282,0,0.0,4.3402730623881025,182.9000016450882,0,0.0,0
Kien Giang_2001_main_season,2001,Low,1,0,0,0,0,0,0,0,0,0,0,0,0,0,0,27.25491781234741,0,0,0,0,3.2276995102564494,0,0,0,0,26.50075073242187,0,0,3.189578204154968,272.8999950289726,27.27632513500395,0,0,239.4000039100647,0,0.0,3.9669750304449174,99.69999946653844,0,0.0,0
Tien Giang_2001_main_season,2001,High,0,0,0,0,0,0,0,0,0,0,0,0,0,0,1,27.048499870300297,0,0,0,0,3.2955666224161786,0,0,0,0,26.20113868713379,0,0,3.2606337881088256,208.700000166893,27.11169379098075,0,0,216.49999976158145,1,0.0,3.957050090744382,81.60000067949295,0,0.0,0
An Giang_2001_main_season,2001,High,0,0,0,0,0,0,0,0,0,0,0,0,0,0,0,27.337897109985352,0,0,1,1,3.4471622784932454,0,0,0,0,26.513972600301106,0,0,3.261799077987671,211.30000439286232,27.19484656197684,0,0,168.59999883174896,0,0.0,3.8865849517640614,83.39999997615814,0,0.0,0
Tien Giang_2001_summer_autumn,2001,Low,1,0,0,0,0,0,0,0,0,0,0,0,0,0,0,25.96766662597656,0,0,1,0,4.1886417706807455,0,1,0,0,27.096555201212563,0,0,3.947745361328125,114.4999985396862,28.08500625973656,0,0,116.9999988079071,0,0.0,4.407392121496654,177.50000023841858,0,0.0,0
An Giang_2001_summer_autumn,2001,Low,1,0,0,0,0,0,0,0,0,0,0,0,0,0,0,26.33810453414917,0,0,1,0,4.2820786794026695,0,1,0,0,27.2386957804362,0,0,3.972939300537109,103.1000011265278,28.126492636544363,0,0,117.69999986886978,0,0.0,4.566223507835751,192.00000309944153,0,0.0,0
Ben Tre_2001_summer_autumn,2001,Medium,2,0,0,0,0,0,0,0,0,0,0,0,0,0,0,25.940124225616454,0,0,1,0,4.151747846603394,0,1,0,0,27.089499791463215,0,0,3.9240164661407473,114.4999985396862,28.007138388497488,0,0,116.9999988079071,0,0.0,4.351469601903643,177.50000023841858,0,0.0,0
Bac Lieu_2001_summer_autumn,2001,Medium,2,0,0,0,0,0,0,0,0,0,0,0,0,0,0,26.439144325256347,0,0,1,0,4.042023229598999,0,1,0,0,27.2379997253418,0,0,3.977377805709839,153.00000062584877,27.97147151402065,0,0,94.10000023245811,0,0.0,4.462785919507344,214.3000011444092,0,0.0,0
Bac Lieu_2001_main_season,2001,Medium,2,0,0,0,0,0,0,0,0,0,0,0,0,0,0,27.236956214904787,0,0,1,1,3.522153441111247,0,0,0,0,26.699386723836263,0,0,3.2307439184188844,267.60000371932983,27.41790026710147,0,0,229.79999661445615,0,0.0,3.9973098153159734,83.40000087022781,0,0.0,0
Ca Mau_2001_summer_autumn,2001,Low,1,0,0,0,0,0,0,0,0,0,0,0,0,0,0,26.168499660491943,0,0,1,0,3.930617761611938,0,1,0,0,27.09697125752767,1,0,3.919276170730591,175.5999994277954,27.551673889160156,0,0,133.10000121593475,0,0.0,4.241415483610971,232.8999969959259,0,0.0,0
An Giang_2001_winter_spring,2001,Low,1,0,0,0,0,0,0,0,0,0,1,0,0,0,0,25.655500984191896,1,0,0,0,3.306290229161581,1,0,1,1,25.147861607869466,0,1,4.3328724193573,128.89998880773783,26.290977114722843,0,1,20.99999997019768,0,0.0,3.4542044685000466,18.3999996855855,1,0.0,1
Long An_2001_summer_autumn,2001,Low,1,0,0,0,0,0,0,0,0,0,0,0,0,1,0,26.277520179748535,0,1,1,0,4.310711034138998,0,1,0,0,27.301999282836913,0,0,4.040565118789673,130.0999997407198,28.543348403204057,0,0,126.59999878704548,0,1.0,4.663181282225109,147.20000219345093,0,0.0,0
Long An_2001_winter_spring,2001,Low,1,0,0,0,0,0,0,0,0,0,1,0,0,0,0,25.876895046234132,1,0,0,0,3.397259330749512,1,0,0,0,25.233805592854814,0,1,4.471100931167602,130.7000069990754,26.02033279055641,1,1,26.599999651312828,0,0.0,3.350780066989717,18.499999918043613,0,0.0,0
Ben Tre_2001_winter_spring,2001,Medium,2,0,0,0,0,0,0,0,0,0,1,0,0,0,0,25.548665904998774,1,0,0,0,3.282817490895589,0,0,1,1,25.117832565307616,0,0,4.205371475219726,143.99999461323023,25.956146603538876,0,0,19.800000436604023,0,0.0,3.172343835944221,21.300000533461574,1,0.0,1
Long An_2001_main_season,2001,Medium,2,0,0,0,0,0,0,0,0,0,0,0,0,0,0,27.180956745147704,0,0,0,0,3.5149868011474608,0,0,0,0,26.43463872273763,0,0,3.178063921928406,156.40000104904175,27.3029717036656,0,0,231.6000040769577,1,0.0,4.017119736898513,74.30000038444996,0,0.0,0
Tra Vinh_2001_main_season,2001,Low,1,0,0,0,0,0,0,0,0,0,0,0,0,0,0,26.94972906112671,0,0,0,0,3.277086528142293,0,0,0,0,26.212471516927085,0,0,3.258283462524414,235.29999804496765,27.06834484281994,0,0,293.6000008583069,1,0.0,3.9215207326979864,87.79999899864197,0,0.0,0
Vinh Long_2001_main_season,2001,Low,1,0,0,0,0,0,0,0,0,0,0,0,0,0,1,27.010061740875244,0,0,0,0,3.216871802012126,0,0,0,0,26.28058230082194,0,0,3.200219597816467,224.7999992966652,27.073361260550364,0,0,221.00000309944153,1,0.0,3.8628786631992886,102.70000064373016,0,0.0,0
Vinh Long_2001_summer_autumn,2001,Low,1,0,0,0,0,0,0,0,0,0,0,0,0,0,0,26.01891622543335,0,0,1,0,4.106476751963298,0,1,0,0,27.06294390360514,1,0,3.8304440927505494,112.80000162869692,27.902924219767257,0,0,129.7000029087067,0,0.0,4.318776550747099,218.6999988555908,0,0.0,0
Vinh Long_2001_winter_spring,2001,Low,1,0,0,0,0,0,0,0,0,0,1,0,0,0,0,25.566208362579346,1,0,0,0,3.2055241107940673,0,0,1,1,25.05447285970052,0,0,4.21912109375,127.49999663233756,25.9161187126523,0,0,12.099999830126762,0,0.0,3.192081380458105,21.50000083446503,1,0.0,1
Dong Thap_2001_winter_spring,2001,Medium,2,0,0,0,0,0,0,0,0,0,1,0,0,0,0,25.722269344329835,1,0,0,0,3.2853436628977457,1,0,0,0,25.176054509480796,0,1,4.365147428512573,122.99999740719797,26.252820696149552,1,1,17.600000016391277,0,0.0,3.412856607210069,15.000000223517418,0,0.0,0
Ben Tre_2001_main_season,2001,Medium,2,0,0,0,0,0,0,0,0,0,0,0,0,0,1,27.048874855041504,0,0,0,0,3.2665664593378705,0,0,0,0,26.20102678934733,0,0,3.2412163114547727,208.700000166893,27.10009484064011,0,0,216.49999976158145,1,0.0,3.929855539685204,81.60000067949295,0,0.0,0
Soc Trang_2001_main_season,2001,High,0,0,0,0,0,0,0,0,0,0,0,0,0,0,0,26.852417373657225,0,0,0,0,3.322905913988749,0,0,0,0,26.266722361246742,0,0,3.1595864868164063,236.79999828338623,27.100234803699312,0,0,237.9000034332275,1,0.0,3.8860811392466226,94.70000064373016,0,0.0,0
Tien Giang_2001_winter_spring,2001,Medium,2,0,0,0,0,0,0,0,0,0,1,0,0,0,0,25.5990198135376,1,0,0,0,3.2951863447825116,0,0,1,1,25.115166473388673,0,0,4.228810253143311,143.99999461323023,25.863974889119465,0,0,19.800000436604023,0,0.0,3.210717323280516,21.300000533461574,1,0.0,1
Kien Giang_2002_winter_spring,2002,Low,1,1,1,1,0,0,0,1,0,0,0,0,1,0,0,26.738875770568846,0,0,0,0,4.2095623970031735,0,0,0,0,24.94144401550293,0,0,5.196944675445557,28.19999984651804,26.113626570928663,0,0,9.400000140070915,0,0.0,4.516900119327364,3.1000000312924385,0,0.0,0
Ca Mau_2002_winter_spring,2002,Low,1,1,1,1,0,0,0,1,0,0,0,0,1,0,0,26.449019813537596,0,0,0,0,4.627421585718791,0,0,0,0,25.013639068603517,0,0,5.350698223114014,43.99999920278787,25.401277542114254,0,0,1.100000016391277,0,0.0,3.7317293144407726,3.400000050663948,0,0.0,0
Kien Giang_2002_summer_autumn,2002,Medium,2,0,0,0,0,0,0,0,0,0,0,0,0,0,0,27.274708557128907,0,0,0,0,4.198914941151937,0,0,0,0,27.755194600423177,0,0,4.1140829277038575,157.80000373721123,29.706583477201917,0,0,127.90000323206186,0,7.0,5.284499599820092,136.49999678134918,0,0.0,0
Bac Lieu_2002_summer_autumn,2002,High,0,0,0,0,0,0,0,0,0,0,0,0,0,0,0,27.37508268356323,0,0,0,0,4.346833737691243,0,0,0,0,27.903693771362303,0,0,4.127889375686646,163.19999811053276,28.857086817423504,0,0,158.50000274181366,0,0.0,5.5283295427049906,152.9999976158142,0,0.0,0
Bac Lieu_2002_main_season,2002,Low,1,0,0,0,0,0,0,0,0,0,0,0,0,0,0,27.366956806182863,0,0,0,1,4.177732229232788,0,0,0,0,27.858832804361978,0,0,3.3424186372756957,218.39999508857727,28.31214577811105,0,0,202.79999935626984,0,0.0,4.576552220753261,122.30000138282776,0,0.0,0
Kien Giang_2002_main_season,2002,Low,1,0,0,0,0,0,0,0,0,0,0,0,0,0,0,27.35116691589355,0,0,0,0,4.150544373194377,0,0,0,0,27.785471852620443,0,0,3.1364500236511232,180.4999957084656,28.12969907124837,0,0,256.3999979496002,0,0.0,4.428354853675479,107.40000150352716,0,0.0,0
Dong Thap_2002_summer_autumn,2002,Low,1,0,0,0,0,0,0,0,0,0,0,0,0,0,0,27.207686614990234,0,0,0,0,4.490288257598877,0,0,0,0,28.132442982991535,0,0,4.476511001586914,93.69999934732914,30.208077839442662,0,0,87.50000052899122,0,17.0,5.821741092772711,118.60000069439413,0,0.0,0
Tra Vinh_2002_winter_spring,2002,High,0,1,1,1,1,1,0,1,1,1,0,1,1,0,0,25.795041275024413,1,0,0,0,4.293251593907674,0,0,1,1,24.35858294169108,0,0,5.192711124420166,31.299999237060543,25.28580565679641,0,0,0.2000000029802322,0,0.0,3.4639388095764887,0.3000000044703483,1,0.0,1
Tra Vinh_2002_summer_autumn,2002,Medium,2,0,0,0,0,0,0,0,0,0,0,0,0,1,0,26.797333240509033,0,0,0,0,4.298703956604004,0,0,0,0,27.69413859049479,0,0,4.1059402751922605,128.0000017657876,29.050389062790643,0,0,128.8999983370304,0,0.0,5.468004124505179,187.90000277757645,0,0.0,0
Ca Mau_2002_main_season,2002,Medium,2,0,0,0,0,0,0,0,0,0,0,0,0,0,0,27.232457542419432,0,0,0,1,4.0063478469848635,0,0,0,0,27.800444030761717,0,0,3.2316013526916505,208.00000095367432,28.234908875964937,0,0,219.10000097751615,0,0.0,4.44052563394819,120.09999477863312,0,0.0,0
Tra Vinh_2002_main_season,2002,Medium,2,0,0,0,0,0,0,0,0,0,0,0,0,0,1,27.202541732788085,0,0,0,0,4.08499846458435,0,0,0,0,27.590944417317708,0,0,3.2058228826522828,244.90000218153,28.116262072608585,0,0,193.50000095367432,0,0.0,4.422484727132888,111.09999886155128,0,0.0,0
Ca Mau_2002_summer_autumn,2002,Low,1,0,0,0,0,0,0,0,0,0,0,0,0,0,0,27.33256130218506,0,0,0,0,4.23670973777771,0,0,0,0,27.80322138468425,0,0,3.9674804973602296,127.79999840259552,28.82637623378209,0,0,128.29999560117722,0,1.0,5.193641117640904,119.4000015258789,0,0.0,0
Bac Lieu_2002_winter_spring,2002,Medium,2,1,1,1,1,1,0,1,1,1,0,1,1,0,0,25.87154064178467,1,0,0,0,4.795838006337484,0,0,1,1,24.714388020833333,0,0,5.39085355758667,62.60000065714121,25.606689453125,0,0,0.1000000014901161,0,0.0,3.7604702086675736,1.2000000178813934,1,0.0,1
Dong Thap_2002_winter_spring,2002,High,0,1,1,1,0,0,0,1,0,0,0,0,1,0,0,26.95820722579956,0,0,0,0,4.279745515187582,0,0,0,0,25.12272109985351,0,0,5.340396060943603,21.400000765919685,26.122164771670388,0,0,0.4000000134110451,0,0.0,4.195855254218692,0.1000000014901161,0,0.0,0
Long An_2002_summer_autumn,2002,Low,1,0,0,0,0,0,0,0,0,0,0,0,0,0,0,26.99252052307129,0,0,0,0,4.565535720189413,0,0,0,0,28.36908238728841,0,0,4.406499786376953,76.19999784231186,30.272118886311848,0,0,98.49999754875898,0,19.0,5.923867191587176,152.2000014781952,0,1.0,0
Ben Tre_2002_winter_spring,2002,Medium,2,1,1,1,1,1,0,1,1,1,0,1,1,0,0,25.960229015350343,1,0,0,0,4.229811000823974,0,0,1,1,24.531444422403972,0,0,5.055392303466797,22.09999969601631,25.308428173973446,0,0,0.5000000149011612,0,0.0,3.5052960827237083,0.1000000014901161,1,0.0,1
Long An_2002_winter_spring,2002,Medium,2,0,1,0,0,0,0,0,0,0,0,0,1,0,0,27.34710340499878,0,0,0,0,4.415507125854492,0,0,0,0,25.446027755737305,0,0,5.348540649414063,26.699998170137405,25.749698457263765,0,0,0.2000000029802322,0,0.0,3.937000762848627,0.3000000044703483,0,0.0,0
Vinh Long_2002_main_season,2002,Low,1,0,0,0,0,0,0,0,0,0,0,0,0,0,1,27.430375003814696,0,0,0,0,4.1673330942789715,0,0,0,0,27.833499272664387,0,0,3.151732120513916,192.5,28.488242739722843,0,0,192.20000624656677,0,1.0,4.569822549819946,82.50000014901161,0,0.0,0
Ben Tre_2002_main_season,2002,High,0,0,0,0,0,0,0,0,0,0,0,0,0,0,1,27.30481195449829,0,0,0,0,4.194064744313558,0,0,0,0,27.76116587320963,0,0,3.185216131210327,233.100004196167,28.217951910836355,0,0,198.1000004708767,0,0.0,4.464507920401437,99.90000162273644,0,0.0,0
Ben Tre_2002_summer_autumn,2002,Medium,2,0,0,0,0,0,0,0,0,0,0,0,0,1,0,26.80783224105835,0,0,0,0,4.3156776587168375,0,0,0,0,27.77741584777832,0,0,4.174360589981079,107.19999807327986,29.038091296241397,0,0,108.2000019326806,0,0.0,5.402682009197417,159.80000077188015,0,0.0,0
Soc Trang_2002_main_season,2002,Medium,2,0,0,0,0,0,0,0,0,0,0,0,0,0,1,27.076895904541015,0,0,0,0,4.009776973724366,0,0,0,0,27.583389663696288,0,0,3.1345117330551147,202.2000014781952,27.99755577814011,0,0,184.89999929070473,0,0.0,4.373595180965605,107.99999928474426,0,0.0,0
An Giang_2002_summer_autumn,2002,High,0,0,0,0,0,0,0,0,0,0,0,0,0,0,0,27.21248025894165,0,0,0,0,4.463657442728678,0,0,0,0,28.006472651163737,0,0,4.464911298751831,114.4999998435378,30.245837529500324,0,0,99.79999911785126,0,16.0,5.731935864403134,118.69999957084656,0,0.0,0
An Giang_2002_main_season,2002,Low,1,0,0,0,0,0,0,0,0,0,0,0,0,0,0,27.81789674758911,0,0,0,0,4.458835442860921,0,1,0,0,28.14605598449707,0,0,3.3122475957870483,159.6999995112419,28.27877444312686,0,0,196.0999990105629,0,0.0,4.60409368787493,78.49999865889549,0,0.0,0
Vinh Long_2002_summer_autumn,2002,Medium,2,0,0,0,0,0,0,0,0,0,0,0,0,0,0,26.922353744506836,0,0,0,0,4.363440879185995,0,0,0,0,27.934056345621745,0,0,4.177000350952149,100.90000076591969,29.666615168253585,0,0,107.00000032782556,0,12.0,5.675813300268991,144.6000003963709,0,0.0,0
Vinh Long_2002_winter_spring,2002,Medium,2,1,1,1,0,0,0,1,0,0,0,0,1,0,0,26.576625061035156,0,0,0,0,4.268915859858195,0,0,0,0,24.848360951741537,0,0,5.2860797500610355,25.299999959766865,25.539233888898575,0,0,0.5000000149011612,0,0.0,3.6887974057878767,0.7000000178813934,0,0.0,0
An Giang_2002_winter_spring,2002,Medium,2,1,1,1,0,0,0,1,0,0,0,0,1,0,0,26.81904230117798,0,0,0,0,4.21054302851359,0,0,0,0,24.97383346557617,0,0,5.248248748779297,22.899999238550663,26.095936820620583,0,0,0.2000000029802322,0,0.0,4.29068907101949,0.3000000044703483,0,0.0,0
Tien Giang_2002_summer_autumn,2002,Low,1,0,0,0,0,0,0,0,0,0,0,0,0,1,0,26.7919379234314,0,0,0,0,4.387517579396566,0,0,0,0,27.904193878173828,0,0,4.236497230529785,107.19999807327986,29.24155525934129,0,0,108.2000019326806,0,3.0,5.55230400675819,159.80000077188015,0,0.0,0
Soc Trang_2002_winter_spring,2002,Medium,2,1,1,1,1,1,0,1,1,1,0,1,1,0,0,25.72304220199585,1,0,0,0,4.4857998530069985,0,0,1,1,24.308110809326173,0,0,5.329721717834473,51.600002124905586,25.200531823294504,0,0,0.6000000238418579,0,0.0,3.4900668121519542,0.2000000029802322,1,0.0,1
Soc Trang_2002_summer_autumn,2002,Medium,2,0,0,0,0,0,0,0,0,0,0,0,0,1,0,26.878667259216307,0,0,0,0,4.224070342381795,0,0,0,0,27.63783353169759,0,0,4.013160572052002,127.90000040829182,28.941703251429967,0,0,123.99999940395357,0,0.0,5.482329516183762,136.20000163465738,0,0.0,0
Can Tho_2002_summer_autumn,2002,Medium,2,0,0,0,0,0,0,0,0,0,0,0,0,1,0,26.973311805725096,0,0,0,0,4.3415771643320715,0,0,0,0,27.86924908955892,0,0,4.076933794021606,97.2999989911914,29.650141852242605,0,0,106.69999921321867,0,10.0,5.66108927272615,139.99999952316284,0,0.0,0
Can Tho_2002_winter_spring,2002,High,0,1,1,1,0,0,0,1,0,0,0,0,1,0,0,26.239978313446045,0,0,0,0,4.192778380711873,0,0,0,0,24.45772082010905,0,0,5.336408348083496,32.9000016823411,25.53436778840565,0,0,0.0,0,0.0,3.749705439522153,0.5000000149011612,0,0.0,0
Tien Giang_2002_winter_spring,2002,High,0,1,1,1,0,1,0,1,0,1,0,0,1,0,0,26.338082695007323,0,0,0,0,4.3500192324320475,0,0,0,1,24.737388356526697,0,0,5.224209175109864,22.09999969601631,25.334610348656064,0,0,0.5000000149011612,0,0.0,3.568235374632336,0.1000000014901161,0,0.0,1
Long An_2002_main_season,2002,Medium,2,0,0,0,0,0,0,0,0,0,0,0,0,0,1,27.638874530792236,0,0,0,0,4.374551566441854,0,0,0,0,28.04144350687663,0,0,3.2767163133621215,208.49999976158145,29.120233263288224,0,0,190.39999976754189,0,8.0,5.002535763240996,81.299998216331,0,0.0,0
Ca Mau_2003_main_season,2003,Medium,2,0,0,0,0,0,0,0,0,0,0,0,0,0,0,26.366520500183107,0,0,0,0,3.2997843901316326,0,1,0,0,26.22961006164551,0,0,3.8220083332061767,188.59999990463257,27.0652650197347,0,0,189.80000300705433,0,0.0,3.191652808870588,270.99999675899744,0,0.0,0
Ca Mau_2003_summer_autumn,2003,Low,1,0,0,0,0,0,0,0,0,0,0,0,0,0,0,26.67558298110962,0,0,0,0,4.0198675155639645,0,0,0,0,27.4111385345459,0,0,3.094824695587158,273.0999939441681,28.99512581598191,0,0,336.69999837875366,0,4.0,5.202750205993652,257.1999957561493,0,0.0,0
Ben Tre_2003_main_season,2003,High,0,0,0,0,0,0,0,0,0,0,0,0,0,0,0,26.333769512176513,0,0,0,0,3.375447416305542,0,1,0,0,26.10311050415039,0,0,3.762174367904663,147.3000003695488,26.713091350737074,0,0,150.9999966621399,0,0.0,3.071104878471011,204.00000090897083,0,0.0,0
Ben Tre_2003_summer_autumn,2003,Low,1,0,0,0,0,0,0,0,0,0,0,0,0,0,0,26.54866647720337,0,0,0,0,4.024444437026977,0,0,0,0,27.285472615559897,0,0,3.2997496509552,288.49999928474426,29.031443641299298,0,0,265.2000025808811,0,0.0,5.274239074616205,191.10000085830688,0,0.0,0
Long An_2003_summer_autumn,2003,Medium,2,0,0,0,0,0,0,0,0,0,0,0,0,0,0,26.644604110717772,0,0,0,0,4.095503203074137,0,0,0,0,27.411859639485677,0,0,3.5117178678512575,226.6000016927719,29.99483753385998,0,0,279.60000467300415,0,17.0,5.617481844765799,194.90000307559967,0,0.0,0
An Giang_2003_winter_spring,2003,Low,1,0,0,0,0,0,0,0,0,0,0,0,0,0,0,26.001020908355713,1,0,0,0,3.90082335472107,1,0,0,0,25.336751302083332,0,1,4.955042304992676,33.799998469650745,26.47024309067499,1,1,0.7000000178813934,0,0.0,3.27865241255079,0.6000000014901161,0,0.0,0
Dong Thap_2003_winter_spring,2003,Medium,2,0,0,0,0,0,0,0,0,0,0,0,0,0,0,26.07320737838745,1,0,0,0,3.847394418716431,1,0,0,0,25.38758150736491,0,1,5.052133026123047,39.89999956637621,26.438634599958142,1,1,0.7000000104308127,0,0.0,3.223415732383728,0.8000000044703484,0,0.0,0
Kien Giang_2003_main_season,2003,Low,1,0,0,0,0,0,0,0,0,0,0,0,0,0,0,26.714812564849854,0,0,0,0,3.3839035828908286,0,1,0,0,26.326722208658857,0,0,3.685581450462341,143.1999972909689,27.14755594162714,0,0,204.2000019103289,1,0.0,3.261871258417765,202.30000096559525,0,0.0,0
Kien Giang_2003_summer_autumn,2003,Low,1,0,0,0,0,0,0,0,0,0,0,0,0,0,0,26.823250198364256,0,1,0,0,4.10946364402771,0,0,0,0,27.4474178314209,0,0,3.299201889038086,243.70000648498535,29.97344907124837,0,0,255.8000016212463,0,12.0,5.535507678985596,172.39999663829803,0,0.0,0
Kien Giang_2003_winter_spring,2003,Low,1,0,0,0,0,0,0,0,0,0,0,0,0,0,0,26.119916439056396,1,0,0,0,4.069186290105184,1,0,0,0,25.338250732421876,0,1,4.915385417938232,47.900001764297485,26.365909939720517,1,1,2.2000000402331352,0,0.0,3.3743644782475064,4.400000303983688,0,0.0,0
An Giang_2003_summer_autumn,2003,Medium,2,0,0,0,0,0,1,0,0,0,0,0,0,1,0,26.93143720626831,0,0,0,1,4.139022938410441,0,0,0,0,27.482167434692386,0,0,3.462389178276062,204.00000159442425,30.36319905235654,0,0,222.3000001907349,0,16.0,5.6412528696514315,163.3999983072281,0,0.0,0
Ben Tre_2003_winter_spring,2003,Medium,2,0,0,0,0,0,0,0,0,0,0,0,0,0,0,25.53012418746948,1,0,0,0,3.8014439423878983,1,0,0,0,25.347694142659503,0,1,4.829998760223389,43.700001902878284,26.141860780261812,1,1,0.5000000149011612,0,0.0,3.077393497739519,0.300000011920929,0,0.0,0
Soc Trang_2003_summer_autumn,2003,Low,1,0,0,0,0,0,0,0,0,0,0,0,0,0,0,26.5021032333374,0,0,0,0,3.964681418736776,0,0,0,0,27.236722310384113,0,0,3.170447974205017,342.80001601576805,28.87791379292806,0,0,291.50000524520874,0,0.0,5.343242951801845,214.8000016212463,0,0.0,0
Vinh Long_2003_summer_autumn,2003,Low,1,0,0,0,0,0,0,0,0,0,0,0,0,0,0,26.505896472930907,0,1,0,0,3.973857816060384,0,0,0,0,27.250860722859706,0,0,3.23982666015625,262.7999962568283,29.55441302344913,0,0,241.09999978542328,0,11.0,5.480003720238095,184.70000302791595,0,0.0,0
Long An_2003_main_season,2003,High,0,0,0,0,0,0,0,0,0,0,0,0,0,0,0,26.54210319519043,0,0,0,0,3.5825440883636475,0,1,0,0,26.139360682169595,0,0,3.7871188068389894,157.600001886487,26.89434060596285,0,0,165.0000021755695,1,0.0,3.1373385985692344,237.40000207722187,0,0.0,0
Bac Lieu_2003_winter_spring,2003,Low,1,0,0,0,0,0,0,0,0,0,0,0,0,0,0,25.76383247375488,1,0,0,0,4.390421597162883,0,0,0,0,25.72230478922526,0,0,5.169276161193848,51.09999930858611,26.24022120521182,1,0,0.4000000059604644,0,0.0,3.120532955442156,1.600000001490116,0,0.0,0
Bac Lieu_2003_summer_autumn,2003,Medium,2,0,0,0,0,0,0,0,0,0,0,0,0,0,0,26.803520011901856,0,0,0,0,4.1109628518422445,0,0,0,0,27.551609547932944,0,0,3.2342872047424316,342.70000886917114,28.855993815830775,0,0,261.9999997615814,0,0.0,5.402433770043509,194.69999408721924,0,0.0,0
Can Tho_2003_winter_spring,2003,Low,1,1,0,0,1,0,0,0,1,0,0,0,0,0,0,25.59445753097534,1,0,0,0,3.7819255034128823,1,0,0,0,25.08910992940267,0,1,4.949540157318115,63.29999800771474,26.09389250619071,1,1,0.5000000149011612,0,0.0,3.0138224987756637,0.6000000238418579,0,0.0,0
Can Tho_2003_summer_autumn,2003,Low,1,0,0,0,0,0,0,0,0,0,0,0,0,0,0,26.49435348510742,0,1,0,0,3.9372021357218423,0,0,0,0,27.18327611287435,0,0,3.1375251722335817,259.90000611543655,29.58793849036807,0,0,270.4999976158142,0,12.0,5.517381111780803,153.80000025033948,0,0.0,0
Tien Giang_2003_winter_spring,2003,Medium,2,1,0,0,1,0,0,0,1,0,0,0,0,0,0,25.70568733215332,1,0,0,0,3.8106202920277914,1,0,0,0,25.284888585408527,0,1,5.0100495147705075,43.700001902878284,26.0753846849714,1,1,0.5000000149011612,0,0.0,3.1071749812080744,0.300000011920929,0,0.0,0
Tien Giang_2003_summer_autumn,2003,Medium,2,0,0,0,0,0,0,0,0,0,0,0,0,0,0,26.4994366645813,0,0,0,0,4.0493245124816895,0,0,0,0,27.286833190917967,0,0,3.322618594169617,288.49999928474426,29.171515964326403,0,0,265.2000025808811,0,2.0,5.369317917596726,191.10000085830688,0,0.0,0
Dong Thap_2003_summer_autumn,2003,Low,1,0,0,0,0,0,1,0,0,0,0,0,0,1,0,26.863311195373537,0,0,0,1,4.122054306666056,0,0,0,0,27.472721354166666,0,0,3.461081175804138,201.0999957025051,30.228713171822683,0,0,229.00000448524952,0,16.0,5.658439170746576,166.49999862909317,0,0.0,0
Long An_2003_winter_spring,2003,High,0,0,0,0,0,0,0,0,0,0,0,0,0,0,0,26.412832260131836,0,0,0,0,3.8598223050435383,1,0,0,0,25.439360173543296,0,0,5.2451065635681156,35.19999925792217,26.211602710542223,0,1,0.2000000029802322,0,0.0,3.1953266859054565,0.3000000044703483,0,0.0,0
Tra Vinh_2003_winter_spring,2003,High,0,0,0,0,0,0,0,0,0,0,0,0,0,0,0,25.404104709625244,1,0,0,0,3.8738236586252848,1,0,0,0,25.29344393412272,0,1,4.903867073059082,64.5000009611249,26.086103620983305,1,1,0.7000000104308128,0,0.0,3.0383995260511125,0.2000000029802322,0,0.0,0
Tra Vinh_2003_summer_autumn,2003,Medium,2,0,0,0,0,0,0,0,0,0,0,0,0,0,0,26.55254182815552,0,0,0,0,4.004611237843831,0,0,0,0,27.237610880533857,0,0,3.270275855064392,325.0000037699938,29.052968433925084,0,0,290.0999935865402,0,0.0,5.355734507242839,208.3999981880188,0,0.0,0
Tra Vinh_2003_main_season,2003,High,0,0,0,0,0,0,0,0,0,0,0,0,0,0,0,26.277645969390868,0,0,0,0,3.355524174372355,0,1,0,0,26.100388209025063,0,0,3.7855919933319098,167.90000062435865,26.74542835780553,0,0,198.99999684095383,0,0.0,3.1040320680254982,245.69999408721924,0,0.0,0
Bac Lieu_2003_main_season,2003,Low,1,0,0,0,0,0,0,0,0,0,0,0,0,0,0,26.54435377120972,0,0,0,0,3.3887937863667807,0,1,0,0,26.3952210744222,0,0,3.936251726150513,156.3999971523881,27.26244372413272,0,0,150.6000036522746,1,0.0,3.395602748507545,222.30000120401385,0,0.0,0
Vinh Long_2003_winter_spring,2003,Low,1,1,0,0,1,0,0,0,1,0,0,0,0,0,0,25.745479011535643,1,0,0,0,3.7534460544586183,1,0,0,0,25.248222223917644,0,1,4.975549983978271,57.300000727176666,26.11681356884184,1,1,0.4000000134110451,0,0.0,3.052552552450271,0.9000000357627869,0,0.0,0
An Giang_2003_main_season,2003,Medium,2,0,0,0,0,0,0,0,0,0,0,0,0,1,0,26.84810428619385,0,0,0,0,3.484502824147542,0,1,0,0,26.414945602416992,0,0,3.7427472066879273,117.39999854564668,26.986214773995535,0,0,149.29999911785126,1,0.0,3.11706911382221,184.20000052452087,0,0.0,0
Vinh Long_2003_main_season,2003,High,0,0,0,0,0,0,0,0,0,0,0,0,0,0,0,26.425271034240723,0,0,0,0,3.2806645234425864,0,1,0,0,26.035860697428387,0,0,3.650482897758484,139.0000028014183,26.737150373912993,0,0,170.9000016823411,1,0.0,3.005413526580447,205.0000002682209,0,0.0,0
Soc Trang_2003_winter_spring,2003,Medium,2,1,0,0,1,0,0,0,1,0,0,0,0,0,0,25.438563346862793,1,0,0,0,4.069577439626058,0,0,0,0,25.317555745442707,0,0,5.053821258544922,59.00000112503767,25.950928006853378,1,0,1.600000038743019,0,0.0,2.9780546767371043,0.4000000134110451,0,0.0,0
Soc Trang_2003_main_season,2003,Low,1,0,0,0,0,0,0,0,0,0,0,0,0,0,0,26.20543804168701,0,0,0,0,3.30379048983256,0,1,0,0,26.06561139424642,0,0,3.7753109693527223,179.19999846816063,26.831782113938104,0,0,161.3000002503395,1,0.0,3.1401225441978093,242.40000176429749,0,0.0,0
Vinh Long_2004_summer_autumn,2004,Low,1,0,0,0,0,0,0,0,0,0,0,0,0,0,1,27.02277030944824,0,0,0,0,2.8212262471516927,0,0,0,0,26.111416498819988,0,0,3.5237505197525025,166.39999125897884,29.40252785455613,0,0,193.70000149309635,0,8.0,5.09895616485959,141.09999990463257,0,0.0,0
An Giang_2004_summer_autumn,2004,High,0,0,0,0,0,0,0,0,0,0,0,0,0,0,0,27.233834075927735,0,0,0,0,2.908140937487284,0,0,0,0,26.38313929239909,0,0,3.670292916297913,136.39999855309725,29.938198997860862,0,0,166.1000017300248,0,15.0,5.307574431101481,119.79999740421772,0,0.0,0
Vinh Long_2004_main_season,2004,Medium,2,0,0,0,0,0,0,0,0,0,0,0,0,0,1,25.848499965667724,0,0,0,0,3.858011833826701,0,0,0,0,26.821277491251628,1,0,3.3386580562591552,209.20000410079956,27.34429432096935,0,0,192.39999955892563,0,0.0,3.6340092477344337,191.7000049352646,0,0.0,0
Vinh Long_2004_winter_spring,2004,Medium,2,1,1,1,1,1,0,1,1,1,0,1,1,0,0,26.194229221343996,1,0,0,0,4.062887843449911,0,0,1,1,26.269611358642575,0,0,4.632870922088623,24.200000494718548,26.34478959583101,0,0,1.1000000312924385,0,0.0,3.8758273919423423,0.2000000029802322,1,0.0,1
An Giang_2004_main_season,2004,Medium,2,0,0,0,0,0,0,0,0,0,0,0,0,0,0,26.17727098464966,0,0,1,0,4.002618455886841,0,1,0,0,27.174806594848633,1,0,3.600920753479004,174.4999991208315,27.603377296811058,0,0,149.09999988228083,0,0.0,3.803826837312608,191.00000315904617,0,0.0,0
Dong Thap_2004_summer_autumn,2004,High,0,0,0,0,0,0,0,0,0,0,0,0,0,0,0,27.230706787109376,0,0,0,0,2.9277448892593383,0,0,0,0,26.341609954833984,0,0,3.6679238176345823,130.90000074356794,29.93466595241002,0,0,171.0999974310398,0,15.0,5.35134532338097,110.5999996215105,0,0.0,0
An Giang_2004_winter_spring,2004,Medium,2,0,0,0,0,0,1,1,0,0,0,0,1,0,0,26.6247709274292,0,0,0,0,4.04635181427002,0,0,0,0,26.829945119222007,0,0,4.726666707992553,8.500000022351742,26.75278209504627,0,0,1.50000011920929,0,0.0,4.132013116564069,0.2000000029802322,0,0.0,0
Can Tho_2004_summer_autumn,2004,Medium,2,0,0,0,0,0,0,0,0,0,0,0,0,0,1,26.960394763946532,0,0,0,0,2.776138655344645,0,0,0,0,26.199387995402017,0,0,3.423259081840515,150.40000132471323,29.381987617129372,0,0,176.7000002861023,0,9.0,5.091251838774908,108.59999917447568,0,0.0,0
Dong Thap_2004_winter_spring,2004,Medium,2,0,0,0,0,0,1,1,0,0,0,0,1,0,0,26.64331102371216,0,0,0,0,4.10654993057251,0,0,0,0,26.87966550191243,0,0,4.7480488204956055,12.499999813735483,26.7516298748198,0,0,0.5000000149011612,0,0.0,4.123734746660505,0.2000000029802322,0,0.0,0
Kien Giang_2004_summer_autumn,2004,Medium,2,0,0,0,0,0,0,0,0,0,0,0,0,0,0,27.17085466384888,0,0,0,0,2.772111256917318,0,0,0,0,26.615471903483073,0,0,3.5543714141845704,149.70000375807285,29.395969300043017,0,0,208.5999985933304,0,7.0,5.212746086574736,135.79999795556068,0,0.0,0
Tra Vinh_2004_main_season,2004,Medium,2,0,0,0,0,0,0,0,0,0,0,0,0,0,1,25.837021160125733,0,0,0,0,3.895314772923787,0,0,0,0,26.70677795410156,1,0,3.3971632432937624,211.900004029274,27.251281556629,0,0,202.99999803304672,0,0.0,3.620245317618052,226.5000002980232,0,0.0,0
Can Tho_2004_winter_spring,2004,High,0,1,1,1,1,1,0,1,1,1,0,1,1,0,0,26.021957206726075,1,0,0,0,4.081948614120483,0,0,1,1,26.030776977539062,0,0,4.610336627960205,21.499999530613422,26.26095472063337,0,0,0.9000000134110451,0,0.0,3.851256075359526,0.300000011920929,1,0.0,1
Soc Trang_2004_main_season,2004,Low,1,0,0,0,0,0,0,0,0,0,0,0,0,0,1,25.862937259674073,0,0,0,0,3.818434476852417,0,0,0,0,26.63380584716797,1,0,3.3629739761352537,218.2000025510788,27.266207377115887,0,0,164.89999747276306,0,0.0,3.635776440302531,196.9000020027161,0,0.0,0
Soc Trang_2004_summer_autumn,2004,Medium,2,0,0,0,0,0,0,0,0,0,0,0,0,0,1,26.97950086593628,0,0,0,0,2.995607582728068,0,0,0,0,26.314222462972005,0,0,3.475765657424927,154.40000188350675,28.937238420758927,0,0,208.5999995470047,0,0.0,5.031752370652699,128.99999940395355,0,0.0,0
Soc Trang_2004_winter_spring,2004,Medium,2,1,1,1,1,1,0,1,1,1,0,1,1,0,0,25.68960456848145,1,0,0,0,4.4235590616861975,0,0,1,1,25.76741625467936,0,0,4.817989253997803,30.199997611343857,26.216702597481863,0,0,0.9000000357627869,0,0.0,3.922775461560204,1.0,1,0.0,1
Ben Tre_2004_winter_spring,2004,High,0,1,1,1,1,1,0,1,1,1,0,1,1,0,0,25.74825038909912,1,0,0,0,3.993328825632731,0,0,1,1,25.892138799031574,0,0,4.551031341552735,28.200000010430816,26.32836850484212,0,0,2.9000000283122063,0,0.0,3.8674877257574174,0.6000000014901161,1,0.0,1
Tien Giang_2004_summer_autumn,2004,Medium,2,0,0,0,0,0,0,0,0,0,0,0,0,0,1,26.99110336303711,0,0,0,0,2.977264165878296,0,0,0,0,26.089888763427737,0,0,3.634854788780213,198.79999954998493,29.15157463437035,0,0,215.0999985486269,0,1.0,5.042654650551932,137.90000408887863,0,0.0,0
Tien Giang_2004_winter_spring,2004,Medium,2,1,1,1,1,1,0,1,1,1,0,1,1,0,0,25.957979011535645,1,0,0,0,4.110369141896566,0,0,1,1,26.09419479370117,0,0,4.655170316696167,28.200000010430816,26.265066782633465,0,0,2.9000000283122063,0,0.0,3.903364192871821,0.6000000014901161,1,0.0,1
Long An_2004_winter_spring,2004,Medium,2,0,0,0,0,0,1,1,0,0,0,0,1,0,0,26.82210311889649,0,0,0,0,4.148563241958618,0,0,0,0,27.019776916503908,0,0,4.82236234664917,22.300000816583633,26.502873102823894,0,0,0.9000000283122063,0,0.0,4.113678580238705,0.0,0,0.0,0
Bac Lieu_2004_winter_spring,2004,High,0,1,1,1,1,1,0,1,1,1,0,1,1,0,0,25.82174949645996,1,0,0,0,4.590079100926717,0,0,1,1,25.898555501302084,0,0,4.879591312408447,20.300000146031383,26.517304284232004,0,0,1.2000000104308128,0,0.0,4.136522224971226,0.0,1,0.0,1
Bac Lieu_2004_summer_autumn,2004,High,0,0,0,0,0,0,0,0,0,0,0,0,0,0,0,27.33768663406372,0,0,0,0,3.0943874597549437,0,0,0,0,26.666470209757488,0,0,3.612468748092651,159.60000908374786,28.85351498921712,0,0,196.9000049829483,0,0.0,5.07250284013294,129.20000302791595,0,0.0,0
Bac Lieu_2004_main_season,2004,Medium,2,0,0,0,0,0,0,0,0,0,0,0,0,1,0,26.267478370666502,0,1,1,1,3.9220698197682697,0,0,0,0,26.935499572753905,0,0,3.5665032768249514,236.80000436306,27.590320496332076,0,0,161.79999661445618,0,0.0,3.7496188311349776,188.80000603199005,0,0.0,0
Ben Tre_2004_summer_autumn,2004,Medium,2,0,0,0,0,0,0,0,0,0,0,0,0,0,1,26.992104148864748,0,0,0,0,2.9672687292099,0,0,0,0,26.181721369425457,0,0,3.621246461868286,198.79999954998493,29.027773085094633,0,0,215.0999985486269,0,1.0,4.96382661092849,137.90000408887863,0,0.0,0
Kien Giang_2004_winter_spring,2004,Medium,2,1,1,1,0,1,0,1,0,1,0,0,1,0,0,26.533771419525145,0,0,0,0,3.9963659922281902,0,0,0,1,26.479084269205728,0,0,4.759163007736206,13.10000043362379,26.57791301182338,0,0,9.599999994039536,0,0.0,4.033974386396862,6.400000236928463,0,0.0,1
Hau Giang_2004_winter_spring,2004,High,0,1,1,1,0,1,0,1,0,1,0,0,1,0,0,26.20504169464111,0,0,0,0,4.224243720372518,0,0,0,1,26.20955530802409,0,0,4.5806930637359615,22.199999555945396,26.13134075346447,0,0,1.3999999910593033,0,0.0,3.811303229559035,0.2000000029802322,0,0.0,1
Hau Giang_2004_summer_autumn,2004,Medium,2,0,0,0,0,0,0,0,0,0,0,0,0,0,1,26.92316617965698,0,0,0,0,2.7424822807312013,0,0,0,0,26.127472559611004,0,0,3.323310146331787,145.5000013113022,29.27925800141834,0,0,216.7000048160553,0,10.0,4.970338707878476,127.5999991297722,0,0.0,0
Long An_2004_summer_autumn,2004,High,0,0,0,0,0,0,0,0,0,0,0,0,0,0,1,27.1424165725708,0,0,0,0,3.07349001566569,0,0,0,0,26.26755561828613,0,0,3.731627526283264,161.39999614655972,29.97549175080799,0,0,178.4000060558319,0,17.0,5.478339899153936,131.59999752044678,0,0.0,0
Long An_2004_main_season,2004,High,0,0,0,0,0,0,0,0,0,0,0,0,0,0,0,25.967624950408936,0,0,0,0,4.102148342132568,0,0,0,0,26.994500096639,0,0,3.483262324333191,228.79999780654907,27.49493608020601,0,0,241.70000565052032,0,0.0,3.8497356460207985,188.0000023841858,0,0.0,0
Ca Mau_2004_summer_autumn,2004,Medium,2,0,0,0,0,0,0,0,0,0,0,0,0,0,0,27.172248363494873,0,0,0,0,2.7742149670918783,0,0,0,0,26.359055201212566,0,0,3.5128961420059204,193.10000224411488,28.869233176821755,0,0,267.6000003814697,0,6.0,4.752783298492432,132.3000032901764,0,0.0,0
Ca Mau_2004_main_season,2004,Low,1,0,0,0,0,0,0,0,0,0,0,0,0,0,0,26.083499240875245,0,0,0,1,3.763704601923625,0,0,0,0,26.762248229980468,1,0,3.444893045425415,242.6000039577484,27.35226921808152,0,0,193.50000190734863,0,0.0,3.533767881847563,236.79999613761905,0,0.0,0
Ben Tre_2004_main_season,2004,High,0,0,0,0,0,0,0,0,0,0,0,0,0,0,1,25.778874015808107,0,0,0,0,3.939672883351644,0,0,0,0,26.829360834757487,1,0,3.403294105529785,212.4000102877617,27.242257436116535,0,0,209.30000352859497,0,0.0,3.6253901634897505,221.89999735355377,0,0.0,0
Kien Giang_2004_main_season,2004,High,0,0,0,0,0,0,0,0,0,0,0,0,0,0,0,26.07158288955689,0,0,1,1,3.9241748332977298,0,0,0,0,27.057694498697916,1,0,3.3958133363723757,235.3000012934208,27.841106959751674,0,0,157.2000008970499,0,0.0,3.8064418463479903,249.30000126361847,0,0.0,0
Tra Vinh_2004_summer_autumn,2004,Medium,2,0,0,0,0,0,0,0,0,0,0,0,0,0,1,26.954520988464356,0,0,0,0,3.012783988316854,0,0,0,0,26.29122149149577,0,0,3.581373105049133,218.90000788122416,28.978067034766788,0,0,229.300002515316,0,0.0,4.9778067497980025,120.30000030994417,0,0.0,0
Tra Vinh_2004_winter_spring,2004,High,0,1,1,1,1,1,0,1,1,1,0,1,1,0,0,25.681604290008544,1,0,0,0,4.131448284784953,0,0,1,1,25.76066665649414,0,0,4.6605776596069335,39.90000272542238,26.318048386346724,0,0,1.9000000357627869,0,0.0,3.8736041273389543,0.4000000059604644,1,0.0,1
Vinh Long_2005_summer_autumn,2005,Low,1,0,0,0,0,0,0,0,0,0,0,0,0,0,1,26.78745880126953,0,1,0,0,3.758136208852132,0,0,0,0,27.414055887858073,0,0,3.2912603044509887,161.70000040531158,29.42058263506208,0,0,182.2000038027763,0,6.0,5.365971088409424,168.70000100135803,0,0.0,0
Vinh Long_2005_winter_spring,2005,Medium,2,1,1,1,1,0,0,1,1,0,0,0,1,0,0,25.734333419799803,1,0,0,0,4.152393452326456,0,0,0,0,25.742804336547852,0,0,5.10514877319336,0.2000000029802322,26.693896248227073,1,0,0.2000000029802322,0,0.0,3.935730536778768,0.600000023841858,0,0.0,0
Ben Tre_2005_winter_spring,2005,Low,1,1,1,1,1,0,0,1,1,0,0,0,1,0,0,25.269707679748535,1,0,0,0,4.102752304077148,0,0,0,0,25.45074895222982,0,0,4.932532939910889,0.7000000178813934,26.516166505359468,1,0,0.0,0,0.0,3.878141403198242,1.2000000029802322,0,0.0,0
Tien Giang_2005_summer_autumn,2005,Medium,2,0,0,0,0,0,0,0,0,0,0,0,0,0,1,26.696207332611085,0,1,0,0,3.84031089146932,0,0,0,0,27.3997501373291,0,0,3.4351787424087523,171.39999754726887,29.03778548467727,0,0,183.30000120401385,0,0.0,5.276895432245164,180.20000231266025,0,0.0,0
Soc Trang_2005_summer_autumn,2005,High,0,0,0,0,0,0,0,0,0,0,0,0,0,0,1,26.776583671569824,0,1,0,0,3.939704751968384,0,0,0,0,27.49908383687337,0,0,3.459563512802124,143.7000040113926,29.086346035911923,0,0,159.99999940395355,0,1.0,5.557057289850144,172.60000014305115,0,0.0,0
Soc Trang_2005_main_season,2005,Low,1,0,0,0,0,0,0,0,0,0,0,0,0,1,0,26.28210372924805,0,0,0,0,3.4868353684743245,0,1,0,0,26.30713857014974,0,0,3.877145156860351,165.30000253021717,27.377417700631277,0,0,156.900000333786,1,0.0,3.887811774299258,145.2000004798174,0,0.0,0
Ben Tre_2005_summer_autumn,2005,Low,1,0,0,0,0,0,0,0,0,0,0,0,0,0,1,26.69752130508423,0,1,0,0,3.837568171819051,0,0,0,0,27.44477653503418,0,0,3.429503836631775,171.39999754726887,28.923805236816406,0,0,183.30000120401385,0,0.0,5.197040875752767,180.20000231266025,0,0.0,0
Tien Giang_2005_winter_spring,2005,Medium,2,1,1,1,1,0,0,1,1,0,0,0,1,0,0,25.45756149291992,1,0,0,0,4.168804232279459,0,0,0,0,25.51127751668294,0,0,5.070613136291504,0.7000000178813934,26.52796291169666,1,0,0.0,0,0.0,3.9240019889104936,1.2000000029802322,0,0.0,0
Bac Lieu_2005_winter_spring,2005,High,0,1,1,1,1,0,0,1,1,0,0,0,1,0,0,25.18633260726929,1,0,0,0,4.834051243464152,0,0,0,0,25.60869305928548,0,0,5.079534683227539,10.100000619888306,26.57167016892206,1,0,0.2000000029802322,0,0.0,4.089067243394398,1.1000000536441803,0,0.0,0
Bac Lieu_2005_summer_autumn,2005,High,0,0,0,0,0,0,0,0,0,0,0,0,0,0,0,27.199873161315917,0,0,0,0,4.084489361445109,0,1,0,0,27.828415807088216,0,0,3.5674456405639647,191.29999931156635,29.02712549482073,0,0,161.49999729543924,0,0.0,5.666344733465285,153.900000333786,0,0.0,0
Bac Lieu_2005_main_season,2005,High,0,0,0,0,0,0,0,0,0,0,0,0,0,1,0,26.604561614990235,0,1,1,0,3.584302616119385,0,1,0,0,26.650914891560873,0,0,4.003608770370484,160.4999976158142,27.580995105561755,0,0,142.6999980211258,0,0.0,3.960472345352173,135.2999982237816,0,0.0,0
Dong Thap_2005_summer_autumn,2005,High,0,0,0,0,0,0,0,0,0,0,0,0,0,0,0,27.13685359954834,0,0,1,0,3.7583547592163087,0,1,0,0,27.47452646891276,0,0,3.4254941654205324,182.70000302791595,30.099646613711403,0,0,178.60000371932983,0,16.0,5.637489568619501,114.80000019073486,0,0.0,0
Dong Thap_2005_winter_spring,2005,High,0,1,0,0,1,0,0,0,1,0,0,0,0,0,0,26.013624095916747,1,0,0,0,4.226245514551798,0,0,0,0,25.853554916381835,0,0,5.168225746154786,0.0,27.14091564360119,0,0,0.4000000059604645,0,0.0,4.20468130565825,0.1000000014901161,0,0.0,0
Ca Mau_2005_summer_autumn,2005,High,0,0,0,0,0,0,0,0,0,0,0,0,0,0,0,26.98787393569946,0,0,0,0,3.8345773061116537,0,0,0,0,27.620026779174804,0,0,3.357747168540955,220.79999947547913,29.22488666716076,0,0,240.30000442266464,0,6.0,5.389677638099307,170.39999914169312,0,0.0,0
Ca Mau_2005_main_season,2005,Medium,2,0,0,0,0,0,0,0,0,0,0,0,0,0,0,26.40589532852173,0,0,0,0,3.4227731227874756,0,1,0,0,26.43683230082194,0,0,3.943525390625,168.2000005543232,27.479550407046364,0,0,162.30000233650208,1,0.0,3.76688399769011,209.60000391304493,0,0.0,0
Long An_2005_main_season,2005,High,0,0,0,0,0,0,0,0,0,0,0,0,0,1,0,26.356895542144777,0,0,0,0,3.4470446427663166,0,1,0,0,26.278109868367512,0,0,3.9580720901489257,158.3000040799379,27.556345167614165,0,0,172.30000126361847,1,0.0,4.0405750047592885,175.0000011920929,0,0.0,0
Soc Trang_2005_winter_spring,2005,High,0,1,1,1,1,0,0,1,1,0,0,0,1,0,0,25.083978748321535,1,0,0,0,4.6668656667073565,0,0,0,0,25.476860173543297,0,0,5.018316802978515,11.399999678134918,26.34110723223005,1,0,1.600000061094761,0,0.0,3.9007447901226224,0.7000000029802322,0,0.0,0
Ben Tre_2005_main_season,2005,High,0,0,0,0,0,0,0,0,0,0,0,0,0,1,0,26.23502073287964,0,0,0,0,3.42805495262146,0,1,0,0,26.27811063130697,0,0,3.995422525405884,180.7999992966652,27.363387698218936,0,0,127.09999972581863,1,0.0,3.943933668590727,157.0000005364418,0,0.0,0
Long An_2005_summer_autumn,2005,Medium,2,0,0,0,0,0,0,0,0,0,0,0,0,0,1,26.91856231689453,0,0,0,0,3.871980810165405,0,0,0,0,27.538804626464845,0,0,3.4909973096847535,145.19999635219574,29.71695954459054,0,0,203.60000157356265,0,15.0,5.50332084156218,164.60000205039978,0,0.0,0
Long An_2005_winter_spring,2005,High,0,1,0,0,1,0,0,0,1,0,0,0,0,0,0,26.12449941635132,1,0,0,0,4.310438315073649,0,0,0,0,26.136582310994463,0,0,5.317812805175781,0.0,27.197118305024645,0,0,0.5000000074505805,0,0.0,4.2507862250010175,0.1000000014901161,0,0.0,0
An Giang_2005_main_season,2005,High,0,0,0,0,0,0,0,0,0,0,0,0,0,1,0,26.574458503723143,0,0,0,0,3.4028659661610923,0,1,0,0,26.48925056457519,0,0,4.032664232254028,105.50000137090684,27.36012431553432,0,0,137.10000067949295,1,0.0,3.926961717151461,177.90000054985285,0,0.0,0
Tra Vinh_2005_main_season,2005,Medium,2,0,0,0,0,0,0,0,0,0,0,0,0,1,0,26.30274991989136,0,0,0,1,3.481233310699463,0,0,0,0,26.31011060078939,0,0,3.975382871627807,205.30000150203705,27.367352985200423,0,0,168.29999834299088,1,0.0,3.9552998656318303,167.69999626278877,0,0.0,0
Tra Vinh_2005_summer_autumn,2005,Low,1,0,0,0,0,0,0,0,0,0,0,0,0,0,0,26.71545829772949,0,0,1,1,3.889207871754964,0,0,0,0,27.469555791219076,0,0,3.4857982444763183,211.7999970912933,29.054556165422714,0,0,194.0999976992607,0,0.0,5.340458858580816,219.8000011444092,0,0.0,0
Tra Vinh_2005_winter_spring,2005,High,0,1,1,1,1,0,0,1,1,0,0,0,1,0,0,25.16879186630249,1,0,0,0,4.31140383084615,0,0,0,0,25.49802754720052,0,0,4.977138175964355,2.000000067055226,26.49661836170015,1,0,0.2000000029802322,0,0.0,3.886740207672119,0.800000011920929,0,0.0,0
An Giang_2005_winter_spring,2005,High,0,1,1,1,1,0,0,1,1,0,0,0,1,0,0,25.959875869750977,1,0,0,0,4.250186586380005,0,0,0,0,25.789666239420573,0,0,5.067922592163086,0.1000000014901161,26.963992436726887,0,0,0.1000000014901161,0,0.0,4.1597521759214855,0.700000025331974,0,0.0,0
Can Tho_2005_winter_spring,2005,High,0,1,1,1,1,0,0,1,1,0,0,0,1,0,0,25.530915641784667,1,0,0,0,4.179681936899821,0,0,0,0,25.568415451049805,0,0,5.066750946044922,1.6999999657273293,26.517106283278693,1,0,0.4000000059604644,0,0.0,3.8845427376883377,0.6000000014901161,0,0.0,0
Can Tho_2005_summer_autumn,2005,Medium,2,0,0,0,0,0,0,0,0,0,0,0,0,0,1,26.70674934387207,0,1,0,0,3.723782205581665,0,0,0,0,27.35383275349935,0,0,3.206619257926941,194.4000024795532,29.553613753545857,0,0,193.3000019788742,0,5.0,5.477055606387911,174.9000005722046,0,0.0,0
Kien Giang_2005_main_season,2005,High,0,0,0,0,0,0,0,0,0,0,0,0,0,0,0,26.478249740600585,0,0,0,0,3.0920984029769896,0,1,0,0,26.487694803873698,0,0,3.8401519012451177,180.4999941885471,27.334362211681547,0,0,126.79999811947346,0,0.0,3.749580349240984,231.6000013947487,0,0.0,0
An Giang_2005_summer_autumn,2005,High,0,0,0,0,0,0,0,0,0,0,0,0,0,0,0,27.156125164031984,0,0,1,0,3.733653752009074,0,1,0,0,27.483973439534505,0,0,3.4021019983291625,194.70000231266025,30.17460741315569,0,0,171.49999902397394,0,15.0,5.623319149017334,103.80000281333923,0,0.0,0
Kien Giang_2005_winter_spring,2005,Medium,2,1,1,1,1,0,0,1,1,0,0,0,1,0,0,25.91845760345459,1,0,0,0,4.36910834312439,0,0,0,0,25.858528010050456,0,0,5.0529336166381835,3.800000056624413,26.887635548909504,0,0,1.6000000089406967,0,0.0,4.209294988995507,3.000000074505806,0,0.0,0
Hau Giang_2005_winter_spring,2005,High,0,1,1,1,1,0,0,1,1,0,0,0,1,0,0,25.586498928070068,1,0,0,0,4.297013282775879,0,0,0,0,25.72622235616048,0,0,5.045608806610107,1.200000025331974,26.454456238519576,1,0,0.2000000029802322,0,0.0,3.8472794010525657,0.1000000014901161,0,0.0,0
Hau Giang_2005_summer_autumn,2005,Medium,2,0,0,0,0,0,0,0,0,0,0,0,0,0,1,26.590459156036378,0,1,0,0,3.642961883544922,0,0,0,0,27.25413932800293,0,0,3.124503746032715,229.89999890327456,29.39086432684035,0,0,205.2000021636486,0,8.0,5.389437789008731,184.2000036239624,0,0.0,0
Kien Giang_2005_summer_autumn,2005,Medium,2,0,0,0,0,0,0,0,0,0,0,0,0,0,0,27.07377109527588,0,0,0,0,3.7330620765686033,0,0,0,0,27.491306177775066,0,0,3.1762721824645994,231.7999973297119,29.721266701107933,0,0,244.50000244379044,0,6.0,5.558991137005034,177.20000138878822,0,0.0,0
Ca Mau_2006_summer_autumn,2006,Low,1,0,0,0,0,0,0,0,0,0,0,0,0,0,0,26.149020385742187,0,0,0,1,3.610991621017456,0,0,0,0,26.988082758585612,1,0,3.5454147243499756,317.40000462532043,27.482031050182524,0,0,197.20000207424164,0,0.0,4.3900283972422285,325.9999977648258,0,0.0,0
An Giang_2006_summer_autumn,2006,High,0,0,0,0,0,0,0,0,0,0,0,0,0,0,0,26.19123010635376,0,0,1,0,3.903999392191569,0,1,0,0,27.072028350830077,1,0,3.629162406921387,177.70000211149454,28.03780156090146,0,0,111.5999979749322,0,0.0,4.651741243544079,219.49999964237213,0,0.0,0
An Giang_2006_main_season,2006,High,0,0,0,0,0,0,0,0,0,0,0,0,0,1,0,26.724354839324953,0,1,1,1,2.904540427525838,0,0,0,0,26.500639979044596,0,0,3.5232478094100954,225.3000007867813,26.88363465808687,0,0,189.09999561309817,0,0.0,3.807891056651161,99.49999854713678,0,0.0,0
Tra Vinh_2006_main_season,2006,High,0,0,0,0,0,0,0,0,0,0,0,0,0,0,0,26.31764621734619,0,0,0,0,2.940247718493144,0,0,0,0,26.162333424886068,0,0,3.4488477993011473,323.0999946594238,26.817253930228095,0,0,245.60000091791153,0,0.0,3.639978159041632,157.000001847744,0,0.0,0
Bac Lieu_2006_winter_spring,2006,High,0,0,0,0,0,0,0,0,0,0,0,0,0,0,0,25.93476915359497,1,0,0,0,3.7776891072591146,0,0,0,0,25.243276341756182,0,0,5.363531341552735,216.2000014781952,25.858773004441034,1,0,0.9000000134110451,0,0.0,3.1485202198936824,0.7000000104308128,0,0.0,0
Bac Lieu_2006_summer_autumn,2006,Low,1,0,0,0,0,0,0,0,0,0,0,0,0,0,0,26.396436309814455,0,0,1,1,3.7793396790822342,0,0,0,0,27.25758171081543,0,0,3.684605598449707,253.2000064253807,27.961748304821196,0,0,185.60000371932983,0,0.0,4.674018666857765,262.20000326633453,0,0.0,0
Dong Thap_2006_summer_autumn,2006,Low,1,0,0,0,0,0,0,0,0,0,0,0,0,0,0,26.123103427886964,0,0,1,0,3.9090624968210856,0,1,0,0,27.006054814656576,1,0,3.635998554229736,198.59999508410692,28.019189107985724,0,0,129.3000006377697,0,0.0,4.613922414325533,240.900004863739,0,0.0,0
Bac Lieu_2006_main_season,2006,Medium,2,0,0,0,0,0,0,0,0,0,0,0,0,1,0,26.75445775985718,0,0,0,1,3.061250654856364,0,0,0,0,26.63813705444336,0,0,3.53082242488861,266.50000536441803,27.064030238560267,0,0,218.8999958783388,0,0.0,3.561316819418044,136.59999787807465,0,0.0,0
Kien Giang_2006_main_season,2006,Low,1,0,0,0,0,0,0,0,0,0,0,0,0,1,0,26.60939540863037,0,0,0,1,2.844180528322856,0,0,0,0,26.498249944051107,0,0,3.380713715553284,263.99999928474426,27.000928787958053,0,0,227.3000024855137,0,0.0,3.628253942444211,120.80000442266464,0,0.0,0
Long An_2006_winter_spring,2006,Medium,2,0,0,0,0,0,0,0,0,0,1,0,0,0,0,26.21095714569092,0,0,0,0,3.513838227589925,1,0,0,0,25.178805287679037,0,0,4.736596174240113,101.29999969899654,25.80009478614444,0,1,10.800000078976154,0,0.0,3.3808604989733015,6.600000388920306,0,0.0,0
Long An_2006_summer_autumn,2006,Low,1,0,0,0,0,0,0,0,0,0,0,0,0,0,0,26.062728118896484,0,0,1,0,4.071311775843302,0,1,0,0,27.014359792073567,1,0,3.6521435356140137,168.6000034213066,28.639479591732933,0,0,169.40000355243683,0,1.0,4.808895247323172,223.80000287294388,0,0.0,0
Long An_2006_main_season,2006,Medium,2,0,0,0,0,0,0,0,0,0,0,0,0,0,1,26.493248748779298,0,0,0,0,2.814850171407064,0,0,0,0,26.14588826497396,0,0,3.485335283279419,220.60000079870224,26.99076970418294,0,0,205.7000014781952,1,0.0,3.8731979529062905,143.10000848770142,0,0.0,0
Ca Mau_2006_main_season,2006,Medium,2,0,0,0,0,0,0,0,0,0,0,0,0,0,0,26.6472487449646,0,0,0,0,2.880706508954366,0,0,0,0,26.471000162760415,0,0,3.340772957801819,331.3999967575073,26.68847983224051,0,0,249.79999840259552,0,0.0,3.3478593542462303,138.39999902248385,0,0.0,0
Kien Giang_2006_summer_autumn,2006,Low,1,0,0,0,0,0,0,0,0,0,0,0,0,0,0,26.31002073287964,0,0,1,1,3.886227591832479,0,0,0,0,27.28588930765788,0,0,3.4747297382354736,267.7000026702881,27.87186186654227,0,0,125.60000145435332,0,0.0,4.652872199103946,316.4999959021807,0,0.0,0
Kien Giang_2006_winter_spring,2006,Medium,2,1,0,0,1,0,0,0,1,0,0,0,0,0,0,25.958353996276855,1,0,0,0,3.4955931663513184,1,0,0,0,25.141860961914062,0,1,4.637323961257935,59.90000268816948,25.97721835545131,1,1,10.80000027269125,0,0.0,3.5729586964561824,9.500000044703484,0,0.0,0
Dong Thap_2006_winter_spring,2006,Medium,2,1,0,0,1,0,0,0,1,0,0,0,0,0,0,26.058833122253414,1,0,0,0,3.4571262121200563,1,0,0,0,25.244249471028645,0,1,4.6367264747619625,89.10000124573708,25.982979910714285,1,1,11.2999999076128,0,0.0,3.441442058199928,6.400000140070915,0,0.0,0
Ben Tre_2006_main_season,2006,High,0,0,0,0,0,0,0,0,0,0,0,0,0,0,0,26.299499607086183,0,0,0,0,2.8487602631251017,0,0,0,0,26.04880485534668,0,0,3.404798378944397,274.00000351667404,26.82003475370861,0,0,230.50000482797623,1,0.0,3.663058394477481,135.6000040769577,0,0.0,0
An Giang_2006_winter_spring,2006,Medium,2,1,0,0,1,0,0,0,1,0,0,0,0,0,0,26.024459075927737,1,0,0,0,3.482716107368469,1,0,0,0,25.27536176045736,0,1,4.597898254394531,66.29999901354313,26.032345998854865,1,1,8.20000034570694,0,0.0,3.5033445471809026,7.299999885261059,0,0.0,0
Vinh Long_2006_summer_autumn,2006,Low,1,0,0,0,0,0,0,0,0,0,0,0,0,0,0,25.868813228607177,0,0,1,1,3.78974617322286,0,0,0,0,26.81002820332845,1,0,3.481807155609131,206.5000022649765,28.04588009062267,0,0,153.20000015199184,0,0.0,4.534042835235596,259.2000021338463,0,0.0,0
Can Tho_2006_summer_autumn,2006,Low,1,0,0,0,0,0,0,0,0,0,0,0,0,0,0,25.9559157371521,0,0,1,1,3.64364242553711,0,0,0,0,26.715082677205405,1,0,3.4172278356552126,200.19999399781227,27.822960444859095,0,0,126.00000052899122,0,0.0,4.460686626888457,257.70000660419464,0,0.0,0
Tra Vinh_2006_summer_autumn,2006,Low,1,0,0,0,0,0,0,0,0,0,0,0,0,0,0,25.960979080200197,0,0,1,1,3.857497421900431,0,0,0,0,26.79900016784668,1,0,3.5897241592407227,251.80000683665276,28.04741314479283,0,0,188.200002849102,0,0.0,4.5750631377810524,300.59999537467957,0,0.0,0
Soc Trang_2006_summer_autumn,2006,Medium,2,0,0,0,0,0,0,0,0,0,0,0,0,0,0,26.038771152496334,0,0,1,1,3.6970847924550374,0,0,0,0,26.80880546569824,1,0,3.538459825515747,218.7999940663576,27.89656402951195,0,0,149.79999953508377,0,0.0,4.565377371651786,232.59999990463257,0,0.0,0
Vinh Long_2006_winter_spring,2006,Medium,2,0,0,0,0,0,0,0,0,0,1,0,0,0,0,25.823396015167237,1,0,0,0,3.336640159289042,1,0,0,0,25.140028762817384,0,1,4.668640546798706,131.40000262111425,25.652726218813942,1,1,2.3000000342726707,0,0.0,3.151404931431725,7.200000062584877,0,0.0,0
Soc Trang_2006_main_season,2006,Low,1,0,0,0,0,0,0,0,0,0,0,0,0,0,0,26.37960443496704,0,0,0,0,2.966377298037211,0,0,0,0,26.266861216227213,0,0,3.430627579689026,247.49999737739563,26.76759492783319,0,0,233.90000734478235,1,0.0,3.549472337677366,120.50000041723251,0,0.0,0
Hau Giang_2006_winter_spring,2006,Medium,2,0,0,0,0,0,0,0,0,0,1,0,0,0,0,25.65712442398071,1,0,0,0,3.257297921180725,1,0,0,0,24.82511126200358,0,1,4.914220809936523,141.99999636411667,25.564377012706935,1,1,6.200000092387199,0,0.0,3.149695351010277,7.599999979138374,0,0.0,0
Can Tho_2006_winter_spring,2006,High,0,0,0,0,0,0,0,0,0,0,1,0,0,0,0,25.518312072753908,1,0,0,0,3.2769261757532755,1,0,0,0,24.964942677815756,0,1,4.705842733383179,141.19999708980322,25.697959536597843,1,1,3.40000007301569,0,0.0,3.1658321902865456,12.700000293552876,0,0.0,0
Soc Trang_2006_winter_spring,2006,Medium,2,0,0,0,0,0,0,0,0,0,1,0,0,0,0,25.596791744232178,1,0,0,0,3.6249787012736,0,0,0,0,25.014361572265624,0,0,5.2476145362854005,178.30000147223473,25.581087748209637,1,0,1.300000049173832,0,0.0,3.022050590742202,2.0000001490116115,0,0.0,0
Hau Giang_2006_summer_autumn,2006,Low,1,0,0,0,0,0,0,0,0,0,0,0,0,0,0,25.872853755950928,0,0,1,1,3.4992561817169188,0,0,0,0,26.633860778808593,1,0,3.34502754688263,244.7000093460083,27.53223382859003,0,0,149.59999819099903,0,0.0,4.379547073727562,268.09999656677246,0,0.0,0
Tien Giang_2006_summer_autumn,2006,Low,1,0,0,0,0,0,0,0,0,0,0,0,0,0,0,25.838811302185057,0,0,1,1,3.925578308105469,0,0,0,0,26.85238863627116,1,0,3.6018722438812256,225.5999979972839,28.09433283124651,0,0,167.69999861717224,0,0.0,4.608710754485357,266.70000088214874,0,0.0,0
Ben Tre_2006_winter_spring,2006,High,0,0,0,0,0,0,0,0,0,0,1,0,0,0,0,25.7609582901001,1,0,0,0,3.429288053512573,1,0,0,0,25.204639434814453,0,1,4.635781259536743,161.1000038459897,25.69771330697196,1,1,4.000000096857548,0,0.0,3.1325278736296154,9.000000394880772,0,0.0,0
Ben Tre_2006_summer_autumn,2006,Low,1,0,0,0,0,0,0,0,0,0,0,0,0,0,0,25.886894989013673,0,0,1,1,3.907570997873942,0,0,0,0,26.852833302815757,1,0,3.5871905708312988,225.5999979972839,28.079261416480655,0,0,167.69999861717224,0,0.0,4.559493995848156,266.70000088214874,0,0.0,0
Tien Giang_2006_winter_spring,2006,Low,1,0,0,0,0,0,0,0,0,0,1,0,0,0,0,25.845062160491945,1,0,0,0,3.439173618952433,1,0,0,0,25.17224884033203,0,1,4.728702754974365,161.1000038459897,25.574789592197963,1,1,4.000000096857548,0,0.0,3.1678023622149514,9.000000394880772,0,0.0,0
Tra Vinh_2006_winter_spring,2006,Medium,2,0,0,0,0,0,0,0,0,0,1,0,0,0,0,25.650040435791016,1,0,0,0,3.488140281041463,0,0,0,0,25.07302754720052,0,0,4.882918291091919,161.10000102221966,25.675289880661737,1,0,2.200000025331974,0,0.0,3.0838012979144143,6.10000017285347,0,0.0,0
Hau Giang_2007_winter_spring,2007,Low,1,0,0,0,0,0,0,0,1,1,0,1,0,0,0,25.05618782043457,0,0,0,0,2.788872218132019,1,0,0,0,25.2751101175944,0,1,4.919033517837525,14.699999824166298,26.813781284150625,0,0,3.0,1,0.0,3.773438027926854,3.2000000923871994,1,0.0,1
Can Tho_2007_summer_autumn,2007,Medium,2,0,0,0,0,0,0,0,0,0,0,0,0,0,0,26.481540966033936,0,1,0,0,4.010481802622477,0,0,0,0,27.436194356282552,0,0,3.1648558616638183,235.39999976754189,28.23714592343285,0,0,232.19999969005585,0,1.0,4.279955540384565,160.59999767690897,0,0.0,0
Can Tho_2007_winter_spring,2007,High,0,0,0,0,0,0,0,0,1,1,0,1,0,0,0,25.038520431518556,0,0,0,0,2.805689791838328,0,0,0,0,25.41591593424479,0,0,4.81690972328186,6.200000151991844,27.017800739833287,0,0,4.700000002980232,1,0.0,3.895189489637102,5.499999813735485,1,0.0,1
Ca Mau_2007_main_season,2007,Medium,2,0,0,0,0,0,0,0,0,0,0,0,0,0,0,26.45443696975708,0,0,0,1,2.763539171218872,0,0,0,0,26.42724978129069,0,0,3.3324536991119387,285.5999982357025,27.275781722295857,0,0,199.70000064373016,0,0.0,3.814618689673288,215.10000324249268,0,0.0,0
Ca Mau_2007_summer_autumn,2007,Low,1,0,0,0,0,0,0,0,0,0,0,0,0,0,0,26.594853782653807,0,0,0,0,3.9291166146596272,0,0,0,0,27.574333318074544,0,0,3.253438491821289,284.89999628067017,27.734908694312686,0,0,340.90000438690186,0,0.0,4.079702314876375,242.50000047683716,0,0.0,0
Hau Giang_2007_summer_autumn,2007,Medium,2,0,0,0,0,0,0,0,0,0,0,0,0,0,0,26.372958278656007,0,0,0,0,3.884121561050415,0,0,0,0,27.30677719116211,0,0,3.0843531942367552,244.0000027418137,27.926876794724237,0,0,240.59999442100525,0,1.0,4.122848811603728,208.19999814033508,0,0.0,0
Bac Lieu_2007_main_season,2007,High,0,0,0,0,0,0,0,0,0,0,0,0,0,1,0,26.69393644332886,0,0,0,1,2.929917065302531,0,0,0,0,26.60758196512858,0,0,3.491884078979492,245.0000056028366,27.562046595982142,0,0,192.99999451637268,0,0.0,4.0214972496032715,124.49999982118608,0,0.0,0
Bac Lieu_2007_winter_spring,2007,Medium,2,0,0,0,0,0,0,0,0,0,0,0,0,0,0,25.433519744873045,0,0,0,0,2.9306454261144004,0,0,0,0,25.409664916992188,0,0,4.838340711593628,18.19999972730875,27.18972551254999,0,0,4.500000238418579,1,0.0,3.972146119390215,1.100000016391277,1,0.0,1
Kien Giang_2007_summer_autumn,2007,High,0,0,0,0,0,0,0,0,0,0,0,0,0,0,0,26.770436763763428,0,0,0,0,4.153941488265991,0,0,0,0,27.807556660970057,0,0,3.2008787202835083,221.29999566078183,28.02493685767764,0,0,258.2000063061714,0,0.0,4.46248653956822,285.5000030994415,0,0.0,0
Kien Giang_2007_main_season,2007,Medium,2,0,0,0,0,0,0,0,0,0,0,0,0,0,0,26.682104682922365,0,0,0,0,2.45258203347524,0,0,0,0,26.43922208150228,0,0,3.285425667762756,276.9000017642975,27.515215010870072,0,0,236.9999942779541,0,0.0,3.969552233105614,148.3999987244606,0,0.0,0
Soc Trang_2007_winter_spring,2007,Low,1,0,0,0,0,0,0,1,1,1,0,1,1,0,0,25.15762529373169,0,0,0,0,2.7911811590194704,0,0,0,0,25.20908432006836,0,0,4.807655124664307,7.999999850988388,26.941305705479213,0,0,3.200000286102294,1,0.0,3.865298316592262,1.9000000432133677,1,0.0,1
Dong Thap_2007_winter_spring,2007,High,0,0,0,0,0,0,0,0,0,0,0,0,0,0,0,25.462061405181885,0,0,0,0,3.247417378425598,0,0,0,0,26.14133160909017,0,0,4.856473417282104,3.6000000685453415,27.74448685418992,1,0,2.80000002682209,1,0.0,4.131554518427167,2.700000032782554,0,0.0,0
Dong Thap_2007_summer_autumn,2007,Medium,2,0,0,0,0,0,0,0,0,0,0,0,0,0,0,26.654561710357665,0,0,0,1,4.231296141942342,0,0,0,0,27.66619300842285,0,0,3.412574043273926,204.3000056147575,28.524844033377512,0,0,189.4000028371811,0,2.0,4.4864069904599875,214.80000698566437,0,0.0,0
Soc Trang_2007_summer_autumn,2007,Medium,2,0,0,0,0,0,0,0,0,0,0,0,0,0,1,26.44897928237915,0,0,0,0,4.053659439086914,0,0,0,0,27.544083150227863,0,0,3.2295743560791017,234.69999861717224,28.026722862606956,0,0,204.6000031977892,0,0.0,4.29347885222662,250.19999718666077,0,0.0,0
Soc Trang_2007_main_season,2007,Low,1,0,0,0,0,0,0,0,0,0,0,0,0,0,1,26.4507493019104,0,0,0,0,2.6890148242314655,0,0,0,0,26.175055694580077,0,0,3.367188768386841,272.9999978542328,27.226028805687314,0,0,194.59999561309817,1,0.0,3.889387471335275,129.00000090897083,0,0.0,0
An Giang_2007_main_season,2007,Low,1,0,0,0,0,0,0,0,0,0,0,0,0,1,0,26.75050106048584,0,0,0,1,2.743014939626058,0,0,0,0,26.446333567301433,0,0,3.457201499938965,227.40000182390213,27.357047308058966,0,0,186.4999943971634,1,0.0,3.9297119095211936,135.20000302791595,0,0.0,0
An Giang_2007_summer_autumn,2007,High,0,0,0,0,0,0,0,0,0,0,0,0,0,0,0,26.669250679016113,0,0,0,1,4.230518992741903,0,0,0,0,27.688139343261717,0,0,3.4407890129089354,207.90000197291377,28.429269608997163,0,0,188.30000233650208,0,1.0,4.461970664206005,204.60000264644623,0,0.0,0
Kien Giang_2007_winter_spring,2007,Low,1,0,0,0,0,0,0,0,0,0,0,0,0,0,0,25.33397932052612,0,0,0,0,3.3071836392084757,0,0,0,0,25.890749486287437,0,0,4.828227806091308,15.099999323487284,27.283071699596587,1,0,9.400000147521496,1,0.0,3.967554898489089,6.899999983608723,0,0.0,0
Bac Lieu_2007_summer_autumn,2007,Low,1,0,0,0,0,0,0,0,0,0,0,0,0,0,0,26.815603065490723,0,0,0,1,4.0878059069315595,0,0,0,0,27.825915145874024,0,0,3.3458412075042725,204.69999742507937,28.092800231206983,0,0,216.39999973773956,0,0.0,4.378719846407573,231.7000057697296,0,0.0,0
An Giang_2007_winter_spring,2007,High,0,0,0,0,0,0,0,0,0,0,0,0,0,0,0,25.441125202178956,0,0,0,0,3.3496108690897626,0,0,0,0,26.18800099690755,0,0,4.843681602478028,3.3000000342726707,27.597326187860396,1,0,3.2000001519918446,1,0.0,4.0493014596757435,4.700000122189522,0,0.0,0
Long An_2007_summer_autumn,2007,High,0,0,0,0,0,0,0,0,0,0,0,0,0,0,1,26.5036660194397,0,0,0,0,4.313303518295288,0,0,0,0,27.62199961344401,0,0,3.3760298538208007,270.70000272989273,28.705352783203125,0,0,201.90000081062317,0,3.0,4.658487967082432,231.99999866634607,0,0.0,0
Vinh Long_2007_summer_autumn,2007,Medium,2,0,0,0,0,0,0,0,0,0,0,0,0,0,1,26.436937236785887,0,0,0,0,4.131001949310303,0,0,0,0,27.51336161295573,0,0,3.2331843519210817,240.30000591278076,28.204214186895463,0,0,199.5000047683716,0,1.0,4.297241835367112,220.89999717473984,0,0.0,0
Vinh Long_2007_winter_spring,2007,Medium,2,0,0,0,0,0,0,0,1,1,0,1,0,0,0,25.17089614868164,0,0,0,0,2.8411160985628765,0,0,0,0,25.536693700154625,0,0,4.813153629302978,5.500000111758709,27.30153601510184,0,0,0.6000000163912773,1,0.0,4.033411343892415,3.8000001162290578,1,0.0,1
Tra Vinh_2007_winter_spring,2007,Low,1,0,0,0,0,0,0,0,1,1,0,1,0,0,0,25.164104175567623,0,0,0,0,2.733972211678823,0,0,0,0,25.22552769978841,0,0,4.774227418899536,7.699999868869781,27.188385282244003,0,0,1.0000000521540642,1,0.0,4.009388333275204,2.100000075995922,1,0.0,1
Tra Vinh_2007_summer_autumn,2007,High,0,0,0,0,0,0,0,0,0,0,0,0,0,0,0,26.470458030700684,0,0,0,0,4.190577220916748,0,0,0,0,27.571221796671548,0,0,3.3095017766952513,300.50000190734863,28.05118233816964,0,0,233.70000503212216,0,0.0,4.304529893965948,225.0999999642372,0,0.0,0
Tra Vinh_2007_main_season,2007,Low,1,0,0,0,0,0,0,0,0,0,0,0,0,0,0,26.52014579772949,0,0,0,0,2.531397501627604,0,0,0,0,26.073444239298503,0,0,3.365171594619751,257.4000012278557,27.173800967988512,0,0,250.69999623298645,1,0.0,3.889921721957979,165.90000320225954,0,0.0,0
Long An_2007_main_season,2007,Low,1,0,0,0,0,0,0,0,0,0,0,0,0,0,0,26.57345790863037,0,0,0,0,2.669934805234273,0,0,0,0,26.147415161132812,0,0,3.4191237783432005,222.3999975696206,27.237991242181685,0,0,234.19999952614307,0,0.0,3.909356162661598,132.8000042438507,0,0.0,0
Long An_2007_winter_spring,2007,Medium,2,0,0,0,0,0,0,0,0,0,0,0,0,0,0,25.750749111175537,0,0,0,0,3.18751900990804,0,0,0,0,26.13769276936849,0,0,4.958398551940918,6.700000017881393,27.74731663295201,1,0,2.000000022351742,1,1.0,4.192854955082848,3.40000007301569,0,0.0,0
Ben Tre_2007_main_season,2007,Low,1,0,0,0,0,0,0,0,0,0,0,0,0,0,1,26.55074987411499,0,0,0,0,2.440069619814555,0,0,0,0,25.957416661580403,0,0,3.3459007263183596,267.600001193583,27.18928119114467,0,0,217.40000051259997,1,0.0,3.8723653838748024,137.19999787956476,0,0.0,0
Ben Tre_2007_summer_autumn,2007,Medium,2,0,0,0,0,0,0,0,0,0,0,0,0,0,1,26.40595760345459,0,0,0,0,4.230515336990356,0,0,0,0,27.64547259012858,0,0,3.2987046813964844,274.59999990463257,28.101681663876487,0,0,203.0999977365136,0,0.0,4.315925382432484,243.09999815374613,0,0.0,0
Ben Tre_2007_winter_spring,2007,High,0,0,0,0,0,0,0,0,1,1,0,1,0,0,0,25.172415924072265,0,0,0,0,2.759021993478139,0,0,0,0,25.314082845052084,0,0,4.687453527450561,6.100000210106373,27.28015391031901,0,0,2.1000000163912773,1,0.0,4.028442399842398,3.90000019967556,1,0.0,1
Tien Giang_2007_winter_spring,2007,Medium,2,0,0,0,0,0,0,0,1,1,0,1,0,0,0,25.186519432067872,0,0,0,0,2.799384578069051,0,0,0,0,25.41724942525228,0,0,4.804464378356934,6.100000210106373,27.31685256958008,0,0,2.1000000163912773,1,0.0,4.098145479247684,3.90000019967556,1,0.0,1
Tien Giang_2007_summer_autumn,2007,Medium,2,0,0,0,0,0,0,0,0,0,0,0,0,0,1,26.339957904815673,0,0,0,0,4.244344059626261,0,0,0,0,27.60169372558594,0,0,3.3144686651229858,274.59999990463257,28.185800734020415,0,0,203.0999977365136,0,0.0,4.375836923008873,243.09999815374613,0,0.0,0
Tra Vinh_2008_winter_spring,2008,Medium,2,1,1,1,1,1,0,1,1,1,0,1,1,0,0,26.005041217803956,1,0,0,0,3.0815178871154787,0,0,1,1,24.686637751261394,0,0,4.532015495300293,13.900000095367432,25.090071905226935,0,0,11.30000026524067,0,0.0,3.6907609644390287,18.20000009983778,1,0.0,1
Can Tho_2008_winter_spring,2008,High,0,1,1,1,0,1,0,1,0,1,0,0,1,0,0,26.396124362945557,0,0,0,0,3.1661666949590046,0,0,0,1,25.037304306030272,0,0,4.477809247970581,14.399999625980854,25.008773077101935,0,0,9.60000042617321,0,0.0,3.7357070105416432,15.60000043362379,0,0.0,1
Vinh Long_2008_winter_spring,2008,Medium,2,1,1,1,0,1,0,1,0,1,0,0,1,0,0,26.56183385848999,0,0,0,0,3.2217246452967325,0,0,0,1,25.263361358642577,0,0,4.504696507453918,24.70000011473894,24.88913381667364,0,0,7.400000140070915,0,0.0,3.692015023458571,21.10000047832727,0,0.0,1
Tra Vinh_2008_summer_autumn,2008,High,0,0,0,0,0,0,0,0,0,0,0,0,0,0,0,26.523062705993652,0,0,0,0,3.5255112727483113,0,0,0,0,26.54094492594401,0,0,3.667142086029053,263.5000011920929,27.41874204363142,0,0,233.30000150203705,0,0.0,4.063127222515288,165.6999996304512,0,0.0,0
Can Tho_2008_summer_autumn,2008,Medium,2,0,0,0,0,0,0,0,0,0,0,0,0,0,1,26.525916004180907,0,0,0,0,3.4438259919484455,0,0,0,0,26.469249216715493,0,0,3.5030346393585203,274.7999975681305,27.436847686767575,0,0,201.20000181347132,1,0.0,4.0119043191274,129.90000245720148,0,0.0,0
Hau Giang_2008_summer_autumn,2008,Medium,2,0,0,0,0,0,0,0,0,0,0,0,0,0,1,26.429103755950926,0,0,0,0,3.375241168340047,0,0,0,0,26.2978879292806,0,0,3.400365424156189,328.6000018119812,27.2411618913923,0,0,214.999998152256,1,0.0,3.9623102801186696,152.0000001192093,0,0.0,0
Tien Giang_2008_winter_spring,2008,High,0,1,1,1,0,1,0,1,0,1,0,0,1,0,0,26.31287384033203,0,0,0,0,3.218480348587036,0,0,0,1,25.19738858540853,0,0,4.45652373790741,15.800000011920927,24.89284469967797,0,0,11.000000163912771,0,0.0,3.669766891570318,24.60000057518482,0,0.0,1
Hau Giang_2008_winter_spring,2008,Low,1,0,1,0,0,0,0,0,0,0,0,0,1,0,0,26.592229461669923,0,0,0,0,3.2362739721934,0,0,0,1,25.18844413757324,0,0,4.517542667388916,9.400000341236591,24.974000113351003,0,0,16.100000239908695,0,0.0,3.723354419072469,14.999999716877936,0,0.0,1
Kien Giang_2008_summer_autumn,2008,High,0,0,0,0,0,0,0,0,0,0,0,0,0,1,0,26.82845869064331,0,1,1,1,3.620565676689148,0,0,0,0,26.707138697306316,0,0,3.696192989349365,311.9999918937683,27.62890497843425,0,0,171.79999244213104,0,0.0,4.160901705423991,132.00000250339508,0,0.0,0
Bac Lieu_2008_winter_spring,2008,High,0,1,1,1,0,1,0,1,0,1,0,0,1,0,0,26.26654081344605,0,0,0,0,3.2744527101516723,0,0,0,1,24.90799789428711,0,0,4.863055362701416,5.200000137090683,25.462047213599796,0,0,11.799999870359898,0,0.0,3.991040581748599,12.200000382959844,0,0.0,1
Bac Lieu_2008_summer_autumn,2008,Medium,2,0,0,0,0,0,0,0,0,0,0,0,0,0,0,26.854665279388428,0,1,0,0,3.517099714279175,0,0,0,0,26.796610387166343,0,0,3.64063042640686,253.4000051021576,27.52047974722726,0,0,232.2000038027763,0,0.0,4.1873581522987005,160.49999859929085,0,0.0,0
Bac Lieu_2008_main_season,2008,Medium,2,0,0,0,0,0,0,0,0,0,0,0,0,1,0,26.588102436065675,0,1,1,1,3.5916393915812175,0,0,0,0,26.68744265238444,0,0,3.6572483158111577,234.80000172555447,27.129705519903276,0,0,153.2999969497323,0,0.0,3.902759529295422,187.80000258982184,0,0.0,0
An Giang_2008_main_season,2008,High,0,0,0,0,0,0,0,0,0,0,0,0,0,1,0,26.836124324798583,0,1,1,0,3.66131223042806,1,1,0,0,26.679528681437173,0,0,3.605079507827759,156.49999584257603,26.79544176374163,0,0,135.6999989151955,0,0.0,3.8283565157935735,153.60000431537628,0,0.0,0
An Giang_2008_summer_autumn,2008,High,0,0,0,0,0,0,0,0,0,0,0,0,0,1,0,26.847479724884032,0,1,1,0,3.6672370433807377,0,0,0,0,26.65647290547689,0,0,3.8143739795684817,219.40000009536743,27.831651960100448,0,0,186.89999993145463,0,1.0,4.229597216560727,116.89999683201312,0,0.0,0
An Giang_2008_winter_spring,2008,High,0,0,1,0,0,0,0,0,0,0,0,0,1,0,0,27.010396862030028,0,0,0,0,3.6316164334615073,0,0,0,0,25.707861328125,0,0,4.562556400299072,16.700000435113907,25.14940933954148,0,0,9.90000019222498,0,0.0,3.968395573752267,5.599999934434891,0,0.0,0
Tien Giang_2008_summer_autumn,2008,Medium,2,0,0,0,0,0,0,0,0,0,0,0,0,1,0,26.619227504730222,0,1,1,0,3.560163736343384,0,0,0,0,26.567805099487305,0,0,3.7660396480560303,220.59999895095825,27.61228879292806,0,0,199.29999935626984,0,0.0,4.191492273693993,136.2999985590577,0,0.0,0
Kien Giang_2008_winter_spring,2008,High,0,0,1,0,0,0,0,0,0,0,0,0,1,0,0,27.0030424118042,0,0,0,0,3.7890647093455,0,0,0,0,25.652277755737305,0,0,4.487584362030029,16.79999991506338,25.35370599655878,0,0,22.800000093877316,0,0.0,4.15672999336606,13.299999982118608,0,0.0,0
Kien Giang_2008_main_season,2008,High,0,0,0,0,0,0,0,0,0,0,0,0,0,1,0,26.74543685913086,0,1,1,1,3.5519784927368163,0,0,0,0,26.653944396972655,0,0,3.565559959411621,227.30000030994415,26.96164367312477,0,0,197.00000298023224,0,0.0,3.855678331284296,116.69999605417252,0,0.0,0
Soc Trang_2008_main_season,2008,Medium,2,0,0,0,0,0,0,0,0,0,0,0,0,0,1,26.311791801452635,0,0,0,0,3.467383734385173,0,0,0,0,26.265750122070312,0,0,3.5043517208099364,247.49999916553497,26.72414325532459,0,0,168.8999994546175,0,0.0,3.7725789433433894,174.59999760985374,0,0.0,0
Ben Tre_2008_main_season,2008,High,0,0,0,0,0,0,0,0,0,0,0,0,0,0,1,26.40710334777832,0,0,0,0,3.610256226857503,0,0,0,0,26.3774164835612,0,0,3.4784256553649904,190.9999974742532,26.655054364885604,0,0,189.00000196695328,1,0.0,3.798803840364729,191.0000002980232,0,0.0,0
Ben Tre_2008_summer_autumn,2008,High,0,0,0,0,0,0,0,0,0,0,0,0,0,0,1,26.600020694732667,0,1,0,0,3.541247606277466,0,0,0,0,26.558249537150065,0,0,3.7302437019348145,220.59999895095825,27.58025314694359,0,0,199.29999935626984,0,0.0,4.131803001676287,136.2999985590577,0,0.0,0
Dong Thap_2008_winter_spring,2008,High,0,0,1,0,0,0,0,0,0,0,0,0,1,0,0,27.168102550506593,0,0,0,0,3.612559525171916,0,0,0,0,25.85230458577474,0,0,4.652628955841064,16.800000473856926,25.0668089730399,0,0,9.100000493228436,0,0.0,3.8945645491282144,8.299999833106995,0,0.0,0
Dong Thap_2008_summer_autumn,2008,Medium,2,0,0,0,0,0,0,0,0,0,1,0,0,1,0,26.847686195373537,0,1,1,0,3.627676010131836,0,0,0,0,26.64049873352051,0,0,3.826320934295654,186.9999995827675,27.908871877761115,0,0,210.90000390261412,0,2.0,4.275033632914226,120.90000564604998,0,0.0,0
Ben Tre_2008_winter_spring,2008,High,0,1,1,1,1,1,0,1,1,1,0,1,1,0,0,26.075749397277832,1,0,0,0,3.129420797030131,0,0,1,1,24.903110376993816,0,0,4.368270711898804,15.800000011920927,25.03957866487049,0,0,11.000000163912771,0,0.0,3.6548392318543934,24.60000057518482,1,0.0,1
Soc Trang_2008_winter_spring,2008,High,0,1,1,1,1,1,0,1,1,1,0,1,1,0,0,25.98595809936523,1,0,0,0,3.135479434331258,0,0,1,1,24.66227773030599,0,0,4.728294701576233,12.39999983459711,25.030194237118675,0,0,10.799999751150608,0,0.0,3.743272656486148,15.799999967217444,1,0.0,1
Soc Trang_2008_summer_autumn,2008,Medium,2,0,0,0,0,0,0,0,0,0,0,0,0,0,1,26.493667125701904,0,0,0,0,3.4504598299662272,0,0,0,0,26.529361979166666,0,0,3.5342653226852416,280.600004196167,27.305392310732888,0,0,226.5000021159649,0,0.0,4.015007359640939,196.50000536441803,0,0.0,0
Tra Vinh_2008_main_season,2008,High,0,0,0,0,0,0,0,0,0,0,0,0,0,0,1,26.35004119873047,0,0,0,0,3.5857171853383383,0,0,0,0,26.29636077880859,0,0,3.481691598892212,235.80000416189432,26.664377212524418,0,0,212.09999692440033,0,0.0,3.801900875000727,204.89999759197235,0,0.0,0
Vinh Long_2008_summer_autumn,2008,Low,1,0,0,0,0,0,0,0,0,0,0,0,0,1,0,26.6337082862854,0,1,1,0,3.4960513591766356,0,0,0,0,26.547527440388997,0,0,3.6447863578796382,228.99999886751175,27.61115900675456,0,0,226.20000351965427,0,0.0,4.089660553705125,138.7999953776598,0,0.0,0
Ca Mau_2008_summer_autumn,2008,Low,1,0,0,0,0,0,0,0,0,0,0,0,0,0,0,26.680895137786862,0,0,0,0,3.4585976521174113,0,0,0,0,26.59336102803548,0,0,3.5446868324279786,325.00000500679016,27.342150461106073,0,0,260.1999999284744,0,0.0,4.00403230530875,170.10000056028366,0,0.0,0
Long An_2008_winter_spring,2008,Medium,2,0,1,0,0,0,0,0,0,0,0,0,1,0,0,27.402103614807128,0,0,0,0,3.7514209429423016,0,0,0,0,26.222276306152345,0,0,4.692883453369141,16.100000262260437,24.81686010814848,0,0,15.90000021457672,0,0.0,3.7207883426121304,7.499999895691872,0,0.0,0
Long An_2008_summer_autumn,2008,High,0,0,0,0,0,0,0,0,0,0,0,0,0,1,0,26.770436382293703,0,1,1,1,3.665592972437541,0,0,0,0,26.6813045501709,0,0,3.9098997688293458,202.3999993801117,28.0948368254162,0,0,158.1000034585595,0,4.0,4.45382004692441,125.80000245571136,0,0.0,0
Long An_2008_main_season,2008,High,0,0,0,0,0,0,0,0,0,0,0,0,0,0,1,26.621375179290773,0,1,0,0,3.6720738410949703,1,0,0,0,26.543943150838217,0,0,3.6111038589477538,169.79999945312738,26.781245821998233,0,0,213.000005915761,0,0.0,3.932103645233881,147.80000237375498,0,0.0,0
Ca Mau_2008_main_season,2008,High,0,0,0,0,0,0,0,0,0,0,0,0,0,0,1,26.491728115081788,0,0,0,0,3.494229475657145,0,0,0,0,26.563360722859706,0,0,3.508029160499573,274.29999870061874,26.93570191519601,0,0,220.90000651031733,0,0.0,3.784278665270125,208.49999791383743,0,0.0,0
Tra Vinh_2009_main_season,2009,Medium,2,0,0,0,0,0,0,0,0,0,0,0,0,1,0,26.432749652862547,0,1,1,0,3.7671176274617513,0,1,0,0,26.766223271687824,0,0,4.093048677444458,133.30000014603138,26.95594460623605,0,0,190.5000026524067,0,0.0,3.4398402259463357,179.20000030100346,0,0.0,0
Ben Tre_2009_main_season,2009,High,0,0,0,0,0,0,0,0,0,0,0,0,0,1,0,26.38699932098389,0,1,1,0,3.797679805755615,0,1,0,0,26.830749003092446,0,0,4.044034070968628,119.09999755769968,26.848806472051713,0,0,182.80000281333923,0,0.0,3.3881186644236245,142.10000053793192,0,0.0,0
Ben Tre_2009_summer_autumn,2009,Medium,2,0,0,0,0,0,0,0,0,0,0,0,0,1,0,26.905020332336427,0,0,0,1,4.063736168543498,0,0,0,0,27.510749689737956,0,0,3.4032858753204347,238.3999938964844,27.54622577485584,0,0,175.20000282675028,0,0.0,3.7989649148214433,133.59999772906303,0,0.0,0
Bac Lieu_2009_main_season,2009,Medium,2,0,0,0,0,0,0,0,0,0,0,0,0,1,0,26.90987358093262,0,1,1,0,3.833300892512004,0,1,0,0,27.060220845540364,0,0,4.188288850784302,126.80000276863576,27.49200675601051,0,0,106.79999985545874,0,0.0,3.716989358266195,150.00000143051147,0,0.0,0
Ben Tre_2009_winter_spring,2009,High,0,0,0,0,0,0,0,0,0,0,1,0,0,0,0,24.63689556121826,1,0,0,0,3.089334019025167,1,0,1,1,23.992832565307616,0,1,4.068746638298035,111.80000407993792,25.2545588357108,0,1,46.00000359117985,0,0.0,2.973924097560701,0.8999999910593033,1,0.0,1
Tra Vinh_2009_summer_autumn,2009,High,0,0,0,0,0,0,0,0,0,0,0,0,0,1,0,26.875354385375974,0,1,1,1,4.100328795115153,0,0,0,0,27.482055536905925,0,0,3.3895817756652833,267.20000410079956,27.562789190383185,0,0,221.49999852478504,0,0.0,3.839556892712911,163.30000066757202,0,0.0,0
Kien Giang_2009_winter_spring,2009,High,0,1,0,0,1,1,0,0,1,1,0,1,0,0,0,24.74012537002563,1,0,0,0,3.820792826016744,1,0,1,1,23.950750986735027,0,1,4.080523948669434,64.60000026226044,25.688826333908807,0,1,43.499999061226845,0,0.0,3.560496460823786,10.700000181794168,1,0.0,1
An Giang_2009_winter_spring,2009,High,0,1,0,0,1,1,0,0,1,1,0,1,0,0,0,24.71018829345703,1,0,0,0,3.7053164641062417,1,0,1,1,23.82216631571452,0,1,4.175244030952453,61.499999538064,25.583635330200195,0,1,41.9000011831522,0,0.0,3.419326135090419,2.8000002428889275,1,0.0,1
An Giang_2009_summer_autumn,2009,High,0,0,0,0,0,0,0,0,0,0,0,0,0,0,0,27.180188274383543,0,0,1,1,3.993695783615112,0,0,0,0,27.443140029907227,0,0,3.455193462371826,222.09999549388883,28.131155649820965,0,0,173.90000136196613,0,0.0,4.295949629374912,132.39999878406525,0,0.0,0
Kien Giang_2009_summer_autumn,2009,Medium,2,0,0,0,0,0,0,0,0,0,0,0,0,0,0,27.306375312805176,0,0,0,1,4.1330153783162435,0,0,0,0,27.707138697306316,0,0,3.3769012260437012,217.09999978542328,28.016207195463636,0,0,216.9999991804361,0,0.0,4.328269913083031,129.49999791383743,0,0.0,0
Bac Lieu_2009_winter_spring,2009,High,0,1,0,0,1,0,0,0,1,0,0,0,0,0,1,24.697999286651612,1,0,0,0,3.144446365038554,1,0,0,0,24.195776621500652,0,1,4.024924387931824,93.7000025510788,25.645777202787855,0,1,96.5000053718686,0,0.0,3.202476280076163,0.0,0,0.0,0
Kien Giang_2009_main_season,2009,High,0,0,0,0,0,0,0,0,0,0,0,0,0,1,0,26.84304141998291,0,1,1,0,3.996050421396891,0,1,0,0,27.245193990071616,0,0,4.072260198593139,137.5999984741211,27.296564011346724,0,0,154.8999980688095,0,0.0,3.618758201599121,152.40000022947788,0,0.0,0
Soc Trang_2009_winter_spring,2009,Medium,2,1,0,0,1,1,0,0,1,1,0,1,0,0,0,24.431373882293705,1,0,0,0,2.915433343251546,1,0,1,1,23.8943603515625,0,1,4.023069853782654,90.30000289529562,25.310253597441175,0,1,66.80000002682209,0,0.0,3.002474171774728,0.6000000089406966,1,0.0,1
Soc Trang_2009_summer_autumn,2009,Medium,2,0,0,0,0,0,0,0,0,0,0,0,0,1,0,26.865334033966064,0,0,0,1,4.139533805847168,0,0,0,0,27.512279256184897,0,0,3.334250636100769,208.6999997496605,27.630591710408527,0,0,215.19999814033508,0,0.0,3.979900700705392,178.30000185966492,0,0.0,0
Soc Trang_2009_main_season,2009,Medium,2,0,0,0,0,0,0,0,0,0,0,0,0,1,0,26.49772882461548,0,0,0,0,3.683563979466756,0,1,0,0,26.731999969482423,0,0,4.077078008651734,138.1000002399087,27.059857595534552,0,0,149.00000101327896,0,0.0,3.5165863150642034,151.20000076293945,0,0.0,0
Tien Giang_2009_winter_spring,2009,Medium,2,0,0,0,0,0,0,0,0,0,1,0,0,0,0,24.655374813079835,1,0,0,0,3.136255153020223,1,0,1,1,23.827526728312176,0,1,4.130444326400757,111.80000407993792,25.143439156668528,0,1,46.00000359117985,0,0.0,3.0157344341278076,0.8999999910593033,1,0.0,1
Tien Giang_2009_summer_autumn,2009,Low,1,0,0,0,0,0,1,0,0,0,0,0,0,1,0,26.851103115081788,0,0,0,1,4.06964290936788,0,0,0,0,27.431555302937827,0,0,3.4145670413970945,238.3999938964844,27.618043082101003,0,0,175.20000282675028,0,1.0,3.862647124699184,133.59999772906303,0,0.0,0
An Giang_2009_main_season,2009,High,0,0,0,0,0,0,0,0,0,0,0,0,0,1,0,26.83154125213623,0,1,1,0,4.053811613718668,0,1,0,0,27.277584075927734,0,0,4.125971889495849,124.8999994546175,27.008040564400808,0,0,146.19999933242798,0,0.0,3.449027833484468,140.7000020518899,0,0.0,0
Tra Vinh_2009_winter_spring,2009,Medium,2,0,0,0,0,0,0,0,0,0,1,0,0,0,0,24.504730033874512,1,0,0,0,2.97565545241038,1,0,1,1,23.98052673339844,0,1,4.071189532279968,101.90000580996276,25.3286623273577,0,1,46.3000048995018,0,0.0,2.9447313717433383,1.8000000566244128,1,0.0,1
Bac Lieu_2009_summer_autumn,2009,Low,1,0,0,0,0,0,0,0,0,0,0,0,0,0,0,27.262165832519532,0,0,0,1,4.383121522267659,0,0,0,0,28.02299919128418,0,0,3.5398860931396485,237.19999659061432,27.899943487984793,0,0,208.59999990463257,0,0.0,4.196429655665443,165.7000038176775,0,0.0,0
Vinh Long_2009_summer_autumn,2009,Low,1,0,0,0,0,0,0,0,0,0,0,0,0,1,0,26.89047842025757,0,1,1,1,3.984600559870402,0,0,0,0,27.41363919576009,0,0,3.319943461418152,242.1999996304512,27.741812933058966,0,0,169.70000039041042,0,1.0,3.8982741151537215,148.00000186264515,0,0.0,0
Long An_2009_summer_autumn,2009,Medium,2,0,0,0,0,0,0,0,0,0,0,0,0,1,0,26.928562450408936,0,1,1,1,3.976946234703064,0,0,0,0,27.443387730916346,0,0,3.4333687591552735,210.90000557899475,27.894341332571848,0,0,224.29999873787165,0,4.0,4.0714786279769175,137.7000009417534,0,0.0,0
Long An_2009_winter_spring,2009,Low,1,1,0,0,1,0,0,0,1,0,0,0,0,0,0,24.85991554260254,1,0,0,0,3.5484111388524373,1,0,0,0,23.91824951171875,0,1,4.28880621433258,81.90000382065773,25.307138806297665,1,1,44.000001057982445,0,0.0,3.2247070244380405,1.9000000357627869,0,0.0,0
Ca Mau_2009_summer_autumn,2009,Low,1,0,0,0,0,0,0,0,0,0,0,0,0,0,0,27.176311779022218,0,0,0,0,4.252704588572184,0,0,0,0,27.738777287801103,0,0,3.4303939723968506,263.9000025987625,27.64740816752116,0,0,254.3999981880188,0,0.0,4.019096964881534,162.50000021606684,0,0.0,0
Vinh Long_2009_winter_spring,2009,Medium,2,1,0,0,1,1,0,0,1,1,0,1,0,0,0,24.622874355316164,1,0,0,0,3.1984473705291747,1,0,1,1,23.756973520914713,0,1,4.125294289588928,96.39999851584436,25.21363894144694,0,1,30.500000804662708,0,0.0,3.0450137172426497,2.000000014901161,1,0.0,1
Hau Giang_2009_winter_spring,2009,Low,1,1,0,0,1,0,0,0,1,0,0,0,0,0,1,24.333582878112793,1,0,0,0,3.090395998954773,1,0,0,0,23.46927680969238,0,1,3.908040347099304,89.90000008046627,25.35961432684035,0,1,85.20000333338976,0,0.0,3.1703753017243885,0.6000000089406967,0,0.0,0
Hau Giang_2009_summer_autumn,2009,Medium,2,0,0,0,0,0,0,0,0,0,0,0,0,1,0,26.81983423233032,0,1,1,1,4.0042147477467855,0,0,0,0,27.309416071573892,0,0,3.284142827987671,233.20000737905505,27.606341589064822,0,0,204.30000045895576,0,0.0,3.9548935890197754,148.89999783039093,0,0.0,0
Can Tho_2009_summer_autumn,2009,Medium,2,0,0,0,0,0,0,0,0,0,0,0,0,1,0,26.88102035522461,0,1,1,1,3.9936331113179526,0,0,0,0,27.32397117614746,0,0,3.2960211706161497,210.99999862909317,27.730002993629093,0,0,175.8000030517578,0,0.0,3.965880859465826,138.1000015437603,0,0.0,0
Dong Thap_2009_summer_autumn,2009,Medium,2,0,0,0,0,0,0,0,0,0,0,0,0,0,0,27.105082988739017,0,0,1,1,3.981076018015544,0,0,0,0,27.404387791951496,0,0,3.4487474727630616,247.1000045537949,28.13734363374256,0,0,162.0999937057495,0,3.0,4.233956075849987,135.00000047683716,0,0.0,0
Dong Thap_2009_winter_spring,2009,High,0,1,0,0,1,0,0,0,1,0,0,0,0,0,0,24.762687015533448,1,0,0,0,3.607388973236084,1,0,0,0,23.84661013285319,0,1,4.236081876754761,82.59999920427799,25.496967406499955,1,1,36.000003688037395,0,0.0,3.339325229326884,7.1999999061226845,0,0.0,0
Ca Mau_2009_main_season,2009,Medium,2,0,0,0,0,0,0,0,0,0,0,0,0,1,0,26.82099962234497,0,1,1,0,3.8187633832295735,0,1,0,0,27.06335957845052,0,0,4.057385120391846,137.50000045448542,27.35851932707287,0,0,220.60000085830688,0,0.0,3.624823252360026,175.09999385476112,0,0.0,0
Can Tho_2009_winter_spring,2009,Medium,2,0,0,0,0,0,0,0,0,0,1,0,0,0,0,24.351853370666504,0,0,0,0,3.121991459528606,1,0,0,0,23.617443084716797,0,1,3.9909643030166624,100.00000776350498,25.36551929655529,0,0,51.6999971345067,1,0.0,3.104880440802801,1.0000000298023224,1,0.0,1
Long An_2009_main_season,2009,Low,1,0,0,0,0,0,0,0,0,0,0,0,0,1,0,26.481269931793214,0,1,1,0,3.8589770952860514,0,1,0,0,26.86908238728841,0,0,4.026394834518433,108.60000245273112,26.93025271097819,0,0,166.20000119507313,0,0.0,3.4837042888005576,170.3999983072281,0,0.0,0
Ben Tre_2010_summer_autumn,2010,Low,1,0,0,0,0,0,0,0,0,0,0,0,0,0,0,26.88793706893921,0,0,0,0,4.034300851821899,0,0,0,0,28.065748977661137,0,0,3.5814756393432616,106.10000174492598,29.325490497407458,0,0,215.60000205039975,0,0.0,5.092193217504592,247.29999685287476,0,0.0,0
Hau Giang_2010_winter_spring,2010,Medium,2,1,1,1,1,0,0,1,1,0,0,0,1,0,0,25.585666179656982,1,0,0,0,4.024142344792684,0,0,0,0,26.331082916259767,0,0,5.114943351745605,11.000000648200512,25.650686445690337,1,0,1.4000000432133677,0,0.0,3.204398478780474,34.20000217854977,0,0.0,0
Kien Giang_2010_main_season,2010,Medium,2,0,0,0,0,0,0,0,0,0,0,0,0,1,0,26.83491735458374,0,1,1,1,3.6238911787668866,0,0,0,0,27.066029230753585,0,0,3.700474100112915,265.90000200271606,28.712734494890487,0,0,171.59999631345272,0,0.0,4.267248221806118,165.19999934732914,0,0.0,0
Tra Vinh_2010_main_season,2010,High,0,0,0,0,0,0,0,0,0,0,0,0,0,0,0,26.529833221435545,0,0,0,0,3.887994591395061,0,0,0,0,27.113166427612303,0,0,3.5993517875671386,282.6999990940094,28.978167034330824,0,0,263.6999955922365,0,0.0,4.53601800827753,220.19999504089355,0,0.0,0
Soc Trang_2010_main_season,2010,High,0,0,0,0,0,0,0,0,0,0,0,0,0,0,0,26.54241762161255,0,0,1,1,3.836601893107096,0,0,0,0,27.002694829305018,0,0,3.61572024345398,281.5000021457672,28.93069040207636,0,0,195.90000311285257,0,0.0,4.5145020257859,208.59999758005145,0,0.0,0
Tien Giang_2010_winter_spring,2010,Medium,2,1,1,1,0,0,0,1,0,0,0,0,1,0,0,25.60266532897949,0,0,0,0,4.227575413386027,0,0,0,0,26.302943420410156,0,0,4.878899040222168,20.20000077039003,26.064670471918017,0,0,1.3000000193715096,0,0.0,3.352734480585371,71.70000271499157,0,0.0,0
Tien Giang_2010_summer_autumn,2010,Medium,2,0,0,0,0,0,0,0,0,0,0,0,0,0,0,26.808395195007325,0,0,0,0,4.05253103574117,0,0,0,0,28.07419344584147,0,0,3.59144314289093,106.10000174492598,29.37320209684826,0,0,215.60000205039975,0,1.0,5.152014119284494,247.29999685287476,0,0.0,0
Tra Vinh_2010_summer_autumn,2010,Medium,2,0,0,0,0,0,0,0,0,0,0,0,0,0,0,26.91556215286255,0,0,0,0,3.9856812159220376,0,0,0,0,28.024139658610025,0,0,3.621568036079407,122.99999921023846,29.501679193405877,0,0,228.59999519586563,0,0.0,5.273621513730004,249.20000171661377,0,0.0,0
Kien Giang_2010_summer_autumn,2010,Medium,2,0,0,0,0,0,0,0,0,0,0,0,0,0,0,26.92991647720337,0,0,0,0,4.100604327519735,0,0,0,0,28.121444574991862,0,0,3.5381791400909424,171.59999729692936,29.494579496837797,0,0,202.40000231564045,0,4.0,5.070119301478068,282.79999816417694,0,0.0,0
Kien Giang_2010_winter_spring,2010,High,0,0,0,0,0,0,1,1,1,0,0,0,1,0,0,25.878562450408936,0,0,0,0,4.0736509164174395,0,0,0,0,26.595890045166016,0,0,5.060801944732666,17.700000509619716,26.301424843924387,0,0,6.400000177323818,0,0.0,3.696825050172352,36.899999529123306,0,0.0,0
Tra Vinh_2010_winter_spring,2010,High,0,1,1,1,1,0,0,1,1,0,0,0,1,0,0,25.596499538421632,1,0,0,0,4.214486185709635,0,0,0,0,26.15358378092448,0,0,4.789479694366455,9.10000041872263,25.658425376528783,1,0,2.6000001430511483,0,0.0,3.1960722378322055,53.59999975562096,0,0.0,0
Vinh Long_2010_summer_autumn,2010,Medium,2,0,0,0,0,0,0,0,0,0,0,0,0,0,0,26.821521472930907,0,0,0,0,3.98014718691508,0,0,0,0,28.031140009562176,0,0,3.5168377447128294,104.29999886453152,29.622567131405784,0,0,201.9000034034252,0,8.0,5.16268235161191,254.60000467300415,0,0.0,0
Vinh Long_2010_winter_spring,2010,High,0,1,1,1,1,0,0,1,1,0,0,0,1,0,0,25.611103534698486,1,0,0,0,4.16872402826945,0,0,0,0,26.4264165242513,0,0,4.9540565299987795,16.2000008970499,26.007885160900297,1,0,1.4000000059604645,0,0.0,3.322284068380083,59.39999779313803,0,0.0,0
Long An_2010_main_season,2010,High,0,0,0,0,0,0,0,0,0,0,0,0,0,0,0,26.5371036529541,0,0,0,0,3.934923537572225,0,0,0,0,27.136721928914387,0,0,3.572514419555664,234.10000294446945,29.58273379007975,0,0,252.09999771416187,0,10.0,4.802263941083636,192.19999964535236,0,0.0,0
Long An_2010_summer_autumn,2010,Medium,2,0,0,0,0,0,0,0,0,0,0,0,0,0,0,26.9773118019104,0,0,0,0,4.161689329147339,0,0,0,0,28.24977684020996,0,0,3.558332266807556,86.00000067800283,29.86924107869466,0,0,189.199999704957,0,12.0,5.232921191624233,216.5000032186508,0,0.0,0
Soc Trang_2010_summer_autumn,2010,High,0,0,0,0,0,0,0,0,0,0,0,0,0,0,0,26.854812812805175,0,0,0,0,3.903805732727051,0,0,0,0,28.017833709716797,0,0,3.6141334486007697,103.10000045597552,29.604500543503537,0,0,212.49999862909317,0,0.0,5.532173928760347,225.9000034332275,0,0.0,0
Soc Trang_2010_winter_spring,2010,High,0,1,1,1,1,0,0,1,1,0,0,0,1,0,0,25.585125064849855,1,0,0,0,4.241662438710531,0,0,0,0,26.081027221679687,0,0,4.815312690734864,4.8000000193715096,25.51025408790225,1,0,1.6000000536441803,0,0.0,3.229747102374122,42.60000041872263,0,0.0,0
Ben Tre_2010_winter_spring,2010,High,0,1,1,1,0,0,0,1,0,0,0,0,1,0,0,25.5775203704834,0,0,0,0,4.103965552647908,0,0,0,0,26.126305135091147,0,0,4.755950794219971,20.20000077039003,25.866661980038597,0,0,1.3000000193715096,0,0.0,3.26304761001042,71.70000271499157,0,0.0,0
Can Tho_2010_winter_spring,2010,High,0,1,1,1,1,0,0,1,1,0,0,0,1,0,0,25.461020374298094,1,0,0,0,3.998237005869547,0,0,0,0,26.159110005696615,0,0,4.9439685249328615,9.10000041872263,25.7460747673398,1,0,1.9000000804662704,0,0.0,3.2121511754535494,60.4000016823411,0,0.0,0
Ca Mau_2010_main_season,2010,High,0,0,0,0,0,0,0,0,0,0,0,0,0,0,0,26.65277042388916,0,0,0,0,3.68580961227417,0,0,0,0,27.0416940053304,0,0,3.5531031847000123,301.6999976634979,28.661991391863143,0,0,242.89999967813492,0,0.0,4.204039516903105,200.4000005722046,0,0.0,0
Ca Mau_2010_summer_autumn,2010,Medium,2,0,0,0,0,0,0,0,0,0,0,0,0,0,0,26.90214557647705,0,0,0,0,3.923556693394979,0,0,0,0,28.049332936604817,0,0,3.4419518327713012,180.50000239908695,29.39195224217006,0,0,269.300000667572,0,4.0,5.298055149260021,290.2999920845032,0,0.0,0
Bac Lieu_2010_winter_spring,2010,Low,1,1,1,1,1,0,0,1,1,0,0,0,1,0,0,25.8959153175354,1,0,0,0,4.304889678955078,0,0,0,0,26.258137385050457,0,0,4.975482654571533,4.000000014901161,25.817106156122115,1,0,1.600000023841858,0,0.0,3.438999056816101,33.5000029578805,0,0.0,0
Bac Lieu_2010_summer_autumn,2010,Medium,2,0,0,0,0,0,0,0,0,0,0,0,0,0,0,27.11206159591675,0,0,0,0,4.024552377065023,0,0,0,0,28.30438804626465,0,0,3.6691263771057128,133.4999968260527,29.570281164986746,0,0,220.1999990940094,0,0.0,5.679077897753034,258.00000405311584,0,0.0,0
An Giang_2010_winter_spring,2010,High,0,0,0,0,0,0,1,0,0,0,0,0,1,0,0,25.652271461486816,0,0,0,0,4.147739092508952,0,0,0,0,26.709528096516927,0,0,5.041210708618164,14.099999994039536,26.57093683878581,1,0,0.9000000208616257,0,0.0,3.755127271016439,51.89999878406525,0,0.0,0
An Giang_2010_summer_autumn,2010,High,0,0,0,0,0,0,0,0,0,0,0,0,0,1,0,26.98831386566162,0,0,0,0,4.0789295673370365,0,0,0,0,28.105222956339517,0,0,3.6489148807525633,102.20000033080578,29.662305741083053,0,0,166.60000009834766,0,10.0,5.137700500942412,185.3000032901764,0,0.0,0
Can Tho_2010_summer_autumn,2010,Medium,2,0,0,0,0,0,0,0,0,0,0,0,0,0,0,26.780498600006105,0,0,0,0,3.921384604771932,0,0,0,0,27.937998326619468,0,0,3.501848969459534,107.9999996945262,29.757880892072404,0,0,192.000000692904,0,10.0,5.270673070635114,204.20000314712524,0,0.0,0
Bac Lieu_2010_main_season,2010,Medium,2,0,0,0,0,0,0,0,0,0,0,0,0,0,0,26.846644783020015,0,0,1,1,3.858957227071126,0,0,0,0,27.267999140421548,0,0,3.673357620239258,270.10000306367874,28.968495232718332,0,0,176.89999693632126,0,0.0,4.523621150425503,214.39999914169312,0,0.0,0
An Giang_2010_main_season,2010,High,0,0,0,0,0,0,0,0,0,0,0,0,0,1,0,26.954042530059816,0,1,1,1,3.841061989466349,0,0,0,0,27.220361328125,0,0,3.66854040145874,210.40000027418137,28.986413410731725,0,0,195.00000220537183,0,3.0,4.5041844844818115,144.69999996572733,0,0.0,0
Dong Thap_2010_winter_spring,2010,High,0,0,0,0,0,0,1,0,0,0,0,0,1,0,0,25.691332626342778,0,0,0,0,4.283602380752564,0,0,0,0,26.913694381713867,0,0,5.135189819335937,18.900000818073742,26.75252242315383,1,0,1.80000002682209,0,0.0,3.7993068354470383,61.99999950826168,0,0.0,0
Dong Thap_2010_summer_autumn,2010,Medium,2,0,0,0,0,0,0,0,0,0,0,0,0,0,0,26.999560928344728,0,0,0,0,4.083023564020793,0,0,0,0,28.14688860575358,0,0,3.618996238708496,89.00000032037497,29.78367433093843,0,0,169.0999991595745,0,11.0,5.2170262563796275,207.20000302791595,0,0.0,0
Long An_2010_winter_spring,2010,High,0,0,0,0,0,0,1,0,0,0,0,0,1,0,0,25.84887456893921,0,0,0,0,4.444257640838623,0,0,0,0,27.12366600036621,0,0,5.256712818145752,14.40000023692846,26.744340260823567,0,0,1.0999999940395355,0,0.0,3.872085991359892,85.49999555200338,0,0.0,0
Ben Tre_2010_main_season,2010,High,0,0,0,0,0,0,0,0,0,0,0,0,0,0,0,26.439708042144776,0,0,1,1,3.886742067337036,0,0,0,0,27.145471572875977,0,0,3.5415135288238524,263.2999985218048,29.00525329226539,0,0,218.00000128895044,0,0.0,4.525015388216291,206.6000043898821,0,0.0,0
Hau Giang_2010_summer_autumn,2010,Low,1,0,0,0,0,0,0,0,0,0,0,0,0,0,0,26.613999843597412,0,0,0,0,3.8159097830454503,0,0,0,0,27.74622319539388,0,0,3.3912927961349486,147.30000072717667,29.661698840913317,0,0,225.8000007867813,0,13.0,5.272625241960798,240.7999963760376,0,0.0,0
Soc Trang_2011_main_season,2011,Medium,2,0,0,0,0,0,0,0,0,0,0,0,0,0,0,26.572730445861815,0,1,0,0,3.667689927419026,0,0,0,0,26.72241605122884,0,0,3.5223835372924803,215.0000057965517,27.05271475655692,0,0,255.1999973654747,0,0.0,3.667747781390235,149.00000035762787,0,0.0,0
Soc Trang_2011_winter_spring,2011,High,0,0,0,0,0,0,0,0,0,0,1,0,0,0,0,25.08491611480713,1,0,0,0,3.5570335388183594,0,0,1,1,25.118806457519533,0,0,4.686830339431762,102.60000379383564,25.636246090843564,0,0,0.6000000089406967,0,0.0,2.778189119838533,3.70000022649765,1,0.0,1
Tra Vinh_2011_winter_spring,2011,Low,1,0,0,0,0,0,0,0,0,0,1,0,0,0,0,25.064625453948977,1,0,0,0,3.2902777791023254,0,0,1,1,25.093304951985676,0,0,4.596596527099609,119.09999972581863,25.73580514817011,0,0,2.6000001132488255,0,0.0,2.8875136999856856,6.500000283122063,1,0.0,1
Ben Tre_2011_winter_spring,2011,High,0,1,0,0,1,1,0,0,1,1,0,1,0,0,0,25.16918706893921,1,0,0,0,3.15776793162028,0,0,1,1,25.09172159830729,0,0,4.499235897064209,80.90000028908253,25.681245622180757,0,0,2.000000052154064,0,0.0,2.9578106800715127,9.09999980777502,1,0.0,1
Dong Thap_2011_winter_spring,2011,High,0,1,0,0,1,0,0,0,1,0,0,0,0,0,0,25.554770851135252,1,0,0,0,3.176377522945404,0,0,0,0,24.902582550048827,0,0,4.679623193740845,85.89999139308931,25.9891300201416,1,0,1.100000016391277,0,0.0,3.191346605618795,1.900000050663948,0,0.0,0
Dong Thap_2011_summer_autumn,2011,High,0,0,0,0,0,0,0,0,0,0,0,0,0,1,0,26.907165622711183,0,1,1,0,3.5251363039016725,0,1,0,0,26.891609700520835,0,0,3.8238015842437743,155.79999721050262,27.451134182157972,0,0,188.3999985009432,0,0.0,4.270704961958385,116.90000016987324,0,0.0,0
Tra Vinh_2011_summer_autumn,2011,High,0,0,0,0,0,0,0,0,0,0,0,0,0,1,0,26.751811981201172,0,0,0,1,3.3469114303588867,0,0,0,0,26.752611923217778,0,0,3.6884247779846193,230.69999900460243,27.43719418843587,0,0,201.300000667572,0,0.0,4.467452923456828,149.0000003874302,0,0.0,0
Ca Mau_2011_summer_autumn,2011,High,0,0,0,0,0,0,0,0,0,0,0,0,0,0,0,27.08235397338867,0,0,0,1,3.206019647916158,0,0,0,0,26.913776652018228,0,0,3.5694810009002684,241.90000462532043,27.142249061947776,0,0,164.99999353289604,0,0.0,4.301250083105905,202.4999963194132,0,0.0,0
Ca Mau_2011_main_season,2011,High,0,0,0,0,0,0,0,0,0,0,0,0,0,0,0,26.846103954315183,0,1,0,0,3.593650754292806,0,0,0,0,27.011554590861003,0,0,3.454617614746094,233.9000001102686,27.14443215869722,0,0,282.4000018835068,0,0.0,3.6647334780011858,125.39999374747276,0,0.0,0
Soc Trang_2011_summer_autumn,2011,High,0,0,0,0,0,0,0,0,0,0,0,0,0,1,0,26.77699966430664,0,1,1,1,3.292451326052348,0,0,0,0,26.780750401814775,0,0,3.612633247375488,210.29999795556068,27.36819012959798,0,0,178.5000013113022,0,0.0,4.5039065565381735,179.70000357925892,0,0.0,0
Tien Giang_2011_summer_autumn,2011,Medium,2,0,0,0,0,0,0,0,0,0,0,0,0,1,0,26.6866247177124,0,1,1,1,3.4058565219243366,0,0,0,0,26.712944412231444,0,0,3.714342222213745,219.899995803833,27.63917314438593,0,0,180.20000088214871,0,0.0,4.457891055515835,142.39999397099018,0,0.0,0
Long An_2011_summer_autumn,2011,High,0,0,0,0,0,0,0,0,0,0,0,0,0,1,0,26.760436534881592,0,1,1,1,3.628740127881368,0,0,0,0,26.91172243754069,0,0,3.785356388092041,218.2000029087067,28.07737704685756,0,0,216.9000000357628,0,1.0,4.4916612307230634,148.40000176429749,0,0.0,0
Ben Tre_2011_main_season,2011,High,0,0,0,0,0,0,0,0,0,0,0,0,0,0,0,26.586792373657225,0,1,0,0,3.749402268727621,0,0,0,0,26.769083658854168,0,0,3.6123046684265137,185.6999945193529,27.008824484688898,0,0,258.39999437332153,0,0.0,3.6605540741057623,137.7000037431717,0,0.0,0
Ben Tre_2011_summer_autumn,2011,High,0,0,0,0,0,0,0,0,0,0,0,0,0,1,0,26.744708824157716,0,1,1,1,3.3753108580907187,0,0,0,0,26.76436093648275,0,0,3.698054685592651,219.899995803833,27.525490987868537,0,0,180.20000088214871,0,0.0,4.394432805833363,142.39999397099018,0,0.0,0
Bac Lieu_2011_main_season,2011,Medium,2,0,0,0,0,0,0,0,0,0,0,0,0,0,0,26.93612413406372,0,1,0,0,3.737076155344645,0,0,0,0,27.082582600911454,0,0,3.5768771886825563,204.00000975281,27.36264183407738,0,0,230.4999965429306,0,0.0,3.775617383775257,138.6000018119812,0,0.0,0
Bac Lieu_2011_summer_autumn,2011,High,0,0,0,0,0,0,0,0,0,0,0,0,0,0,0,27.1721661567688,0,0,1,0,3.400904162724813,0,1,0,0,27.15022201538086,0,0,3.723858833312988,180.4999946653843,27.32137153262184,0,0,162.00000190734863,0,0.0,4.487101986294701,178.00000957399607,0,0.0,0
Bac Lieu_2011_winter_spring,2011,High,0,1,0,0,1,1,0,0,1,1,0,1,0,0,0,25.45539484024048,1,0,0,0,3.778155899047852,0,0,1,1,25.42147076924642,0,0,4.7859218788146975,59.69999951124191,25.899248486473446,0,0,2.2000000998377804,0,0.0,2.942831107548305,2.8000000789761543,1,0.0,1
Vinh Long_2011_winter_spring,2011,High,0,1,0,0,1,1,0,0,1,1,0,1,0,0,0,25.16245851516724,1,0,0,0,3.065983867645264,0,0,1,1,24.802528127034503,0,0,4.57395299911499,93.09999990463255,25.69449288504464,0,0,1.1000000089406967,0,0.0,2.959047175589062,1.8000000417232511,1,0.0,1
Tra Vinh_2011_main_season,2011,High,0,0,0,0,0,0,0,0,0,0,0,0,0,0,0,26.58712482452393,0,1,0,0,3.74985564549764,0,0,0,0,26.758166122436524,0,0,3.613650875091553,209.6000021994114,27.0367975689116,0,0,249.50000643730164,0,0.0,3.70024950163705,158.6000018119812,0,0.0,0
Vinh Long_2011_summer_autumn,2011,High,0,0,0,0,0,0,0,0,0,0,0,0,0,1,0,26.72027063369751,0,1,1,0,3.3361626863479614,0,1,0,0,26.716694005330403,0,0,3.618279609680176,194.7000019103289,27.32326144263858,0,0,175.40000408887863,0,0.0,4.224701336451939,150.50000371783972,0,0.0,0
An Giang_2011_winter_spring,2011,High,0,1,0,0,1,0,0,0,1,0,0,0,0,0,0,25.392271041870117,1,0,0,0,3.1918805917104085,0,0,0,0,24.87050094604492,0,0,4.610268545150757,74.20000288635492,26.021432694934663,1,0,0.8000000268220901,0,0.0,3.2485478037879583,1.4000000283122065,0,0.0,0
An Giang_2011_summer_autumn,2011,High,0,0,0,0,0,0,0,0,0,0,0,0,0,1,0,26.930710124969483,0,1,1,0,3.555449891090393,0,1,0,0,26.947861099243163,0,0,3.837593536376953,146.49999749660492,27.430857703799298,0,0,164.4000022634864,0,0.0,4.308372735977173,118.49999940395357,0,0.0,0
Long An_2011_winter_spring,2011,High,0,1,0,0,1,0,0,0,1,0,0,0,0,0,0,25.800957775115968,1,0,0,0,3.2266000548998517,0,0,0,0,24.943944676717123,0,0,4.827879314422607,63.90000075101853,25.700888406662713,1,0,0.700000025331974,0,0.0,3.1304003567922685,2.6000000089406967,0,0.0,0
An Giang_2011_main_season,2011,High,0,0,0,0,0,0,0,0,0,0,0,0,0,1,0,26.958001136779785,0,1,1,0,3.767096360524496,0,1,0,0,27.14563954671224,0,0,3.7093734312057496,146.99999752640724,27.132047562372115,0,0,202.50000050663948,0,0.0,3.647527950150626,147.49999949336052,0,0.0,0
Long An_2011_main_season,2011,High,0,0,0,0,0,0,0,0,0,0,0,0,0,0,0,26.633249378204347,0,1,0,0,3.780768330891927,0,0,0,0,26.75491625467936,0,0,3.683193006515503,154.099999666214,27.016663142613,0,0,262.9999976158142,0,0.0,3.6650140455790927,182.89999735355377,0,0.0,0
Can Tho_2011_winter_spring,2011,High,0,1,0,0,1,1,0,0,1,1,0,1,0,0,0,24.8985200881958,1,0,0,0,3.089408294359843,0,0,1,1,24.71799926757813,0,0,4.524606246948242,95.99999640136956,25.711550576346266,0,0,0.800000011920929,0,0.0,2.894257613590786,9.899999640882015,1,0.0,1
Kien Giang_2011_summer_autumn,2011,High,0,0,0,0,0,0,0,0,0,0,0,0,0,1,0,26.939083290100097,0,1,1,0,3.4429500500361123,0,1,0,0,27.088110987345377,0,0,3.7633473443984986,184.70000106096268,27.255295253935316,0,0,172.29999525099993,0,0.0,4.370296012787592,144.7000008225441,0,0.0,0
Kien Giang_2011_winter_spring,2011,High,0,1,0,0,1,0,0,0,1,0,0,0,0,0,0,25.42304239273071,1,0,0,0,3.215756313006083,0,0,0,0,24.984361775716145,0,0,4.573606672286988,51.60000141710043,25.860650380452473,1,0,8.800000302493572,0,0.0,3.228429340180897,9.000000424683094,0,0.0,0
Hau Giang_2011_summer_autumn,2011,Low,1,0,0,0,0,0,0,0,0,0,0,0,0,1,0,26.655249977111815,0,1,1,1,3.1895418802897137,1,0,0,0,26.617471822102864,0,0,3.418403511047363,201.50000023841855,26.922115325927734,0,0,202.30000120401385,0,0.0,4.092662175496419,181.50000212341547,0,0.0,0
Tien Giang_2011_winter_spring,2011,High,0,1,0,0,1,1,0,0,1,1,0,1,0,0,0,25.230999279022218,1,0,0,0,3.1529627362887065,0,0,1,1,24.93141581217448,0,0,4.621300563812256,80.90000028908253,25.507923943655832,0,0,2.000000052154064,0,0.0,2.9734591302417575,9.09999980777502,1,0.0,1
Can Tho_2011_summer_autumn,2011,Medium,2,0,0,0,0,0,0,0,0,0,0,0,0,1,0,26.668103408813476,0,1,1,0,3.2918008089065554,0,1,0,0,26.70952606201172,0,0,3.5127134227752688,191.1000019311905,27.13843518211728,0,0,170.89999893307686,0,0.0,4.175921735309419,140.80000322312117,0,0.0,0
Kien Giang_2011_main_season,2011,Medium,2,0,0,0,0,0,0,0,0,0,0,0,0,1,0,26.816479682922363,0,1,1,0,3.738202873865763,0,1,0,0,27.071723429361978,0,0,3.7125756406784056,199.20000330358744,27.261742546444847,0,0,196.1000013127923,0,0.0,3.7084757657278153,163.20000439882278,0,0.0,0
Hau Giang_2011_winter_spring,2011,Medium,2,1,0,0,1,1,0,0,1,1,0,1,0,0,0,24.939625453948977,1,0,0,0,3.1860427856445312,0,0,1,1,24.649278132120767,0,0,4.637849378585815,96.800001218915,25.540170215425036,0,0,1.8000000566244128,0,0.0,2.8333842697597684,7.600000090897083,1,0.0,1
Kien Giang_2012_winter_spring,2012,High,0,1,1,1,0,0,0,1,0,0,0,0,1,0,0,25.54783411026001,0,0,0,0,3.607324997584025,0,0,0,0,25.899500147501627,0,0,4.343422107696533,34.20000020414591,26.567197981334868,0,0,51.400000013411045,0,0.0,3.7091287658328103,98.29999835789204,0,0.0,0
Can Tho_2012_winter_spring,2012,High,0,1,1,1,1,0,0,1,1,0,0,0,1,0,0,25.44695701599121,1,0,0,0,3.204193639755249,0,0,0,0,25.19827740987142,0,0,4.368318662643433,74.80000168830155,26.378713698614213,1,0,37.00000002235174,0,0.0,3.4287380377451577,55.60000026226044,0,0.0,0
Can Tho_2012_summer_autumn,2012,Medium,2,0,0,0,0,0,0,0,0,0,0,0,0,1,0,26.862894821166993,0,1,1,0,3.6116647720336914,0,1,0,0,27.042860794067384,0,0,3.419554567337036,176.19999581575394,27.83268120175316,0,0,169.2999969124794,0,0.0,4.3220259462084085,136.200001552701,0,0.0,0
Ben Tre_2012_winter_spring,2012,High,0,1,1,1,1,1,0,1,1,1,0,1,1,0,0,25.74856252670288,1,0,0,0,3.2353596846262613,0,0,1,1,25.33463846842448,0,0,4.319343976974487,82.7999972179532,26.48838778904506,0,0,32.4999999627471,0,0.0,3.4664960361662365,29.699999660253525,1,0.0,1
Ben Tre_2012_summer_autumn,2012,High,0,0,0,0,0,0,0,0,0,0,0,0,0,1,0,26.86679105758667,0,1,1,1,3.658716328938802,0,0,0,0,27.017693964640294,0,0,3.5500061225891115,244.4000055193901,28.029359999157133,0,0,216.90000218153,0,0.0,4.43611817132859,135.80000358819962,0,0.0,0
Ben Tre_2012_main_season,2012,High,0,0,0,0,0,0,0,0,0,0,0,0,0,1,0,26.72251977920532,0,0,0,0,3.0670697053273517,0,1,0,0,25.96352793375651,0,0,3.860452642440796,161.7999997138977,26.99880481901623,0,0,169.40000676363707,0,0.0,3.5724415552048456,114.29999834299088,0,0.0,0
Hau Giang_2012_summer_autumn,2012,Low,1,0,0,0,0,0,0,0,0,0,0,0,0,0,1,26.843583869934083,0,1,0,0,3.6277896722157794,0,0,0,0,27.03552729288737,0,0,3.372146124839783,206.800000667572,27.67896034604027,0,0,218.399996727705,0,0.0,4.224888460976737,121.80000406503676,0,0.0,0
Hau Giang_2012_winter_spring,2012,High,0,1,1,1,1,0,0,1,1,0,0,0,1,0,0,25.27712554931641,1,0,0,0,3.2362332344055176,0,0,0,0,25.142195002237955,0,0,4.412288541793823,67.79999945312738,26.237293970017205,1,0,36.40000096708536,0,0.0,3.4415089743477956,63.60000210255384,0,0.0,0
Kien Giang_2012_main_season,2012,High,0,0,0,0,0,0,0,0,0,0,0,0,0,0,0,27.023146057128905,0,0,0,0,3.090210469563802,0,1,0,0,26.279222997029624,0,0,3.923639516830444,134.59999725222588,27.175730659848167,0,0,134.59999753534794,0,0.0,3.4233088890711465,68.10000044107437,0,0.0,0
Kien Giang_2012_summer_autumn,2012,High,0,0,0,0,0,0,0,0,0,0,0,0,0,0,0,27.276167392730713,0,0,1,1,3.841120131810506,0,0,0,0,27.18950055440267,0,0,3.6555269527435303,244.09999918937683,28.068191437494185,0,0,141.9000023007393,0,0.0,4.368488470713298,116.69999346137048,0,0.0,0
Ca Mau_2012_summer_autumn,2012,High,0,0,0,0,0,0,0,0,0,0,0,0,0,0,0,27.14589548110962,0,0,1,0,3.896733458836873,0,1,0,0,27.378221003214517,0,0,3.52046763420105,199.8999981880188,27.88580067952474,0,0,206.6999973654747,0,0.0,4.3035096895127065,132.6000001206994,0,0.0,0
Tra Vinh_2012_winter_spring,2012,High,0,1,1,1,1,0,0,1,1,0,0,0,1,0,0,25.67295789718628,1,0,0,0,3.278058934211731,0,0,0,0,25.188166681925455,0,0,4.4821749114990235,70.60000275075436,26.4739990234375,1,0,21.50000026077032,0,0.0,3.498428742090861,30.39999981969595,0,0.0,0
Ca Mau_2012_main_season,2012,High,0,0,0,0,0,0,0,0,0,0,0,0,0,1,0,26.873187160491945,0,0,0,0,3.028879451751709,0,1,0,0,26.17391675313314,0,0,3.7698560667037966,137.20000149309635,27.245126724243164,0,0,194.50001102685928,0,0.0,3.5892047314416793,109.59999895095824,0,0.0,0
Tra Vinh_2012_main_season,2012,High,0,0,0,0,0,0,0,0,0,0,0,0,0,1,0,26.67243633270264,0,0,0,0,3.13110073407491,0,1,0,0,26.05330607096354,0,0,3.861896991729736,179.90000189840794,27.080745606195357,0,0,192.50000563263893,0,0.0,3.630304251398359,131.59999719262123,0,0.0,0
Bac Lieu_2012_main_season,2012,High,0,0,0,0,0,0,0,0,0,0,0,0,0,1,0,26.918624019622804,0,0,0,0,3.187639252344767,0,1,0,0,26.366193771362305,0,0,3.931746788024902,137.39999762177467,27.446272622971307,0,0,173.4000043272972,0,0.0,3.8124987965538386,117.00000086426736,0,0.0,0
Vinh Long_2012_summer_autumn,2012,High,0,0,0,0,0,0,0,0,0,0,0,0,0,1,0,26.892146396636964,0,1,1,1,3.561131763458252,0,0,0,0,26.976694107055664,0,0,3.467011752128601,248.6000018119812,28.02812421889532,0,0,206.0999986976385,0,0.0,4.406740585962932,148.7999986410141,0,0.0,0
Vinh Long_2012_winter_spring,2012,High,0,1,1,1,1,0,0,1,1,0,0,0,1,0,0,25.770270824432373,1,0,0,0,3.245783726374308,0,0,0,0,25.468222045898436,0,0,4.340245079994202,74.39999966323377,26.42881774902344,1,0,32.99999901652336,0,0.0,3.4361738363901773,41.700001277029514,0,0.0,0
Bac Lieu_2012_summer_autumn,2012,High,0,0,0,0,0,0,0,0,0,0,0,0,0,0,0,27.30581216812134,0,0,1,1,3.9777129173278807,0,0,0,0,27.45133196512858,0,0,3.623794584274292,207.7000019699335,28.130102157592773,0,0,203.59999930858612,0,0.0,4.531688383647373,121.00000515580176,0,0.0,0
Bac Lieu_2012_winter_spring,2012,Medium,2,1,1,1,1,1,0,1,1,1,0,1,1,0,0,25.581228256225582,1,0,0,0,3.4687708775202433,0,0,1,1,25.23952662150065,0,0,4.572675886154175,69.60000055283308,26.677026839483354,0,0,13.299999982118608,0,0.0,3.780326741082328,29.89999969303608,1,0.0,1
An Giang_2012_winter_spring,2012,High,0,1,1,1,1,0,0,1,1,0,0,0,1,0,0,25.776645946502686,1,0,0,0,3.5626840750376383,0,0,0,0,26.1878604888916,0,0,4.2812205410003665,36.3000014424324,26.695143018450057,1,0,76.29999778419733,0,0.0,3.7115670499347506,67.49999870359898,0,0.0,0
An Giang_2012_summer_autumn,2012,High,0,0,0,0,0,0,0,0,0,0,0,0,0,0,0,27.101750469207765,0,0,1,1,3.692798980077108,0,0,0,0,27.143000666300455,0,0,3.7309279823303223,236.2999976277351,28.15079743521554,0,0,140.30000112205744,0,0.0,4.521389722824097,76.50000087171793,0,0.0,0
An Giang_2012_main_season,2012,High,0,0,0,0,0,0,0,0,0,0,0,0,0,0,0,27.19133367538452,0,0,0,0,3.1387998421986896,0,0,0,0,26.288555653889976,0,0,4.037948217391968,85.09999809414148,27.04603576660156,0,0,136.5000000819564,1,0.0,3.4051378624779836,73.29999835789204,0,0.0,0
Tien Giang_2012_summer_autumn,2012,Medium,2,0,0,0,0,0,0,0,0,0,0,0,0,1,0,26.854436111450195,0,1,1,1,3.67219352722168,0,0,0,0,26.924471282958983,0,0,3.5753209686279295,244.4000055193901,28.095523198445637,0,0,216.90000218153,0,0.0,4.479694082623436,135.80000358819962,0,0.0,0
Tien Giang_2012_winter_spring,2012,High,0,1,1,1,1,0,0,1,1,0,0,0,1,0,0,25.863394737243652,1,0,0,0,3.3086904207865397,0,0,0,0,25.47197227478027,0,0,4.364651422500611,82.7999972179532,26.38778523036412,1,0,32.4999999627471,0,0.0,3.484385399591355,29.699999660253525,0,0.0,0
Tra Vinh_2012_summer_autumn,2012,High,0,0,0,0,0,0,0,0,0,0,0,0,0,1,0,26.841396141052247,0,0,0,1,3.7110546906789144,0,0,0,0,27.095944086710613,0,0,3.564353895187378,235.80000522732735,28.06140036810012,0,0,227.89999881386757,0,0.0,4.473476954868862,134.6000010818243,0,0.0,0
Dong Thap_2012_winter_spring,2012,High,0,1,1,1,1,0,0,1,1,0,0,0,1,0,0,26.03227014541626,1,0,0,0,3.597870953877767,0,0,0,0,26.23396987915039,0,0,4.3262384366989135,56.39999957382679,26.696570532662527,1,0,78.50000857561827,0,0.0,3.671090795880272,55.90000111609697,0,0.0,0
Dong Thap_2012_summer_autumn,2012,High,0,0,0,0,0,0,0,0,0,0,0,0,0,0,0,27.09987363815308,0,0,1,1,3.63736941019694,0,0,0,0,27.09272143046061,0,0,3.693958959579468,246.69999796152115,28.338435581752233,0,0,177.10000002384186,0,0.0,4.561449391501291,112.90000185370444,0,0.0,0
Long An_2012_summer_autumn,2012,High,0,0,0,0,0,0,0,0,0,0,0,0,0,1,0,26.97502040863037,0,1,1,1,3.632839806874593,0,0,0,0,26.997970962524413,0,0,3.710917520523071,234.29999440908432,28.662694295247395,0,0,202.20000076293945,0,2.0,4.678925162269955,133.39999866485596,0,0.0,0
Soc Trang_2012_winter_spring,2012,High,0,1,1,1,1,1,0,1,1,1,0,1,1,0,0,25.54116621017456,1,0,0,0,3.3678131739298505,0,0,1,1,25.07686093648275,0,0,4.559887008666992,64.4000023752451,26.37652369907924,0,0,11.700000435113909,0,0.0,3.581215438388643,23.300001181662083,1,0.0,1
Soc Trang_2012_summer_autumn,2012,High,0,0,0,0,0,0,0,0,0,0,0,0,0,1,0,26.86679191589355,0,1,1,1,3.7526721159617105,0,0,0,0,27.15491752624512,0,0,3.5445279407501222,202.29999911785129,27.97553198678153,0,0,210.5,0,0.0,4.426727453867595,129.5000011920929,0,0.0,0
Long An_2012_winter_spring,2012,High,0,1,1,1,0,0,0,1,0,0,0,0,1,0,0,26.488770294189457,0,0,0,0,3.7397531032562257,0,0,0,0,26.389221572875975,0,0,4.465231556892395,41.50000025331974,26.43551090785435,0,0,51.90000052005052,0,0.0,3.647144147327968,52.500000543892384,0,0.0,0
Long An_2012_main_season,2012,High,0,0,0,0,0,0,0,0,0,0,0,0,0,1,0,26.94731149673462,0,0,0,0,3.108097505569458,0,1,0,0,26.014915974934897,0,0,4.017945556640625,134.09999775886536,27.022117342267716,0,0,174.70000664889812,0,0.0,3.615116845993769,114.39999878406525,0,0.0,0
Soc Trang_2012_main_season,2012,High,0,0,0,0,0,0,0,0,0,0,0,0,0,1,0,26.64189624786377,0,0,0,0,3.1183646519978843,0,1,0,0,26.05741653442383,0,0,3.8285795974731447,137.50000116974115,27.1379330044701,0,0,150.40000102669,0,0.0,3.6574537583759854,122.50000035762788,0,0.0,0
Vinh Long_2013_summer_autumn,2013,High,0,0,0,0,0,0,0,0,0,0,0,0,0,0,0,26.641521167755126,0,0,0,0,3.215003800392151,0,0,0,0,26.899472935994467,0,0,3.2122039699554445,194.40000331401825,27.85163470676967,0,0,233.69999665021896,0,0.0,4.212302707490467,197.0000023841858,0,0.0,0
Dong Thap_2013_winter_spring,2013,High,0,0,0,0,0,0,0,0,0,0,0,0,0,0,0,26.12456159591675,1,0,0,0,3.149559489885966,1,0,0,0,25.921331532796223,0,1,4.997046875953674,12.399999782443048,26.516512007940385,0,1,18.700000286102295,0,0.0,3.3105841761543635,0.5,0,0.0,0
Bac Lieu_2013_winter_spring,2013,High,0,0,0,0,0,0,0,0,0,0,0,0,0,0,0,25.6067494392395,0,0,0,0,3.375896422068278,0,0,0,0,25.747304153442386,0,0,4.982313094139099,39.90000205487013,26.30242347717285,1,0,14.300000429153442,1,0.0,3.295911499432155,3.000000193715095,0,0.0,0
Bac Lieu_2013_summer_autumn,2013,High,0,0,0,0,0,0,0,0,0,0,0,0,0,0,0,27.15570697784424,0,0,1,0,3.365538167953491,0,0,0,0,27.14577713012695,0,0,3.3402853488922117,228.4000033736229,27.91561762491862,0,0,207.09999731183052,0,0.0,4.342403968175252,194.20000410079956,0,0.0,0
Bac Lieu_2013_main_season,2013,Medium,2,0,0,0,0,0,0,0,0,0,0,0,0,1,0,26.40758180618286,0,1,1,1,3.484066677093506,0,0,0,0,26.700776545206704,0,0,3.930933504104614,246.20000171661377,27.652224676949636,0,0,134.1999979391694,0,0.0,3.7392299061729792,165.50000259280205,0,0.0,0
Long An_2013_winter_spring,2013,High,0,0,0,0,0,0,0,0,0,0,0,0,0,0,0,26.817728805541993,0,0,0,0,3.3602270762125652,1,0,0,0,26.427000045776367,0,0,5.1049191284179685,10.10000028461218,26.42559006100609,0,1,21.199999004602436,0,0.0,3.396497885386149,0.6000000238418579,0,0.0,0
Ben Tre_2013_summer_autumn,2013,High,0,0,0,0,0,0,0,0,0,0,0,0,0,0,1,26.64272832870483,0,0,0,0,3.214990584055583,0,0,0,0,26.830473073323567,0,0,3.308903007507324,183.80000658333304,27.931642441522506,0,0,209.300000526011,0,0.0,4.222426005772182,186.70000088214871,0,0.0,0
Ben Tre_2013_main_season,2013,High,0,0,0,0,0,0,0,0,0,0,0,0,0,0,1,25.864499473571776,0,0,0,0,3.73306269645691,0,0,0,0,26.620888010660806,1,0,3.554836540222168,212.50000566244125,27.31309091477167,0,0,195.20000249147415,0,0.0,3.6493283794039777,193.89999747276303,0,0.0,0
Ca Mau_2013_summer_autumn,2013,High,0,0,0,0,0,0,0,0,0,0,0,0,0,0,0,27.017040634155272,0,0,0,0,3.319690481821696,0,0,0,0,26.93641586303711,0,0,3.1967730045318605,328.7000000476837,27.64621807280041,0,0,272.099999666214,0,0.0,4.189115944362822,200.299999833107,0,0.0,0
Hau Giang_2013_winter_spring,2013,High,0,0,0,0,0,0,0,0,0,0,0,0,0,0,0,25.41722993850708,0,0,0,0,2.898182543118794,0,0,0,0,25.353583526611327,0,0,5.07075635433197,33.1999996304512,25.89899980454218,1,0,18.300001293420788,1,0.0,2.9946507953462147,4.800000011920929,0,0.0,0
Can Tho_2013_summer_autumn,2013,Medium,2,0,0,0,0,0,0,0,0,0,0,0,0,0,1,26.638103580474855,0,1,0,0,3.1605592091878254,0,0,0,0,26.81966603597005,0,0,3.1570348072052004,212.7999918460846,27.62008321852911,0,0,203.1999953389168,0,0.0,4.1766661689395,184.60000324249268,0,0.0,0
Can Tho_2013_winter_spring,2013,High,0,0,0,0,0,0,0,0,0,0,0,0,0,0,0,25.427478122711182,0,0,0,0,2.94592840274175,1,0,0,0,25.5231383005778,0,1,4.928876752853394,18.400000251829624,26.039130710420153,1,0,15.10000067949295,1,0.0,3.0319267170769826,2.200000047683716,0,0.0,0
Long An_2013_main_season,2013,High,0,0,0,0,0,0,0,0,0,0,0,0,0,0,0,26.016999626159667,0,0,1,1,3.824182160695394,0,0,0,0,26.740055338541666,1,0,3.6709547996521,214.49999809265137,27.551285153343564,0,0,216.29999575018883,0,0.0,3.9103599275861463,202.99999690055847,0,0.0,0
Long An_2013_summer_autumn,2013,High,0,0,0,0,0,0,0,0,0,0,0,0,0,0,0,26.75762481689453,0,1,0,0,3.3862956682840983,0,0,0,0,26.974916712443033,0,0,3.323106384277344,195.20000031590465,28.495927356538317,0,0,231.2999951839447,0,0.0,4.538519825254168,164.69999742507937,0,0.0,0
Ca Mau_2013_main_season,2013,High,0,0,0,0,0,0,0,0,0,0,0,0,0,0,0,26.223707389831542,0,0,0,1,3.3115888118743895,0,0,0,0,26.47322146097819,0,0,3.806663236618042,261.6000043153763,27.437883740379696,0,0,143.5000004172325,0,0.0,3.6393240860530303,201.10000205039975,0,0.0,0
Dong Thap_2013_summer_autumn,2013,High,0,0,0,0,0,0,0,0,0,0,0,0,0,0,1,26.826436233520507,0,1,0,0,3.41302060286204,0,0,0,0,27.09202702840169,0,0,3.274387640953064,195.8999953866005,28.1477605728876,0,0,225.89999900013208,0,0.0,4.477393933704922,188.30000638961792,0,0.0,0
Tien Giang_2013_winter_spring,2013,High,0,0,0,0,0,0,0,0,0,0,0,0,0,0,0,25.828395462036134,0,0,0,0,3.119450028737386,1,0,0,0,25.788777287801107,0,1,4.93644865989685,18.800000578165054,26.324590501331148,1,0,14.09999980032444,1,0.0,3.2677547307241532,1.2000000178813934,0,0.0,0
An Giang_2013_winter_spring,2013,High,0,0,0,0,0,0,0,0,0,0,0,0,0,0,0,25.822375106811524,1,0,0,0,3.1520777503649393,1,0,0,0,25.753278986612955,0,1,4.827207617759704,25.300000153481964,26.457445053827193,0,1,20.2999999076128,0,0.0,3.283974908647083,0.9000000283122064,0,0.0,0
Soc Trang_2013_main_season,2013,High,0,0,0,0,0,0,0,0,0,0,0,0,0,0,0,25.987833499908447,0,0,0,1,3.492333984375,0,0,0,0,26.42311045328776,0,0,3.699073944091797,237.59999990463257,27.31551197596959,0,0,153.00000171363354,0,0.0,3.565533479054769,172.69999945163727,0,0.0,0
Soc Trang_2013_summer_autumn,2013,High,0,0,0,0,0,0,0,0,0,0,0,0,0,0,1,26.74043788909912,0,0,0,0,3.1878203550974527,0,0,0,0,26.87644411722819,0,0,3.2240610790252684,221.9999986886978,27.7183895111084,0,0,216.10000050067904,0,0.0,4.269239595958164,199.8000016212463,0,0.0,0
An Giang_2013_main_season,2013,High,0,0,0,0,0,0,0,0,0,0,0,0,0,0,0,26.250500774383543,0,0,1,1,3.67958292166392,0,0,0,0,26.744112014770508,0,0,3.735084400177002,203.500001385808,27.419250215802872,0,0,154.89999961853027,0,0.0,3.831316936583746,190.100004889071,0,0.0,0
An Giang_2013_summer_autumn,2013,High,0,0,0,0,0,0,0,0,0,0,0,0,0,0,0,26.86716775894165,0,1,0,0,3.455268653233846,0,0,0,0,27.074944559733073,0,0,3.2657653856277467,183.49999807029965,28.00952820550828,0,0,232.6000005081296,0,0.0,4.516520795368013,183.39999914169312,0,0.0,0
Soc Trang_2013_winter_spring,2013,High,0,0,0,0,0,0,0,0,0,0,0,0,0,0,0,25.374707984924317,0,0,0,0,3.1896243413289387,1,0,0,0,25.50644442240397,0,1,4.931507811546326,31.899999663233753,26.037634440830775,1,0,16.899999916553494,1,0.0,3.1382786546434676,5.199999630451202,0,0.0,0
Tien Giang_2013_summer_autumn,2013,Medium,2,0,0,0,0,0,0,0,0,0,0,0,0,0,1,26.617458057403564,0,0,0,0,3.245272135734558,0,0,0,0,26.785166803995768,0,0,3.3246126699447633,183.80000658333304,28.071217219034832,0,0,209.300000526011,0,0.0,4.29514681725275,186.70000088214871,0,0.0,0
Tra Vinh_2013_main_season,2013,High,0,0,0,0,0,0,0,0,0,0,0,0,0,0,1,25.957958221435547,0,0,0,0,3.7005580107371014,0,0,0,0,26.58038787841797,1,0,3.599550652503967,232.90000367164612,27.298702149164107,0,0,212.0000012218952,0,0.0,3.616427830287389,190.1999969482422,0,0.0,0
Tra Vinh_2013_winter_spring,2013,High,0,0,0,0,0,0,0,0,0,0,0,0,0,0,0,25.4274377822876,0,0,0,0,3.091746167341868,1,0,0,0,25.562888209025065,0,1,4.80737949848175,20.700000315904617,26.198007946922665,1,0,21.100001409649852,1,0.0,3.157394772484189,4.0000001192092896,0,0.0,0
Kien Giang_2013_winter_spring,2013,High,0,0,0,0,0,0,0,0,0,0,0,0,0,0,0,25.79700002670288,1,0,0,0,3.174016547203064,1,0,0,0,25.73269526163737,0,1,4.872040824890137,29.20000073313713,26.287734167916433,0,1,23.900001011788845,0,0.0,3.2898459207443964,2.6000001281499867,0,0.0,0
Kien Giang_2013_summer_autumn,2013,High,0,0,0,0,0,0,0,0,0,0,0,0,0,0,0,26.978562831878666,0,0,0,0,3.3918079376220702,0,0,0,0,27.087138748168947,0,0,3.2013803195953368,265.80000054836273,27.905491965157644,0,0,246.8000001758337,0,0.0,4.447928258350918,224.30000281333923,0,0.0,0
Kien Giang_2013_main_season,2013,High,0,0,0,0,0,0,0,0,0,0,0,0,0,0,0,26.29950122833252,0,0,1,1,3.5368242343266805,0,0,0,0,26.80491714477539,0,0,3.608819456100464,333.2999954223633,27.54616710117885,0,0,146.3000011742115,0,0.0,3.760721797034854,216.6999945640564,0,0.0,0
Vinh Long_2013_winter_spring,2013,High,0,0,0,0,0,0,0,0,0,0,0,0,0,0,0,25.74631185531616,0,0,0,0,3.026545488834381,1,0,0,0,25.756000645955403,0,1,4.932164220809937,20.20000059902668,26.22842098417736,1,0,13.299999713897703,1,0.0,3.1491058610734486,1.0000000074505806,0,0.0,0
Ben Tre_2013_winter_spring,2013,High,0,0,0,0,0,0,0,0,0,0,0,0,0,0,0,25.604602813720703,0,0,0,0,3.060297155380249,1,0,0,0,25.691721725463868,0,1,4.746173148155212,18.800000578165054,26.31487637474423,1,0,14.09999980032444,1,0.0,3.2098485174633207,1.2000000178813934,0,0.0,0
Tra Vinh_2013_summer_autumn,2013,High,0,0,0,0,0,0,0,0,0,0,0,0,0,0,0,26.717645359039302,0,0,0,0,3.2070990165074664,0,0,0,0,26.861499404907228,0,0,3.3224374580383302,244.3000050187111,27.834912163870676,0,0,230.9999942779541,0,0.0,4.245860497156779,203.299999833107,0,0.0,0
Hau Giang_2013_summer_autumn,2013,Low,1,0,0,0,0,0,0,0,0,0,0,0,0,0,1,26.614729118347167,0,0,0,0,3.126196567217509,0,0,0,0,26.66649996439616,0,0,3.0777435445785524,280.50000125169754,27.378265834990003,0,0,223.49999926239252,0,0.0,4.083151976267497,185.39999866485596,0,0.0,0
Soc Trang_2014_main_season,2014,High,0,0,0,0,0,0,0,0,0,0,0,0,0,1,0,26.483459377288817,0,1,1,1,3.135860300064087,0,0,0,0,26.82838846842448,0,0,3.701060552597046,213.90000019222495,27.789223262241908,0,0,194.39999866485596,0,0.0,4.015392269407,144.10000157356262,0,0.0,0
Hau Giang_2014_summer_autumn,2014,Medium,2,0,0,0,0,0,0,0,0,0,0,0,0,0,0,27.03243741989136,0,0,0,0,3.3295949776967366,0,0,0,0,27.35663897196452,0,0,2.9523402786254884,206.9999968111515,28.46288826352074,0,0,247.39999914169312,0,4.0,4.714253232592628,170.099999204278,0,0.0,0
Soc Trang_2014_winter_spring,2014,High,0,1,0,0,1,1,0,0,1,1,0,1,0,0,0,23.469603633880617,1,0,0,0,3.536462116241455,1,0,1,1,24.727416865030925,0,1,4.922153034210205,26.100001148879528,25.62533342270624,0,1,3.0000000298023224,0,0.0,2.936700639270601,0.5000000149011612,1,0.0,1
Tien Giang_2014_summer_autumn,2014,Medium,2,0,0,0,0,0,0,0,0,0,0,0,0,0,0,26.96839532852173,0,0,0,0,3.6654649416605634,0,0,0,0,27.558361180623372,0,0,3.072864155769348,129.699998177588,28.854750406174432,0,0,232.7000049054623,0,2.0,4.808121567680722,153.30000627040863,0,0.0,0
Soc Trang_2014_summer_autumn,2014,High,0,0,0,0,0,0,0,0,0,0,0,0,0,0,1,27.14012489318848,0,0,0,0,3.59316512743632,0,0,0,0,27.5546391805013,0,0,3.091119990348816,186.70000422000885,28.922952924455917,0,0,202.39999967813492,0,1.0,5.014820541654315,158.00000045448542,0,0.0,0
Long An_2014_winter_spring,2014,High,0,1,0,0,1,1,0,0,1,1,0,1,0,0,0,24.484915256500244,1,0,0,0,3.857966295878093,1,0,1,1,26.24700050354004,0,1,4.904039430618286,8.400000251829624,25.78084900265648,0,1,1.500000037252903,0,0.0,3.1855358680089316,0.1000000014901161,1,0.0,1
Can Tho_2014_winter_spring,2014,High,0,1,0,0,1,1,0,0,1,1,0,1,0,0,0,23.34820690155029,1,0,0,0,3.278887947400411,1,0,1,1,24.858555221557616,0,1,4.8000811576843265,24.50000059604645,25.5585751306443,0,1,1.8000001087784767,0,0.0,2.8572530916758945,0.3000000044703483,1,0.0,1
Long An_2014_main_season,2014,High,0,0,0,0,0,0,0,0,0,0,0,0,0,0,0,26.426687240600582,0,0,1,1,3.2655072450637816,0,0,0,0,26.98783327738444,0,0,3.9129958009719847,217.4999968111515,28.384916214715865,0,0,192.00000271946192,0,0.0,4.403503701800392,219.49999797344208,0,0.0,0
Tien Giang_2014_winter_spring,2014,High,0,1,0,0,1,1,0,0,1,1,0,1,0,0,0,23.807666492462157,1,0,0,0,3.5162261962890624,1,0,1,1,25.207943725585935,0,1,4.781500053405762,23.900000102818012,25.61734844389416,0,1,3.300000138580799,0,0.0,2.9952610787891207,0.1000000014901161,1,0.0,1
Can Tho_2014_summer_autumn,2014,Medium,2,0,0,0,0,0,0,0,0,0,0,0,0,0,1,27.05206117630005,0,0,0,0,3.4535727977752684,0,0,0,0,27.44341557820638,0,0,3.0109159326553345,141.30000112205744,28.73843610854376,0,0,225.8000010997057,0,3.0,4.792709032694499,169.1999967172742,0,0.0,0
Ca Mau_2014_main_season,2014,High,0,0,0,0,0,0,0,0,0,0,0,0,0,0,0,26.797666168212892,0,1,0,0,3.047556479771932,0,0,0,0,27.02766571044922,0,0,3.596598973274231,208.799999833107,27.735206422351656,0,0,281.79999655485153,0,0.0,3.784026724951608,144.6999996304512,0,0.0,0
Ben Tre_2014_main_season,2014,High,0,0,0,0,0,0,0,0,0,0,0,0,0,1,0,26.379603004455568,0,1,1,1,3.2103389898935952,0,0,0,0,26.786304219563803,0,0,3.845701150894165,210.9000083208084,27.908824375697545,0,0,207.1000043898821,0,0.0,4.101963077272687,162.40000122785568,0,0.0,0
Ben Tre_2014_summer_autumn,2014,Medium,2,0,0,0,0,0,0,0,0,0,0,0,0,0,0,27.008874225616456,0,0,0,0,3.631810744603475,0,0,0,0,27.53213742574056,0,0,3.052457847595215,129.699998177588,28.923012324741908,0,0,232.7000049054623,0,3.0,4.80085259392148,153.30000627040863,0,0.0,0
Ca Mau_2014_summer_autumn,2014,Medium,2,0,0,0,0,0,0,0,0,0,0,0,0,0,0,27.438915634155272,0,0,0,0,3.461797587076823,0,0,0,0,27.743915557861328,0,0,3.055865831375122,270.90000081062317,28.458023252941313,0,0,202.50000166893005,0,1.0,4.736115466980707,153.00000023841858,0,0.0,0
Bac Lieu_2014_main_season,2014,Medium,2,0,0,0,0,0,0,0,0,0,0,0,0,1,0,26.928206825256343,0,1,1,1,3.2111440976460774,0,0,0,0,27.149249013264978,0,0,3.747368907928467,201.7000032067299,28.02355430239723,0,0,181.3000007867813,0,0.0,4.0082163243066695,148.20000157505274,0,0.0,0
Bac Lieu_2014_summer_autumn,2014,Medium,2,0,0,0,0,0,0,0,0,0,0,0,0,0,0,27.540290546417236,0,0,0,0,3.6713311195373537,0,0,0,0,27.918832143147785,0,0,3.1929919624328615,171.09999945759773,28.92176846095494,0,0,224.10000274330375,0,0.0,5.082614467257545,141.6000034213066,0,0.0,0
Bac Lieu_2014_winter_spring,2014,High,0,1,0,0,1,1,0,0,1,1,0,1,0,0,0,23.814457607269286,1,0,0,0,3.783658568064372,0,0,1,1,24.97799924214681,0,0,4.998996315002441,18.70000035315752,25.914328711373464,0,0,1.100000061094761,0,0.0,3.180113355318705,0.700000025331974,1,0.0,1
Long An_2014_summer_autumn,2014,Medium,2,0,0,0,0,0,0,0,0,0,0,0,0,0,0,27.133458137512207,0,0,0,0,3.895076036453247,0,0,0,0,27.846861139933267,0,0,3.0853238344192504,114.29999923706056,29.21586917695545,0,0,262.0999998450279,0,8.0,4.901142097654796,170.79999673366547,0,0.0,0
Hau Giang_2014_winter_spring,2014,High,0,1,0,0,1,1,0,0,1,1,0,1,0,0,0,23.35014581680298,1,0,0,0,3.2059362252553303,1,0,1,1,24.77969436645508,0,1,4.929592094421387,25.80000126361847,25.45554796854655,0,1,0.9000000059604645,0,0.0,2.841377547809056,0.9000000208616257,1,0.0,1
Ben Tre_2014_winter_spring,2014,High,0,1,0,0,1,1,0,0,1,1,0,1,0,0,0,23.70699968338013,1,0,0,0,3.4438709735870363,1,0,1,1,24.983665720621744,0,1,4.665710620880127,23.900000102818012,25.735511144002277,0,1,3.300000138580799,0,0.0,2.9666209391185214,0.1000000014901161,1,0.0,1
Vinh Long_2014_summer_autumn,2014,High,0,0,0,0,0,0,0,0,0,0,0,0,0,0,0,27.013500213623047,0,0,0,0,3.538291072845459,0,0,0,0,27.506138229370116,0,0,3.0157474088668823,148.90000293403864,28.708578836350213,0,0,256.4999998807907,0,2.0,4.723591089248657,161.3000027537346,0,0.0,0
Kien Giang_2014_winter_spring,2014,High,0,1,0,0,1,1,0,0,1,1,0,1,0,0,0,23.7165828704834,1,0,0,0,3.567159922917684,1,0,1,1,25.107972462972004,0,1,4.7867120742797855,47.69999883323908,25.776821227300736,0,1,4.400000095367432,0,0.0,3.3078800496600924,1.900000095367432,1,0.0,1
Vinh Long_2014_winter_spring,2014,High,0,1,0,0,1,1,0,0,1,1,0,1,0,0,0,23.72631206512451,1,0,0,0,3.4264073371887207,1,0,1,1,25.20433387756348,0,1,4.771296615600586,33.19999923557043,25.605900446573894,0,1,1.7000000402331352,0,0.0,2.927181567464556,0.0,1,0.0,1
An Giang_2014_winter_spring,2014,High,0,1,0,0,1,1,0,0,1,1,0,1,0,0,0,23.884042072296143,1,0,0,0,3.6165226141611737,1,0,1,1,25.430778630574544,0,1,4.711311025619507,24.39999985694885,25.81875501360212,0,1,0.3000000044703483,0,0.0,3.1857265006928217,0.0,1,0.0,1
Kien Giang_2014_main_season,2014,High,0,0,0,0,0,0,0,0,0,0,0,0,0,1,0,26.81981258392334,0,1,1,1,3.2768762667973834,0,0,0,0,27.195889790852863,0,0,3.66994122505188,207.59999914467335,28.16323098682222,0,0,172.4999999254942,0,0.0,4.18530087243943,162.79999954998493,0,0.0,0
An Giang_2014_main_season,2014,High,0,0,0,0,0,0,0,0,0,0,0,0,0,1,0,26.867374897003177,0,1,1,0,3.308251651128133,0,1,0,0,27.23675168355306,0,0,3.8788572263717658,189.40000219643116,28.35298029581706,0,0,172.89999900758266,0,0.0,4.344385885056996,146.79999828338623,0,0.0,0
An Giang_2014_summer_autumn,2014,High,0,0,0,0,0,0,0,0,0,0,0,0,0,0,0,27.348834228515624,0,0,0,0,3.641039792696635,0,0,0,0,27.817028681437176,0,0,3.2040514373779296,84.10000113397837,28.864488510858443,0,0,210.6999979019165,0,2.0,4.840647152491978,155.30000400543213,0,0.0,0
Tra Vinh_2014_main_season,2014,High,0,0,0,0,0,0,0,0,0,0,0,0,0,0,0,26.428375434875488,0,0,0,1,3.2182634830474854,0,0,0,0,26.787332916259764,0,0,3.829675407409668,258.7000003159046,27.85505031404041,0,0,229.90000148117545,0,0.0,4.075275932039533,193.79999728500843,0,0.0,0
Tra Vinh_2014_summer_autumn,2014,High,0,0,0,0,0,0,0,0,0,0,0,0,0,0,0,27.06202039718628,0,0,0,0,3.61293937365214,0,0,0,0,27.52650057474772,0,0,3.0965102195739744,160.20000183582306,29.015071596418107,0,0,279.299998909235,0,4.0,4.9129903089432485,192.39999988675115,0,0.0,0
Tra Vinh_2014_winter_spring,2014,High,0,1,0,0,1,1,0,0,1,1,0,1,0,0,0,23.58795795440674,1,0,0,0,3.42674986521403,1,0,1,1,24.760805384318033,0,1,4.786577386856079,30.000001691281792,25.73213531857445,0,1,2.700000062584877,0,0.0,2.938240635962713,0.6000000163912773,1,0.0,1
Dong Thap_2014_summer_autumn,2014,Medium,2,0,0,0,0,0,0,0,0,0,0,0,0,0,0,27.290394401550294,0,0,0,0,3.6731383403142295,0,0,0,0,27.790915807088215,0,0,3.1711733627319334,120.69999779760838,28.8508368900844,0,0,232.99999904632568,0,3.0,4.794121537889753,139.89999869465828,0,0.0,0
Dong Thap_2014_winter_spring,2014,High,0,1,0,0,1,1,0,0,1,1,0,1,0,0,0,24.06341581344605,1,0,0,0,3.661656141281128,1,0,1,1,25.70452626546224,0,1,4.785894098281861,26.099999420344833,25.821570895967028,0,1,0.9000000059604645,0,0.0,3.154649002211434,2.5,1,0.0,1
Kien Giang_2014_summer_autumn,2014,High,0,0,0,0,0,0,0,0,0,0,0,0,0,0,0,27.383042335510257,0,0,0,0,3.5527239004770914,0,0,0,0,27.868667475382487,0,0,3.192496647834778,111.99999856948853,28.51223882039388,0,0,230.69999499619007,0,0.0,4.857165086837042,130.89999914169312,0,0.0,0
Tra Vinh_2015_summer_autumn,2015,High,0,0,0,0,0,0,0,0,0,0,0,0,0,1,0,26.88441686630249,0,0,0,0,4.646240949630737,0,0,0,0,28.463028462727863,0,0,3.680824384689331,114.10000017285348,29.218939644949774,0,0,169.7000006735325,0,1.0,5.475015072595506,179.20000524818897,0,0.0,0
Tra Vinh_2015_main_season,2015,Low,1,0,0,0,0,0,0,0,0,0,0,0,0,0,0,27.12202091217041,0,0,1,0,3.6712187767028808,0,1,0,0,27.223582967122397,0,0,3.7599287319183343,192.5000038444996,28.796520233154297,0,0,214.80000706017017,0,3.0,4.679684627623785,124.10000076889992,0,0.0,0
Vinh Long_2015_summer_autumn,2015,High,0,0,0,0,0,0,0,0,0,0,0,0,0,1,0,26.949228382110597,0,0,0,0,4.656405464808146,0,0,0,0,28.797527694702147,0,0,3.628480215072632,78.80000095069408,29.184968221755256,0,0,111.90000052005053,0,1.0,5.20292379742577,143.40000084787607,0,0.0,0
An Giang_2015_main_season,2015,Low,1,0,0,0,0,0,0,0,0,0,0,0,0,0,0,27.579459571838377,0,0,0,0,4.0119070688883465,0,1,0,0,27.778000259399413,0,0,3.86273154258728,132.00000350922346,29.534528368995304,0,0,174.59999805688858,0,5.0,5.116009326208205,99.1999982893467,0,0.0,0
Tra Vinh_2015_winter_spring,2015,High,0,1,0,0,1,1,0,0,1,1,0,1,0,0,0,24.485770988464356,1,0,0,0,3.323323941230774,1,0,1,1,25.102055994669595,0,1,4.612033128738403,47.1000007763505,26.677968433925084,0,1,1.600000143051147,0,0.0,3.388430220740182,0.8000000268220901,1,0.0,1
Kien Giang_2015_main_season,2015,High,0,0,0,0,0,0,0,0,0,0,0,0,0,0,0,27.280437088012697,0,0,1,1,3.727356290817261,0,0,0,0,27.242416508992513,0,0,3.645024800300598,203.7999939918518,29.173052651541575,0,0,161.40000241994858,0,0.0,5.000308570407686,76.89999771118164,0,0.0,0
Ca Mau_2015_summer_autumn,2015,Low,1,0,0,0,0,0,0,0,0,0,0,0,0,0,0,27.12224931716919,0,0,0,0,4.317781782150268,0,0,0,0,28.19516576131185,0,0,3.673302097320557,122.59999798983335,28.949986594063898,0,0,186.300003439188,0,1.0,5.216015066419329,150.5999994277954,0,0.0,0
Can Tho_2015_summer_autumn,2015,Medium,2,0,0,0,0,0,0,0,0,0,0,0,0,1,0,26.915290355682373,0,0,0,0,4.63312733968099,0,0,0,0,28.768692270914713,0,0,3.58276312828064,68.30000042170286,29.03377260480608,0,0,122.20000061392784,0,0.0,5.19452885219029,144.2000038921833,0,1.0,0
An Giang_2015_summer_autumn,2015,Medium,2,0,0,0,0,0,0,0,0,0,0,0,0,0,0,27.211022281646727,0,0,0,0,4.8077886740366615,0,0,0,0,29.220361455281576,0,0,3.856926555633545,51.09999982267618,28.941273825509207,0,0,121.2999966442585,0,1.0,5.043401411601475,112.60000292956828,0,3.0,0
Kien Giang_2015_summer_autumn,2015,High,0,0,0,0,0,0,0,0,0,0,0,0,0,0,0,27.19262580871582,0,0,0,0,4.665071376164755,0,0,0,0,28.79811236063639,0,0,3.680505442619323,112.29999732971191,28.942793619065057,0,0,139.99999821186066,0,0.0,5.181251980009533,165.99999541044235,0,0.0,0
Bac Lieu_2015_winter_spring,2015,High,0,1,0,0,1,1,0,0,1,1,0,1,0,0,0,24.741123580932616,1,0,0,0,3.5524359305699664,1,0,1,1,25.271470642089845,0,1,4.871966180801391,82.49999988824129,26.79736428033738,0,1,1.3000000491738322,0,0.0,3.620515153521583,0.2000000029802322,1,0.0,1
Bac Lieu_2015_summer_autumn,2015,High,0,0,0,0,0,0,0,0,0,0,0,0,0,0,0,27.30935287475586,0,0,0,0,4.554310512542725,0,0,0,0,28.42688903808594,0,0,3.83958291053772,100.10000095516445,28.975042433965776,0,0,152.3000008314848,0,0.0,5.636640344347272,156.09999918937683,0,0.0,0
Bac Lieu_2015_main_season,2015,Low,1,0,0,0,0,0,0,0,0,0,0,0,0,0,0,27.347997856140136,0,0,1,0,3.7779174486796063,0,1,0,0,27.31466547648112,0,0,3.851708297729492,176.60000067949295,28.929011662801106,0,0,212.80000902712345,0,0.0,4.850682531084333,99.90000097453594,0,0.0,0
Ben Tre_2015_main_season,2015,High,0,0,0,0,0,0,0,0,0,0,0,0,0,0,0,27.111582374572755,0,0,1,0,3.661842711766561,0,1,0,0,27.29310963948568,0,0,3.722326250076294,164.10000005364418,28.79900269281297,0,0,193.39999828487635,0,2.0,4.657970632825579,98.29999940097332,0,0.0,0
Ben Tre_2015_summer_autumn,2015,Low,1,0,0,0,0,0,0,0,0,0,0,0,0,1,0,26.83043670654297,0,0,0,0,4.64925119082133,0,0,0,0,28.589638646443685,0,0,3.649910745620728,96.50000190734865,29.069638297671364,0,0,115.39999859035017,0,1.0,5.263874712444487,150.80000019073486,0,0.0,0
Ca Mau_2015_main_season,2015,Low,1,0,0,0,0,0,0,0,0,0,0,0,0,0,0,27.285687065124513,0,0,0,0,3.5236512819925943,0,0,0,0,27.172110748291015,0,0,3.5670936203002928,235.80000299215317,28.946812765938898,0,0,257.1999970972538,0,5.0,4.64779722122919,145.5000025331974,0,0.0,0
Can Tho_2015_winter_spring,2015,High,0,1,0,0,1,1,0,0,1,1,0,1,0,0,0,24.53747797012329,1,0,0,0,3.2407921314239503,1,0,1,1,25.08230349222819,0,1,4.59685170173645,43.50000113993883,26.583573750087194,0,1,2.100000001490116,0,0.0,3.2449124654134116,1.2000000029802322,1,0.0,1
Hau Giang_2015_winter_spring,2015,High,0,1,0,0,1,1,0,0,1,1,0,1,0,0,0,24.661291885375977,1,0,0,0,3.2753118515014648,1,0,1,1,25.093583424886067,0,1,4.698084707260132,50.29999975860119,26.394535609654017,0,1,2.100000098347664,0,0.0,3.2415024553026472,1.0,1,0.0,1
Vinh Long_2015_winter_spring,2015,High,0,1,0,0,1,1,0,0,1,1,0,1,0,0,0,24.90110445022583,1,0,0,0,3.342715263366699,1,0,1,1,25.40183359781901,0,1,4.594293193817139,40.20000080019235,26.600940431867325,0,1,1.600000075995922,0,0.0,3.246054388227917,0.5000000074505806,1,0.0,1
Dong Thap_2015_winter_spring,2015,Medium,2,1,0,0,1,1,0,0,1,1,0,1,0,0,0,25.22456188201904,1,0,0,0,3.555269400278727,1,0,1,1,25.782721583048502,0,1,4.6549618434906,28.30000051110983,26.78278078351702,0,1,2.000000052154064,0,0.0,3.2915070397513255,0.0,1,0.0,1
Dong Thap_2015_summer_autumn,2015,Medium,2,0,0,0,0,0,0,0,0,0,0,0,0,0,0,27.24133224487305,0,0,0,0,4.810660378138224,0,0,0,0,29.30536028544108,0,0,3.844408254623413,62.099999375641346,28.93069757734026,0,0,134.79999834299088,0,1.0,5.040405750274658,114.09999929368496,0,5.0,0
Ben Tre_2015_winter_spring,2015,High,0,1,0,0,1,1,0,0,1,1,0,1,0,0,0,24.483145809173585,1,0,0,0,3.3121715148289996,1,0,1,1,25.175332514444985,0,1,4.458826494216919,47.20000071078539,26.643349511282786,0,1,1.700000107288361,0,0.0,3.3171119803474065,0.4000000134110451,1,0.0,1
Long An_2015_main_season,2015,High,0,0,0,0,0,0,0,0,0,0,0,0,0,0,0,27.153666305541993,0,0,0,1,3.8537604649861654,0,0,0,0,27.60797233581543,0,0,3.800094709396362,226.70000183582303,29.50813120887393,0,0,214.4000014066696,0,9.0,4.988361767360142,125.5999996215105,0,0.0,0
Long An_2015_summer_autumn,2015,Medium,2,0,0,0,0,0,0,0,0,0,0,0,0,0,0,27.033874893188475,0,0,0,0,4.806448888778687,0,0,0,0,29.054221852620444,0,0,3.729172611236572,90.60000029206276,29.351187024797714,0,0,152.1000021994114,0,4.0,5.189338388897124,186.29999995231628,0,2.0,0
Long An_2015_winter_spring,2015,High,0,1,0,0,1,1,0,0,1,1,0,1,0,0,0,25.445229148864748,1,0,0,0,3.75866117477417,1,0,1,1,26.029220962524413,0,1,4.818145484924316,24.500000692903996,26.59374491373698,0,1,1.30000002682209,0,0.0,3.3475444203331355,0.0,1,0.0,1
Tien Giang_2015_winter_spring,2015,High,0,1,0,0,1,1,0,0,1,1,0,1,0,0,0,24.656519985198976,1,0,0,0,3.373186373710632,1,0,1,1,25.300861358642575,0,1,4.573893384933472,47.20000071078539,26.47915485927037,0,1,1.700000107288361,0,0.0,3.3302818820590065,0.4000000134110451,1,0.0,1
Hau Giang_2015_summer_autumn,2015,High,0,0,0,0,0,0,0,0,0,0,0,0,0,1,0,26.794833278656007,0,0,0,0,4.357416184743245,0,0,0,0,28.2428892771403,0,0,3.4770022296905516,97.70000022649764,29.076282047090075,0,0,166.60000014305115,0,4.0,5.187026182810466,163.50000125169754,0,0.0,0
Kien Giang_2015_winter_spring,2015,High,0,1,0,0,1,1,0,0,1,1,0,1,0,0,0,25.106583023071288,1,0,0,0,3.6988924980163578,1,0,1,1,25.492695617675786,0,1,4.613473243713379,40.19999960064888,26.7454715910412,0,1,10.40000008046627,0,0.0,3.438693568820045,1.8000000789761543,1,0.0,1
An Giang_2015_winter_spring,2015,High,0,1,0,0,1,1,0,0,1,1,0,1,0,0,0,25.064146518707275,1,0,0,0,3.5315502961476644,1,0,1,1,25.60161107381185,0,1,4.58064751625061,31.099999941885468,26.81637364342099,0,1,3.399999976158142,0,0.0,3.282323258263724,0.2000000029802322,1,0.0,1
Soc Trang_2015_main_season,2015,High,0,0,0,0,0,0,0,0,0,0,0,0,0,0,0,27.06033420562744,0,0,1,0,3.6787988185882567,0,1,0,0,27.17033322652181,0,0,3.7702798080444335,158.80000466108322,28.70926239376976,0,0,213.99999895691872,0,2.0,4.6627145040602915,116.20000372081996,0,0.0,0
Tien Giang_2015_summer_autumn,2015,Medium,2,0,0,0,0,0,0,0,0,0,0,0,0,1,0,26.84881238937378,0,0,0,0,4.678697379430135,0,0,0,0,28.629333114624025,0,0,3.677037687301636,96.50000190734865,28.9995911916097,0,0,115.39999859035017,0,1.0,5.26691334588187,150.80000019073486,0,0.0,0
Soc Trang_2015_winter_spring,2015,High,0,1,0,0,1,1,0,0,1,1,0,1,0,0,0,24.42689599990845,1,0,0,0,3.3756374677022296,1,0,1,1,25.010333760579428,0,1,4.76389100074768,57.60000289976597,26.574242455618723,0,1,1.8000001013278966,0,0.0,3.4813922132764543,0.4000000134110451,1,0.0,1
Soc Trang_2015_summer_autumn,2015,High,0,0,0,0,0,0,0,0,0,0,0,0,0,1,0,26.962833404541016,0,0,0,0,4.566724411646525,0,0,0,0,28.31047274271647,0,0,3.7221421241760257,85.89999850839376,29.053012757074264,0,0,150.20000159740448,0,1.0,5.566454069955008,133.20000112056732,0,0.0,0
Tra Vinh_2016_winter_spring,2016,Low,1,0,0,0,0,0,1,0,0,0,0,0,0,0,0,27.122021102905272,0,0,0,0,4.177614132563273,0,0,0,0,26.61747194925944,0,0,5.041967029571533,39.09999964386225,27.26993215651739,0,0,2.2000000178813934,0,0.0,3.850800332568941,0.7000000104308128,0,0.0,0
Kien Giang_2016_main_season,2016,Low,1,0,0,0,0,0,0,0,0,0,0,0,0,0,0,27.010959148406982,0,0,1,1,3.636155438423157,0,0,0,0,27.26713981628418,0,0,3.5798516178131106,327.1000028848648,27.972258885701496,0,0,181.80000472068787,0,0.0,3.5015016964503696,158.40000346302986,0,0.0,0
Vinh Long_2016_winter_spring,2016,Low,1,0,0,0,0,0,1,0,0,0,0,0,0,0,0,27.46870803833008,0,0,0,0,4.146795701980591,0,0,0,0,26.858500417073568,0,0,5.077272090911865,37.69999937713146,27.25570242745536,0,0,0.2000000029802322,0,0.0,3.8211471353258406,3.100000180304051,0,0.0,0
Soc Trang_2016_main_season,2016,Medium,2,0,0,0,0,0,0,0,0,0,0,0,0,1,0,26.72741641998291,0,1,1,1,3.629562783241272,0,0,0,0,27.099916712443033,0,0,3.774993600845337,227.40000641345975,27.871265956333705,0,0,149.60000002384186,0,0.0,3.498615582784017,150.99999859929085,0,0.0,0
Hau Giang_2016_summer_autumn,2016,High,0,0,0,0,0,0,0,0,0,0,0,0,0,0,0,26.728583335876465,0,0,0,0,3.820701837539673,0,0,0,0,27.677331924438477,0,0,3.2424399614334107,168.29999811947346,30.899892807006836,0,0,246.30000245571136,0,20.0,5.80608031863258,218.79999343305823,0,0.0,0
Hau Giang_2016_winter_spring,2016,Low,1,0,0,0,0,0,1,0,0,0,0,0,0,0,0,27.306186866760253,0,0,0,0,4.108793656031291,1,0,0,0,26.665110778808593,0,0,5.267484397888183,32.49999965727329,26.86606280008952,0,0,0.9000000357627869,0,0.0,3.5823743683951244,3.9000002145767216,0,0.0,0
Kien Giang_2016_winter_spring,2016,Low,1,0,0,0,0,0,1,0,0,0,0,0,0,0,0,27.552729892730714,0,0,0,0,4.1133716106414795,0,0,0,0,26.92811088562012,0,0,5.2232591247558595,31.900000393390656,27.158567882719495,0,0,0.2000000029802322,0,0.0,3.755967855453491,4.100000150501728,0,0.0,0
Kien Giang_2016_summer_autumn,2016,High,0,0,0,0,0,0,0,0,0,0,0,0,0,0,0,27.08554153442383,0,0,0,0,4.066662041346232,0,0,0,0,28.146722412109376,0,0,3.4926079082489014,228.30000168085095,30.814818609328498,0,0,235.3999993801117,0,18.0,6.059206758226667,288.4000034928322,0,0.0,0
Vinh Long_2016_summer_autumn,2016,Low,1,0,0,0,0,0,0,0,0,0,0,0,0,1,0,26.792458534240723,0,0,0,0,3.966146469116211,0,0,0,0,27.785166295369468,0,0,3.373058195114136,177.89999877661467,30.69062260219029,0,0,210.5000041499734,0,19.0,5.70729280653454,165.4000005722046,0,0.0,0
Bac Lieu_2016_winter_spring,2016,Low,1,0,0,0,0,0,1,0,0,0,0,0,0,0,0,27.267373466491694,0,0,0,0,4.362698268890381,0,0,0,0,26.80091565450033,0,0,5.4529296493530275,47.60000394284726,27.217601866949177,0,0,0.8999999761581421,0,0.0,3.831996293294998,0.300000011920929,0,0.0,0
Soc Trang_2016_winter_spring,2016,Low,1,0,0,0,0,0,1,0,0,0,0,0,0,0,0,27.062730026245116,0,0,0,0,4.229137484232584,0,0,0,0,26.542277654012043,0,0,5.299966049194336,43.29999995231629,27.049639474777948,0,0,0.4000000134110451,0,0.0,3.7216182493028183,1.0000000298023224,0,0.0,0
Bac Lieu_2016_main_season,2016,Low,1,0,0,0,0,0,0,0,0,0,0,0,0,0,0,27.030498695373534,0,0,0,0,3.80942653020223,0,1,0,0,27.527998606363933,0,0,3.9258535575866698,193.39999437332153,28.12643151056199,0,0,159.20000112056732,0,0.0,3.643548778125218,148.0000017285347,0,0.0,0
Dong Thap_2016_winter_spring,2016,Low,1,0,0,0,0,0,1,0,0,0,0,0,0,0,0,27.785498332977298,0,0,0,0,4.158676322301229,0,0,0,0,27.194665654500326,0,0,5.255758075714112,39.90000046789646,27.39250292096819,0,0,0.5,0,0.0,3.8339616571153914,0.7000000104308128,0,0.0,0
Dong Thap_2016_summer_autumn,2016,Medium,2,0,0,0,0,0,0,0,0,0,0,0,0,1,0,26.97154035568237,0,0,0,0,4.131033309300741,0,0,0,0,27.99647127787272,0,0,3.4585266494750977,143.79999758303163,31.295181183587935,0,0,190.0000019446015,0,21.0,6.036618437085833,139.99999699741602,0,0.0,0
Soc Trang_2016_summer_autumn,2016,Medium,2,0,0,0,0,0,0,0,0,0,0,0,0,1,0,26.971167182922365,0,0,0,0,3.892631451288859,0,0,0,0,27.774917348225912,0,0,3.464823365211487,170.69999960809946,30.10946010407947,0,0,200.4999989271164,0,7.0,5.793676535288493,173.8000067025423,0,0.0,0
Ca Mau_2016_main_season,2016,Medium,2,0,0,0,0,0,0,0,0,0,0,0,0,0,0,26.826312351226807,0,0,1,1,3.763434052467346,0,0,0,0,27.455165990193684,0,0,3.709650774002075,252.7999930381775,27.852963311331617,0,0,167.79999738931656,0,0.0,3.399054215067909,211.39999981224537,0,0.0,0
Ben Tre_2016_main_season,2016,Low,1,0,0,0,0,0,0,0,0,0,0,0,0,1,0,26.79470739364624,0,1,1,1,3.5898996194203696,0,0,0,0,27.00463778177897,0,0,3.6879860591888423,228.19999599456787,27.75713857014974,0,0,130.10000398755074,0,0.0,3.478368980543954,153.39999802410605,0,0.0,0
Ben Tre_2016_summer_autumn,2016,Low,1,0,0,0,0,0,0,0,0,0,0,0,0,1,0,26.783250045776366,0,0,0,0,4.040307839711507,0,0,0,0,27.781999588012695,0,0,3.4809279346466067,181.00000239908695,30.192357562837145,0,0,211.1000005751848,0,10.0,5.558011259351458,184.39999590069056,0,0.0,0
Ben Tre_2016_winter_spring,2016,Low,1,0,0,0,0,0,1,0,0,0,0,0,0,0,0,27.16991682052612,0,0,0,0,4.090977795918783,0,0,0,0,26.676860682169597,0,0,4.884098024368286,41.90000060200691,27.36894462222145,0,0,2.000000089406967,0,0.0,3.9003334726606096,2.099999986588955,0,0.0,0
Ca Mau_2016_summer_autumn,2016,Medium,2,0,0,0,0,0,0,0,0,0,0,0,0,0,0,27.235791206359863,0,0,0,0,4.000075594584147,0,0,0,0,28.020999272664387,0,0,3.4410901403427125,188.09999811649325,30.642446517944336,0,0,277.10000252723694,0,19.0,5.758321171715146,211.5999966263771,0,0.0,0
An Giang_2016_main_season,2016,Medium,2,0,0,0,0,0,0,0,0,0,0,0,0,0,0,27.204771041870117,0,0,1,0,3.4671441555023192,0,1,0,0,27.146612548828124,0,0,3.651569504737854,178.29999881982803,27.959626424880256,0,0,124.2999985218048,0,1.0,3.5130979220072427,144.10000152885914,0,0.0,0
Bac Lieu_2016_summer_autumn,2016,High,0,0,0,0,0,0,0,0,0,0,0,0,0,0,0,27.398623752593995,0,0,0,0,4.119069401423136,0,0,0,0,28.20216573079427,0,0,3.5704969596862792,172.29999995231628,30.02087656656901,0,0,207.3999999165535,0,0.0,5.922510328746977,145.59999465942383,0,0.0,0
Long An_2016_summer_autumn,2016,Medium,2,0,0,0,0,0,0,0,0,0,0,0,0,1,0,26.855333423614503,0,0,0,0,4.285542949040731,0,0,0,0,28.062139002482095,0,0,3.4998909425735474,166.29999916255474,31.01586859566825,0,0,194.199999332428,0,21.0,5.983442465464274,162.4000019133091,0,0.0,0
Long An_2016_main_season,2016,Low,1,0,0,0,0,0,0,0,0,0,0,0,0,1,0,26.854603385925294,0,1,1,0,3.5379148880640665,0,1,0,0,27.002416356404623,0,0,3.7641286563873297,184.5000019446015,28.14731725056966,0,0,139.90000192075968,0,3.0,3.6666616882596696,140.89999794960022,0,0.0,0
Tien Giang_2016_winter_spring,2016,Medium,2,0,0,0,0,0,1,0,0,0,0,0,0,0,0,27.400165367126466,0,0,0,0,4.214782635370891,0,0,0,0,26.84988797505697,0,0,5.028679332733154,41.90000060200691,27.278955550420857,0,0,2.000000089406967,0,0.0,3.92962722551255,2.099999986588955,0,0.0,0
Long An_2016_winter_spring,2016,Medium,2,0,0,0,0,0,0,0,0,0,0,0,0,0,0,28.189916038513186,0,0,0,0,4.204456440607706,0,0,0,0,27.556305185953775,0,0,5.194403285980225,26.900000900030136,27.265868686494372,0,0,0.0,0,0.0,3.843654677981422,0.5000000074505805,0,0.0,0
Can Tho_2016_summer_autumn,2016,Medium,2,0,0,0,0,0,0,0,0,0,0,0,0,1,0,26.83476972579956,0,0,0,0,3.880797036488851,0,0,0,0,27.7178596496582,0,0,3.3033662176132204,179.60000225901604,30.76829683213007,0,0,198.79999811947343,0,18.0,5.800455411275228,156.19999700784683,0,0.0,0
Tien Giang_2016_summer_autumn,2016,Medium,2,0,0,0,0,0,0,0,0,0,0,0,0,1,0,26.715791034698487,0,0,0,0,4.074940093358358,0,0,0,0,27.81072146097819,0,0,3.4892682361602785,181.00000239908695,30.297210148402623,0,0,211.1000005751848,0,14.0,5.623759655725388,184.39999590069056,0,0.0,0
Tra Vinh_2016_summer_autumn,2016,Low,1,0,0,0,0,0,0,0,0,0,0,0,0,0,0,26.886499977111814,0,0,0,0,3.968504285812378,0,0,0,0,27.74469337463379,0,0,3.504892520904541,192.59999515116215,30.11715434846424,0,0,230.8000016212463,0,7.0,5.6239740280877974,236.39999514818192,0,0.0,0
Tra Vinh_2016_main_season,2016,Medium,2,0,0,0,0,0,0,0,0,0,0,0,0,1,0,26.770874309539796,0,1,1,1,3.629440148671468,0,0,0,0,27.049834060668942,0,0,3.722940130233765,282.19999611377716,27.827572050548735,0,0,166.59999787807465,0,0.0,3.489873131116231,170.30000281333923,0,0.0,0
An Giang_2016_summer_autumn,2016,Low,1,0,0,0,0,0,0,0,0,0,0,0,0,0,0,27.006854724884032,0,0,0,0,4.131195116043091,0,0,0,0,28.022444407145183,0,0,3.4698754596710204,140.80000092834234,31.3415717170352,0,0,199.9999995008111,0,21.0,6.035916759854271,137.19999885559082,0,0.0,0
An Giang_2016_winter_spring,2016,Medium,2,0,0,0,0,0,1,0,0,0,0,0,0,0,0,27.638521003723145,0,0,0,0,4.075375334421794,0,0,0,0,27.034389623006184,0,0,5.209865779876709,28.89999931305647,27.375997089204333,0,0,0.2000000029802322,0,0.0,3.811246043159848,1.100000016391277,0,0.0,0
Can Tho_2016_winter_spring,2016,Medium,2,0,0,0,0,0,1,0,0,0,0,0,0,0,0,27.16070728302002,0,0,0,0,4.051664749781291,0,0,0,0,26.58355458577474,0,0,5.136628818511963,32.30000078678131,27.086947123209637,0,0,0.1000000014901161,0,0.0,3.7113377139681862,3.000000111758709,0,0.0,0
Tra Vinh_2017_winter_spring,2017,Medium,2,0,0,0,0,0,0,0,0,0,1,0,0,0,0,25.71585350036621,0,0,0,0,3.886682144800822,1,0,0,1,26.397707112630208,0,0,4.479896564483642,168.20000058412552,26.570131211053756,0,1,10.100000470876694,0,0.0,3.1891693558011736,106.2000030875206,0,0.0,1
Soc Trang_2017_summer_autumn,2017,Medium,2,0,0,0,0,0,0,0,0,0,0,0,0,0,0,26.900229263305665,0,1,0,0,3.470369005203247,0,0,0,0,27.420889536539715,0,0,2.911566300392151,314.59999990463257,28.42215937659854,0,0,285.90000569820404,0,0.0,4.694487390064058,171.09999787807465,0,0.0,0
Soc Trang_2017_main_season,2017,High,0,0,0,0,0,0,0,0,0,0,0,0,0,0,0,26.38179178237915,0,0,0,0,3.2895445505777996,0,0,0,0,26.646444829305015,0,0,3.150643138885498,228.40000146627423,27.393984658377512,0,0,310.30000400543213,0,0.0,3.4102004823230563,229.7999986410141,0,0.0,0
Ca Mau_2017_winter_spring,2017,Low,1,0,0,0,0,0,0,0,0,0,1,0,0,0,0,25.79468822479248,0,0,0,0,3.7109084129333496,0,0,0,1,26.365968831380208,0,0,4.54155161857605,128.50000283122063,26.248896008446103,0,0,46.299998730421066,0,0.0,3.029412022658757,98.1000003144145,0,0.0,1
Ca Mau_2017_main_season,2017,Medium,2,0,0,0,0,0,0,0,0,0,0,0,0,0,0,26.765626525878908,0,0,0,0,3.3049455801645915,0,0,0,0,26.995834604899088,0,0,2.836788125038147,284.9999929070473,27.521072206043065,0,0,328.19999980926514,0,0.0,3.202620233808245,240.90001118183136,0,0.0,0
Tra Vinh_2017_main_season,2017,Low,1,0,0,0,0,0,0,0,0,0,0,0,0,0,0,26.4443959236145,0,0,0,0,3.276845661799113,0,0,0,0,26.87866579691569,0,0,3.1536155796051024,243.80000680685043,27.50469852629162,0,0,261.0000003129244,0,0.0,3.4331126780737016,224.9000024795532,0,0.0,0
An Giang_2017_main_season,2017,Low,1,0,0,0,0,0,0,0,0,0,0,0,0,0,0,26.77189683914185,0,1,0,0,3.4465285301208497,0,0,0,0,27.164361826578777,0,0,3.127256917953491,223.79999774694443,27.33448146638416,0,0,249.7000014781952,0,0.0,3.3609784557705833,162.49999678134918,0,0.0,0
An Giang_2017_summer_autumn,2017,Low,1,0,0,0,0,0,0,0,0,0,0,0,0,0,0,27.343770694732665,0,0,0,0,3.5125580787658692,0,0,0,0,27.476862080891927,0,0,2.9874271869659426,320.6000039577484,28.460571743193128,0,0,232.6999980211258,0,0.0,4.787278198060536,172.9999982714653,0,0.0,0
An Giang_2017_winter_spring,2017,Low,1,0,0,0,0,0,0,0,0,0,1,0,0,0,0,25.587938404083253,1,0,0,0,3.6333810488382974,1,0,1,1,26.366163380940755,0,1,4.328549327850342,135.70000138878822,26.70198894682385,0,1,33.99999999254942,0,0.0,3.314548815999712,69.79999926686287,1,0.0,1
Tien Giang_2017_summer_autumn,2017,High,0,0,0,0,0,0,0,0,0,0,0,0,0,0,0,27.110104751586913,0,0,0,0,3.6024580001831055,0,0,0,0,27.346667098999024,0,0,2.964987692832947,283.79999750852585,28.529207502092635,0,0,318.3000059425831,0,3.0,4.680599655423846,154.09999859333038,0,0.0,0
Tien Giang_2017_winter_spring,2017,Low,1,0,0,0,0,0,0,0,0,0,1,0,0,0,0,25.527917289733885,0,0,0,0,3.827791881561279,1,0,0,1,26.449858093261717,0,0,4.423475246429444,154.40000665187836,26.512089956374396,0,1,15.200000457465649,0,0.0,3.2141457966395786,86.6999988257885,0,0.0,1
Tra Vinh_2017_summer_autumn,2017,Low,1,0,0,0,0,0,0,0,0,0,0,0,0,0,0,27.098353385925293,0,0,0,0,3.416163698832194,0,0,0,0,27.4814453125,0,0,2.8934513425827024,291.5999995470047,28.719580059959775,0,0,263.90000158548355,0,0.0,4.603986138389224,149.8000042438507,0,0.0,0
Ca Mau_2017_summer_autumn,2017,Low,1,0,0,0,0,0,0,0,0,0,0,0,0,0,0,27.2131254196167,0,0,0,0,3.4129512230555217,0,0,0,0,27.71694564819336,0,0,2.942498025894165,339.4000070095062,28.547956920805433,0,0,282.9000151157379,0,0.0,4.6700259276798795,218.4999938607216,0,0.0,0
Soc Trang_2017_winter_spring,2017,Medium,2,0,0,0,0,0,0,0,0,0,1,0,0,0,0,25.608353519439696,1,0,0,0,3.922383117675781,1,0,1,1,26.35130653381348,0,1,4.7015610027313235,125.1000000834465,26.419580277942476,0,1,14.800000287592413,0,0.0,3.132185365472521,54.099998988211155,1,0.0,1
Bac Lieu_2017_main_season,2017,Low,1,0,0,0,0,0,0,0,0,0,0,0,0,0,0,26.634248638153075,0,0,0,0,3.3733575264612834,0,0,0,0,26.8817497253418,0,0,3.079248938560486,267.60000252723694,27.65857442220052,0,0,342.400000333786,0,0.0,3.422733261471703,218.90000414848328,0,0.0,0
Ben Tre_2017_winter_spring,2017,Medium,2,0,0,0,0,0,1,0,0,0,1,0,0,0,0,25.62714548110962,0,0,0,0,3.91563336054484,1,0,0,0,26.515856170654295,0,0,4.4559378242492675,154.40000665187836,26.584816796439036,0,0,13.200000427663326,0,0.0,3.190651780083066,92.5999960526824,0,0.0,1
Ben Tre_2017_summer_autumn,2017,Low,1,0,0,0,0,0,0,0,0,0,0,0,0,0,0,27.08287477493286,0,0,0,0,3.5336547056833902,0,0,0,0,27.32488924662272,0,0,2.9836455821990966,315.79999899864197,28.529909315563383,0,0,298.00000673532486,0,2.0,4.683339073544457,160.0000035762787,0,0.0,0
Vinh Long_2017_summer_autumn,2017,Medium,2,0,0,0,0,0,0,0,0,0,0,0,0,0,0,27.186061477661134,0,0,0,0,3.5908259391784667,0,0,0,0,27.361305491129556,0,0,2.9645507383346557,295.10000121593475,28.787990842546737,0,0,321.19999754428864,0,3.0,4.924952234540667,160.30000579357147,0,0.0,0
Can Tho_2017_summer_autumn,2017,Medium,2,0,0,0,0,0,0,0,0,0,0,0,0,0,0,27.162478256225587,0,0,0,0,3.441000970204671,0,0,0,0,27.409527206420897,0,0,2.8625499629974365,247.09999811649325,29.151034673055012,0,0,300.00000858306885,0,3.0,4.970251140140352,128.40000054985285,0,0.0,0
Bac Lieu_2017_summer_autumn,2017,Medium,2,0,0,0,0,0,0,0,0,0,0,0,0,0,0,27.128103256225582,0,0,0,0,3.421959654490153,0,0,0,0,27.736472193400065,0,0,2.967272653579712,352.70000553131104,28.59091586158389,0,0,266.800005197525,0,0.0,4.887433506193615,207.49999713897705,0,0.0,0
Bac Lieu_2017_winter_spring,2017,Medium,2,0,0,0,0,0,0,0,0,0,1,0,0,0,0,25.950603675842284,1,0,0,0,3.98382527033488,0,0,1,1,26.496749750773112,0,0,4.774964423179626,125.7999986112118,26.647464479718888,0,0,20.300000496208668,0,0.0,3.2126424312591553,63.200004279613495,1,0.0,1
Vinh Long_2017_winter_spring,2017,Low,1,0,0,0,0,0,1,0,0,0,1,0,0,0,0,25.631478786468502,0,0,0,0,3.823336140314738,1,0,0,0,26.539365386962892,0,1,4.392490882873535,139.1999986693263,26.518004644484748,0,0,34.20000143349171,0,0.0,3.140456795692444,69.2000018954277,1,0.0,1
Ben Tre_2017_main_season,2017,Low,1,0,0,0,0,0,0,0,0,0,0,0,0,0,0,26.22985429763794,0,0,0,0,3.5298080523808797,0,0,0,0,26.90822245279948,0,0,3.1803259468078613,246.19999942928553,27.329611551193963,0,0,296.0000100135803,0,0.0,3.477069536844889,269.3000068664551,0,0.0,0
Long An_2017_summer_autumn,2017,Low,1,0,0,0,0,0,0,0,0,0,0,0,0,0,0,27.325436878204343,0,0,0,0,3.723531166712443,0,0,0,0,27.63630510965983,0,0,3.029260778427124,209.20000038295984,29.255352928524925,0,0,342.30000096559525,0,5.0,4.905098211197626,167.10000264644623,0,0.0,0
Long An_2017_winter_spring,2017,Low,1,0,0,0,0,0,1,0,0,0,1,0,0,0,0,25.61397819519043,0,0,0,0,3.7455145200093583,1,0,0,0,26.511860783894857,0,0,4.556055030822754,145.39999682456255,26.621821176438104,0,0,20.400000356137753,0,0.0,3.3173519316173734,109.90000155568124,0,0.0,1
Kien Giang_2017_summer_autumn,2017,Medium,2,0,0,0,0,0,0,0,0,0,0,0,0,0,0,27.583395195007324,0,0,0,0,3.4953757921854653,0,0,0,0,27.896554946899418,0,0,3.137112030982971,257.7999973297119,28.5660590217227,0,0,399.5999948978424,0,0.0,4.910820563634236,221.90000349283216,0,0.0,0
Kien Giang_2017_winter_spring,2017,Low,1,0,0,0,0,0,0,0,0,0,1,0,0,0,0,25.523187255859376,0,0,0,0,3.72522611618042,1,0,0,1,26.370995966593423,0,0,4.369014463424683,146.79999753832817,26.63039325532459,0,1,33.70000025629997,0,0.0,3.3137754315421697,74.20000279694796,0,0.0,1
Hau Giang_2017_winter_spring,2017,Low,1,0,0,0,0,0,0,0,0,0,1,0,0,0,0,25.532749557495116,1,0,0,0,3.643080997467041,1,0,1,1,26.26025047302246,0,1,4.472657413482666,128.89999951422217,26.30148033868699,0,1,27.30000003427267,0,0.0,2.973773683820452,48.199998527765274,1,0.0,1
Hau Giang_2017_summer_autumn,2017,High,0,0,0,0,0,0,0,0,0,0,0,0,0,0,0,27.063896274566652,0,0,0,0,3.368808889389038,0,0,0,0,27.413583119710285,0,0,2.8043999528884886,302.40000104904175,28.59830647423154,0,0,327.10000228881836,0,0.0,4.846972783406575,140.7000017464161,0,0.0,0
Can Tho_2017_winter_spring,2017,Low,1,0,0,0,0,0,0,0,0,0,1,0,0,0,0,25.67445831298828,1,0,0,0,3.7426093419392905,1,0,1,1,26.39494374593099,0,1,4.437988739013672,151.9000006467104,26.487245468866256,0,1,28.500000827014446,0,0.0,3.074986594063895,44.80000111460686,1,0.0,1
Long An_2017_main_season,2017,Low,1,0,0,0,0,0,0,0,0,0,0,0,0,0,0,26.55626974105835,0,0,0,0,3.57324496905009,0,0,0,0,27.07005411783854,0,0,3.225042772293091,197.0000061839819,27.685907727196103,0,0,298.0999958515167,0,0.0,3.570011400041126,272.4000006914139,0,0.0,0
Dong Thap_2017_summer_autumn,2017,Medium,2,0,0,0,0,0,0,0,0,0,0,0,0,0,0,27.330228519439697,0,0,0,0,3.5408990065256756,0,0,0,0,27.453250376383465,0,0,3.005807552337646,296.6000154018402,28.360611143566313,0,0,284.30000817775726,0,0.0,4.799710478101458,173.00000575184822,0,0.0,0
Dong Thap_2017_winter_spring,2017,Low,1,0,0,0,0,0,0,0,0,0,1,0,0,0,0,25.64179105758667,1,0,0,0,3.66369457244873,1,0,1,1,26.43102264404297,0,1,4.285661563873291,136.4999991953373,26.678614843459357,0,1,28.700000397861004,0,0.0,3.2885253032048545,41.499999538064,1,0.0,1
Kien Giang_2017_main_season,2017,Low,1,0,0,0,0,0,0,0,0,0,0,0,0,0,0,26.941729164123537,0,0,0,0,3.599725103378296,0,0,0,0,27.337526830037437,0,0,3.226430368423462,268.70000556856394,27.704848244076683,0,0,360.6000039577484,0,0.0,3.4473849818820046,357.49999952316284,0,0.0,0
Dong Thap_2018_summer_autumn,2018,Medium,2,0,0,0,0,0,0,0,0,0,0,0,0,0,0,27.009707832336424,0,0,0,0,2.9257028261820475,0,0,0,0,27.11352666219075,0,0,3.1412681198120116,151.50000055134296,29.008229391915457,0,0,230.80000805854797,0,2.0,4.690881672359648,139.40000158548355,0,0.0,0
Tra Vinh_2018_summer_autumn,2018,High,0,0,0,0,0,0,0,0,0,0,0,0,0,0,0,27.006791877746583,0,0,1,0,2.9335216840108234,0,0,0,0,27.14936180114746,0,0,3.0441807460784913,150.19999907165766,28.579302197410943,0,0,200.0000078678131,0,0.0,4.705290238062541,143.40000593662262,0,0.0,0
Tra Vinh_2018_main_season,2018,Low,1,0,0,0,0,0,0,0,0,0,0,0,0,0,1,26.88106288909912,0,1,0,0,3.2309710025787353,0,0,0,0,26.529776763916015,0,0,3.12448844909668,135.70000219345093,27.76273473103841,0,0,216.3000032901764,0,0.0,3.51846022265298,161.10000844299793,0,0.0,0
An Giang_2018_winter_spring,2018,Medium,2,1,1,1,1,1,0,1,1,1,0,1,1,0,0,25.694917011260987,1,0,0,0,3.5494499683380125,0,0,1,1,25.53311297098795,0,0,4.3221198844909665,36.79999886453152,26.95412454150972,0,0,5.199999682605267,0,0.0,3.36452511378697,57.20000033825636,1,0.0,1
Ca Mau_2018_summer_autumn,2018,Low,1,0,0,0,0,0,0,0,0,0,0,0,0,0,0,26.957501029968263,0,1,0,0,2.9566267291704813,0,0,0,0,27.337639617919923,0,0,3.019680871963501,164.69999933242798,28.38099343436105,0,0,254.8999940156937,0,1.0,4.462115582965669,151.70000052452087,0,0.0,0
Dong Thap_2018_winter_spring,2018,Low,1,1,0,0,0,1,0,0,0,1,0,0,0,0,0,25.676270484924316,0,0,0,0,3.566748929023743,1,0,0,1,25.619638951619468,0,0,4.310544662475586,43.89999959617853,26.867158526466007,0,1,5.3999999687075615,0,0.0,3.338351834388006,80.900002643466,0,0.0,1
Soc Trang_2018_main_season,2018,Medium,2,0,0,0,0,0,0,0,0,0,0,0,0,1,0,26.824188232421875,0,0,0,0,3.091417662302653,0,1,0,0,26.33783327738444,0,0,3.2319475412368774,172.1000034213066,27.4146184467134,0,0,219.7000082731247,1,0.0,3.412681914511181,148.90000591427088,0,0.0,0
Soc Trang_2018_summer_autumn,2018,Medium,2,0,0,0,0,0,0,0,0,0,0,0,0,1,0,26.761166286468505,0,1,1,0,3.0468011140823363,0,1,0,0,27.13561096191406,0,0,2.9922581100463868,176.5000057220459,28.46541368393671,0,0,182.30000400543213,0,0.0,4.637518860044933,173.2000037431717,0,0.0,0
Soc Trang_2018_winter_spring,2018,Low,1,1,0,0,1,1,0,0,1,1,0,1,0,0,0,25.647000217437743,1,0,0,0,3.4497472763061525,1,0,1,1,25.439360936482743,0,1,4.612503643035889,93.60000412911177,26.65717924208868,0,1,4.7000002190470695,0,0.0,3.3134480260667347,36.89999996870756,1,0.0,1
Ben Tre_2018_winter_spring,2018,High,0,1,0,0,1,1,0,0,1,1,0,1,0,0,0,25.744958019256593,1,0,0,0,3.5157219727834064,1,0,1,1,25.536972173055013,0,1,4.457821445465088,58.80000031739474,26.61929357619513,0,1,3.3000000789761543,0,0.0,3.2372202419099354,35.300001069903374,1,0.0,1
Ben Tre_2018_summer_autumn,2018,Medium,2,0,0,0,0,0,0,0,0,0,0,0,0,0,0,26.865895462036132,0,1,0,0,2.933834671974182,0,0,0,0,26.893222681681316,0,0,2.915645422935486,168.30000281333923,28.521079744611463,0,0,241.80000746250153,0,0.0,4.63377723239717,128.90000420808792,0,0.0,0
Ben Tre_2018_main_season,2018,Low,1,0,0,0,0,0,0,0,0,0,0,0,0,0,0,26.66631202697754,0,0,0,0,3.209003694852193,0,0,0,0,26.33683344523112,0,0,3.011328363418579,150.70000571012497,27.44151515052432,0,0,287.0000009536743,1,0.0,3.5363824537822177,169.8000068217516,0,0.0,0
An Giang_2018_summer_autumn,2018,Low,1,0,0,0,0,0,0,0,0,0,0,0,0,0,0,27.007938957214357,0,0,1,0,2.930509861310323,0,1,0,0,27.190611775716143,0,0,3.1565776538848875,139.79999935626984,29.1838869367327,0,0,196.59999442100525,0,5.0,4.812434525716872,103.5000034570694,0,0.0,0
Can Tho_2018_winter_spring,2018,Low,1,1,0,0,1,1,0,0,1,1,0,1,0,0,0,25.562268829345705,1,0,0,0,3.370222465197245,1,0,1,1,25.375500361124676,0,1,4.381154537200928,99.19999687373638,26.682681492396764,0,1,3.700000122189522,0,0.0,3.206648900395348,46.60000082105398,1,0.0,1
Tien Giang_2018_winter_spring,2018,High,0,1,0,0,1,1,0,0,1,1,0,1,0,0,0,25.713021564483643,1,0,0,0,3.624847253163656,1,0,1,1,25.58319485982259,0,1,4.4658620738983155,55.79999753087759,26.54646873474121,0,1,6.299999840557575,0,0.0,3.2542349639393033,51.09999870508909,1,0.0,1
Tien Giang_2018_summer_autumn,2018,Medium,2,0,0,0,0,0,0,0,0,0,0,0,0,0,1,26.864480209350585,0,1,0,0,2.9697913964589437,0,0,0,0,26.811250813802083,0,0,2.982599668502808,163.0999988913536,28.566409610566637,0,0,210.7999974489212,0,1.0,4.6208174001602895,107.89999955892564,0,0.0,0
Long An_2018_summer_autumn,2018,Medium,2,0,0,0,0,0,0,0,0,0,0,0,0,0,0,27.144499206542967,0,0,1,0,3.0847336212793985,0,0,0,0,27.109221776326496,0,0,3.218935794830322,143.40000140666962,29.29027357555571,0,0,191.60000944137573,0,3.0,4.9886624699547175,97.2999975681305,0,0.0,0
Long An_2018_winter_spring,2018,Low,1,1,0,0,1,1,0,0,1,1,0,1,0,0,0,25.915228843688965,1,0,0,0,3.895624717076619,1,0,1,1,25.96005490620931,0,1,4.849413595199585,71.99999472498894,26.792952310471307,0,1,1.2000000327825546,0,0.0,3.3264326878956387,50.699999414384365,1,0.0,1
Hau Giang_2018_summer_autumn,2018,High,0,0,0,0,0,0,0,0,0,0,0,0,0,1,0,26.72535362243652,0,1,1,0,2.9120338837305706,0,1,0,0,27.04150047302246,0,0,2.8376796579360963,145.30000016838312,28.68689655122303,0,0,229.09999442100525,0,3.0,4.651073887234642,156.39999961853027,0,0.0,0
Kien Giang_2018_winter_spring,2018,Medium,2,1,1,1,1,1,0,1,1,1,0,1,1,0,0,25.402144718170167,1,0,0,0,3.4683114369710286,0,0,1,1,25.252804565429688,0,0,4.542919092178344,72.09999822080134,26.819035121372767,0,0,15.8000001385808,0,0.0,3.4226759445099604,59.59999976307154,1,0.0,1
Kien Giang_2018_summer_autumn,2018,Low,1,0,0,0,0,0,0,0,0,0,0,0,0,0,0,27.19495735168457,0,0,0,0,3.0822678327560427,0,0,0,0,27.56183255513509,0,0,3.262303409576416,175.8000009059906,28.731932140531995,0,0,325.8000090122223,0,2.0,4.726113750821068,152.1000034213066,0,0.0,0
Kien Giang_2018_main_season,2018,Medium,2,0,0,0,0,0,0,0,0,0,0,0,0,0,0,27.2178747177124,0,0,0,0,3.415605592727661,0,0,0,0,26.828915786743163,0,0,3.3478886461257935,183.30000168085095,27.593538920084637,0,0,251.4000020623207,0,0.0,3.737415705408369,204.60000801086423,0,0.0,0
Bac Lieu_2018_winter_spring,2018,Medium,2,1,0,0,1,1,0,0,1,1,0,1,0,0,0,25.816331958770753,1,0,0,0,3.479899454116821,1,0,1,1,25.659665298461913,0,1,4.582226333618164,85.4000035226345,26.82067816598075,0,1,6.100000239908695,0,0.0,3.374045826139904,45.500000938773155,1,0.0,1
Bac Lieu_2018_summer_autumn,2018,Medium,2,0,0,0,0,0,0,0,0,0,0,0,0,0,0,26.967999362945555,0,0,1,0,3.210045417149862,0,0,0,0,27.385637537638345,0,0,3.072665605545044,151.00000575184822,28.338137399582635,0,0,208.1000030040741,0,0.0,4.586911508015224,197.1999946832657,0,0.0,0
Tra Vinh_2018_winter_spring,2018,High,0,1,0,0,1,1,0,0,1,1,0,1,0,0,0,25.807624912261964,1,0,0,0,3.4121841112772624,1,0,1,1,25.533110936482743,0,1,4.532510051727295,63.80000152438879,26.86580957685198,0,1,0.9000000134110451,0,0.0,3.3200186831610545,21.19999971240759,1,0.0,1
Bac Lieu_2018_main_season,2018,Low,1,0,0,0,0,0,0,0,0,0,0,0,0,0,0,27.04362440109253,0,0,0,0,3.020160357157389,0,1,0,0,26.46285959879557,0,0,3.3468964099884033,179.29999512434006,27.556590398152668,0,0,198.09999948740003,0,0.0,3.4402609893253873,161.80000567436218,0,0.0,0
Ca Mau_2018_main_season,2018,High,0,0,0,0,0,0,0,0,0,0,0,0,0,0,0,27.09718713760376,0,0,0,0,2.974458130200704,0,1,0,0,26.473612213134764,0,0,3.2487334394454956,156.90000170469284,27.41085397629511,0,0,214.00000548362732,0,0.0,3.327905073052361,154.29999661445618,0,0.0,0
Long An_2018_main_season,2018,Low,1,0,0,0,0,0,0,0,0,0,0,0,0,0,0,27.054603862762452,0,0,0,0,3.558959627151489,0,0,0,0,26.86005554199219,0,0,3.207607936859131,118.39999783039092,27.803070794968377,0,0,274.0999974012375,0,0.0,3.754969159762065,137.10000777244568,0,0.0,0
Hau Giang_2018_winter_spring,2018,Medium,2,0,0,0,0,0,0,0,0,0,1,0,0,0,0,25.4018123626709,1,0,0,0,3.2593606313069663,1,0,1,1,25.191778691609706,0,1,4.566330814361573,104.90000424534082,26.627076285226003,0,1,6.700000166893005,0,0.0,3.2306844620477584,37.99999974668026,1,0.0,1
Can Tho_2018_summer_autumn,2018,Medium,2,0,0,0,0,0,0,0,0,0,0,0,0,1,0,26.786332893371583,0,1,1,0,3.0306711435317992,0,1,0,0,27.109387079874676,0,0,2.9081748819351194,136.09999626874924,28.821570441836403,0,0,225.80000042915344,0,0.0,4.7812424046652655,147.10000717639923,0,0.0,0
Vinh Long_2018_summer_autumn,2018,High,0,0,0,0,0,0,0,0,0,0,0,0,0,1,0,26.823040866851805,0,1,1,0,3.0044113874435423,0,1,0,0,27.008526865641276,0,0,3.041881437301636,159.69999680668116,28.84602728344145,0,0,224.50000071525577,0,0.0,4.822761921655564,129.60000205039978,0,0.0,0
Vinh Long_2018_winter_spring,2018,Low,1,1,0,0,1,1,0,0,1,1,0,1,0,0,0,25.64345817565918,1,0,0,0,3.499644923210144,1,0,1,1,25.505055109659832,0,1,4.568596506118775,93.50000254064798,26.684222085135325,0,1,5.999999940395355,0,0.0,3.2270198379244124,43.80000003427267,1,0.0,1
Vinh Long_2019_winter_spring,2019,Low,1,0,0,0,0,0,0,0,0,0,0,0,0,0,0,26.128770732879637,1,0,0,0,4.049836150805155,1,0,0,0,26.052416865030924,0,1,5.13196044921875,122.79999914765358,26.61110596429734,1,1,2.299999997019768,0,0.0,3.459720929463705,8.000000149011612,0,0.0,0
Bac Lieu_2019_main_season,2019,Low,1,0,0,0,0,0,0,0,0,0,0,0,0,0,0,26.869145107269286,0,1,0,0,3.6814562638600665,0,0,0,0,27.33508237202962,0,0,3.50407591342926,251.3000004589558,28.07385235741025,0,0,265.3000032901764,0,0.0,3.9504380339667913,186.39999681711197,0,0.0,0
Bac Lieu_2019_summer_autumn,2019,Medium,2,0,0,0,0,0,0,0,0,0,0,0,0,0,0,27.36247682571411,0,0,0,0,3.235393699010213,0,0,0,0,27.509110260009766,0,0,3.57290880203247,147.29999995231628,29.451530547369096,0,0,230.6999979615212,0,0.0,5.117029383068993,185.6000016927719,0,0.0,0
Vinh Long_2019_summer_autumn,2019,Medium,2,0,0,0,0,0,0,0,0,0,0,0,0,0,0,27.11512498855591,0,0,1,0,3.594926039377848,0,0,0,0,27.461026509602863,0,0,3.6808911609649657,145.19999945163727,29.808526901971724,0,0,192.3999987244606,0,12.0,5.169639700935001,156.60000274330378,0,0.0,0
Dong Thap_2019_summer_autumn,2019,Medium,2,0,0,0,0,0,0,0,0,0,0,0,0,0,0,27.27387456893921,0,0,0,0,3.635856866836548,0,0,0,0,27.70491714477539,0,0,3.689524850845337,153.50000149011612,29.95743733360654,0,0,176.50000052154064,0,12.0,5.010488192240397,165.2000082731247,0,0.0,0
An Giang_2019_winter_spring,2019,Low,1,0,0,0,0,0,0,0,0,0,0,0,0,0,0,26.4374174118042,0,0,0,0,4.063467359542846,0,0,0,0,26.219778951009115,0,0,5.238648815155029,114.80000141263008,27.115135556175595,0,0,4.1000001430511475,0,0.0,3.6676661797932217,13.999999351799488,0,0.0,0
Soc Trang_2019_winter_spring,2019,Low,1,0,0,0,0,0,0,0,0,0,0,0,0,0,0,25.728562927246095,0,0,0,0,3.836512732505798,1,0,0,0,25.758111190795898,0,1,4.958946628570557,118.79999727755784,26.513826370239254,0,0,2.100000075995922,1,0.0,3.4414109786351523,10.300000190734863,1,0.0,1
Soc Trang_2019_summer_autumn,2019,Low,1,0,0,0,0,0,0,0,0,0,0,0,0,0,0,27.09741716384888,0,0,1,0,3.2579970836639403,0,0,0,0,27.26672223409017,0,0,3.6418682861328127,177.0000021457672,29.471564156668528,0,0,213.00000154972076,0,5.0,5.126905032566616,194.1999997869134,0,0.0,0
Soc Trang_2019_main_season,2019,Medium,2,0,0,0,0,0,0,0,0,0,0,0,0,0,0,26.66262435913086,0,1,0,0,3.718378337224325,0,0,0,0,27.04061113993327,0,0,3.4991406297683714,260.00000198185444,27.826027552286785,0,0,249.4000025987625,0,0.0,3.846534774416969,189.0000027418137,0,0.0,0
Long An_2019_main_season,2019,Medium,2,0,0,0,0,0,0,0,0,0,0,0,0,0,0,27.01356248855591,0,0,0,0,3.741062005360922,0,0,0,0,27.382972081502277,0,0,3.6185339641571046,183.3000050783157,28.337296985444567,0,0,259.5999987721443,0,0.0,4.1323656014033725,167.89999955892563,0,0.0,0
Bac Lieu_2019_winter_spring,2019,Medium,2,0,0,0,0,0,0,0,0,0,0,0,0,0,0,25.94706163406372,0,0,0,0,3.946627887090047,1,0,0,0,25.98008181254069,0,1,4.955617904663086,124.3000008687377,26.79101498921712,1,0,2.3000000715255737,1,0.0,3.5212631906781877,11.30000039935112,0,0.0,0
Long An_2019_summer_autumn,2019,Low,1,0,0,0,0,0,0,0,0,0,0,0,0,0,0,27.29054136276245,0,0,0,0,3.678644180297851,0,0,0,0,27.728943252563475,0,0,3.7339612674713134,190.7000044360757,30.315273194085982,0,0,193.00000461935997,0,16.0,5.284940242767334,162.00000286102295,0,0.0,0
An Giang_2019_main_season,2019,Low,1,0,0,0,0,0,0,0,0,0,0,0,0,0,0,27.29470911026001,0,0,0,0,3.795996030171712,0,1,0,0,27.564084498087563,0,0,3.476654262542725,176.00000388920307,28.45452081589472,0,0,202.6999979168177,0,0.0,4.254816725140526,149.00000196695328,0,0.0,0
An Giang_2019_summer_autumn,2019,Low,1,0,0,0,0,0,0,0,0,0,0,0,0,0,0,27.304918193817137,0,0,0,0,3.580301014582316,0,0,0,0,27.709361775716147,0,0,3.698473138809204,108.8000014424324,30.36573146638416,0,0,163.20000153779984,0,15.0,5.188862993603661,135.50000083446503,0,0.0,0
Long An_2019_winter_spring,2019,Medium,2,0,0,0,0,0,0,0,0,0,0,0,0,0,0,26.70637502670288,0,0,0,0,4.192352040608724,0,0,0,0,26.28005510965983,0,0,5.350143547058106,85.00000248104334,26.708031608944847,0,0,5.3000002428889275,0,0.0,3.5752185469581965,3.9000000804662704,0,0.0,0
Dong Thap_2019_winter_spring,2019,Low,1,0,0,0,0,0,0,0,0,0,0,0,0,0,0,26.47564563751221,0,0,0,0,4.11983470916748,1,0,0,0,26.30047162373861,0,0,5.145650100708008,123.60000123083591,26.91844822111584,0,1,3.6000000312924385,0,0.0,3.5518748192560103,10.000000402331352,0,0.0,0
Can Tho_2019_summer_autumn,2019,Medium,2,0,0,0,0,0,0,0,0,0,0,0,0,0,0,27.13362398147583,0,0,0,0,3.5094341675440472,0,0,0,0,27.51980489095052,0,0,3.516246099472046,157.69999939203262,29.805003120785667,0,0,230.4999964237213,0,13.0,5.186932472955613,144.29999911785126,0,0.0,0
Hau Giang_2019_winter_spring,2019,Low,1,0,1,0,0,0,0,0,0,0,0,0,1,0,0,25.76014614105225,1,0,0,0,3.7379738966623943,0,0,0,0,25.65663859049479,0,0,5.239711971282959,151.0000018030405,26.927372342064267,1,0,2.300000086426735,0,0.0,3.6804564793904624,13.00000013411045,0,0.0,0
Kien Giang_2019_winter_spring,2019,Low,1,0,0,0,0,0,0,0,0,0,0,0,0,0,0,26.181103324890135,1,0,0,0,3.966582616170247,0,0,0,0,25.89030507405599,0,0,5.463006153106689,129.40000108629465,27.11357915969122,0,0,5.800000101327896,0,0.0,3.8591726620992026,24.799999766051773,0,0.0,0
Kien Giang_2019_summer_autumn,2019,Low,1,0,0,0,0,0,0,0,0,0,0,0,0,0,0,27.534228706359865,0,0,0,0,3.4866557439168293,0,0,0,0,27.536832555135092,0,0,3.7448940563201902,155.40000349283218,29.849491936819895,0,0,194.90000024437904,0,9.0,5.104213237762451,181.90000414848328,0,0.0,0
Kien Giang_2019_main_season,2019,High,0,0,0,0,0,0,0,0,0,0,0,0,0,0,0,27.375790786743163,0,0,0,0,3.795574315388998,0,0,0,0,27.670721562703452,0,0,3.4559476375579834,238.10000789165497,28.05951045808338,0,0,297.40001034736633,0,0.0,3.992241098767235,215.8000002503395,0,0.0,0
Ca Mau_2019_winter_spring,2019,Medium,2,0,0,0,0,0,0,0,0,0,0,0,0,0,0,25.93135404586792,0,0,0,0,3.786812583605448,1,0,0,0,25.954861323038735,0,1,5.104905338287353,181.40000180900097,26.792996361142112,1,0,3.1000000312924385,1,0.0,3.54112366267613,20.800000049173832,0,0.0,0
Ca Mau_2019_summer_autumn,2019,High,0,0,0,0,0,0,0,0,0,0,0,0,0,0,0,27.30427255630493,0,0,0,0,3.1770516951878864,0,0,0,0,27.330695088704427,0,0,3.4339559841156007,180.8000011444092,29.495576676868257,0,0,217.70000417530537,0,9.0,4.851384991691226,236.0000025779009,0,0.0,0
Ca Mau_2019_main_season,2019,Medium,2,0,0,0,0,0,0,0,0,0,0,0,0,0,0,26.94270944595337,0,0,0,0,3.6842775185902914,0,0,0,0,27.419585291544596,0,0,3.364480667114258,324.7000002413988,27.829107738676527,0,0,291.0000101327896,0,0.0,3.6927227406274703,205.40000338852408,0,0.0,0
Tien Giang_2019_summer_autumn,2019,Medium,2,0,0,0,0,0,0,0,0,0,0,0,0,1,0,26.990000915527343,0,1,1,0,3.5058247884114584,0,0,0,0,27.38277816772461,0,0,3.743581066131592,165.90000420808792,29.43893042064848,0,0,175.19999933242798,0,7.0,4.912287507738386,149.09999960660934,0,0.0,0
Tien Giang_2019_winter_spring,2019,Medium,2,0,0,0,0,0,0,0,0,0,1,0,0,0,0,25.88749990463257,1,0,0,0,3.9617082198460896,0,0,0,0,25.954167302449545,0,0,4.89767409324646,109.09999882429838,26.413533074515207,1,0,3.1000001206994057,0,0.0,3.443795539083935,8.100000329315662,0,0.0,0
Tra Vinh_2019_winter_spring,2019,High,0,0,0,0,0,0,0,0,0,0,0,0,0,0,0,25.638354301452637,1,0,0,0,3.7643600702285767,1,0,1,1,25.77186190287272,0,1,4.682878770828247,78.99999844282866,26.606286003476097,0,1,3.800000183284283,0,0.0,3.3623151097978865,7.300000205636024,1,0.0,1
Hau Giang_2019_summer_autumn,2019,High,0,0,0,0,0,0,0,0,0,0,0,0,0,0,0,27.04545831680298,0,0,1,0,3.4382109880447387,0,0,0,0,27.28927777608236,0,0,3.4258102416992187,168.5999994277954,29.876678285144624,0,0,226.3000029250979,0,17.0,5.088342076256161,156.40000104904175,0,0.0,0
Tra Vinh_2019_main_season,2019,Low,1,0,0,0,0,0,0,0,0,0,0,0,0,1,0,26.8763747215271,0,1,1,1,3.810045067469279,0,0,0,0,27.27505594889323,0,0,3.504595546722412,204.69999927282333,28.22920272463844,0,0,228.10000371932983,0,0.0,3.941828296298072,156.90000760555267,0,0.0,0
Can Tho_2019_winter_spring,2019,Low,1,0,0,0,0,0,0,0,0,0,0,0,0,0,0,25.922687149047853,1,0,0,0,3.887566097577413,1,0,0,0,25.83702621459961,0,1,5.081875143051147,138.2999969124794,26.68903078351702,1,1,3.800000168383122,0,0.0,3.471927387373788,13.699999898672104,0,0.0,0
Tra Vinh_2019_summer_autumn,2019,Medium,2,0,0,0,0,0,0,0,0,0,0,0,0,0,0,27.236375045776366,0,0,0,0,3.392014439900716,0,0,0,0,27.66977882385254,0,0,3.741817727088928,137.99999862909317,29.484659467424667,0,0,173.00000653415918,0,0.0,5.016003597350347,160.79999977350235,0,0.0,0
Ben Tre_2019_main_season,2019,Low,1,0,0,0,0,0,0,0,0,0,0,0,0,0,0,26.667666912078857,0,1,0,0,3.7315566221872967,0,0,0,0,27.176555124918615,0,0,3.522103071212769,203.50000730156896,28.019789468674432,0,0,253.0000023841858,0,0.0,3.974133536929176,175.60000205039978,0,0.0,0
Ben Tre_2019_summer_autumn,2019,Medium,2,0,0,0,0,0,0,0,0,0,0,0,0,0,0,27.03995943069458,0,0,1,0,3.473788833618164,0,0,0,0,27.427527491251627,0,0,3.7134811449050904,136.09999909996986,29.509471893310547,0,0,178.70000056177378,0,7.0,4.9551591873168945,148.0000025331974,0,0.0,0
Ben Tre_2019_winter_spring,2019,High,0,0,0,0,0,0,0,0,0,0,0,0,0,0,0,25.88370761871338,1,0,0,0,3.873954709370931,0,0,0,0,25.899610392252605,0,0,4.881909456253052,108.99999852478504,26.384075073968795,1,0,2.8000001162290573,0,0.0,3.3759459313892184,15.40000019967556,0,0.0,0
Dong Thap_2020_summer_autumn,2020,Medium,2,0,0,0,0,0,0,0,0,0,0,0,0,0,0,26.838250160217285,0,0,0,0,3.5503926436106363,0,0,0,0,27.540750630696618,0,0,3.841550893783569,132.70000368356705,29.1069396791004,0,0,260.6000028848648,0,2.0,4.8206566742488315,249.5000052452087,0,0.0,0
Can Tho_2020_winter_spring,2020,Low,1,0,0,0,0,0,1,1,0,0,0,0,1,0,0,26.571019554138186,0,0,0,0,4.567745224634806,0,0,0,0,26.90619303385417,0,0,5.4478725337982175,3.7000000402331352,26.603613717215403,0,0,2.100000113248825,0,0.0,3.985696111406599,0.8000000491738319,0,0.0,0
Dong Thap_2020_winter_spring,2020,Medium,2,0,0,0,0,0,1,1,0,0,0,0,1,0,0,26.501478004455567,0,0,0,0,4.202591355641683,0,0,0,0,26.760192998250325,0,0,5.0918912506103515,7.600000225007534,26.73719842093331,0,0,9.299999341368675,0,0.0,4.00189082963126,1.0000000149011612,0,0.0,0
Bac Lieu_2020_main_season,2020,High,0,0,0,0,0,0,0,0,0,0,0,0,0,0,0,27.201645183563233,0,0,0,1,3.1882220109303794,0,0,0,0,26.653138224283857,0,0,3.6145502090454102,307.6000006198883,28.95956548055013,0,0,212.60000878572464,0,1.0,4.283611660911923,149.70000183582306,0,0.0,0
Bac Lieu_2020_summer_autumn,2020,Low,1,0,0,0,0,0,0,0,0,0,0,0,0,0,0,26.86956157684326,0,0,0,0,3.5801928520202635,0,0,0,0,27.60494270324707,0,0,3.718703327178955,93.50000001490116,29.198554720197404,0,0,271.5000001192093,0,0.0,5.430458432152157,225.99999964237213,0,0.0,0
Bac Lieu_2020_winter_spring,2020,Medium,2,0,0,0,0,0,1,1,0,0,0,0,1,0,0,26.345602893829344,0,0,0,0,5.227541144688924,0,0,0,0,27.09716517130534,0,0,5.6006481742858885,5.900000125169754,26.78645152137393,0,0,2.300000108778477,0,0.0,4.235020013082595,1.400000050663948,0,0.0,0
Can Tho_2020_summer_autumn,2020,High,0,0,0,0,0,0,0,0,0,0,0,0,0,0,0,26.718207359313965,0,0,0,0,3.5255657196044923,0,0,0,0,27.396054840087892,0,0,3.613350524902344,98.8999997973442,30.09061695280529,0,0,278.89999532699585,0,15.0,5.65609564099993,237.9999978542328,0,0.0,0
Ben Tre_2020_winter_spring,2020,Low,1,0,0,0,0,0,1,1,1,0,0,0,1,0,0,26.15745849609375,0,0,0,0,4.483541742960612,0,0,0,0,26.74086087544759,0,0,5.074132518768311,3.2000001147389416,26.587548028855096,1,0,5.200000166893005,0,0.0,3.994885194869268,1.3000000044703484,0,0.0,0
Long An_2020_main_season,2020,Medium,2,0,0,0,0,0,0,0,0,0,0,0,0,0,0,27.05595760345459,0,0,0,0,3.4484365145365397,0,0,0,0,26.791721852620444,0,0,3.75767735004425,233.09999918937683,28.99979763939267,0,0,251.70000654459,0,6.0,4.3336130777994795,210.70000553131104,0,0.0,0
Long An_2020_summer_autumn,2020,Low,1,0,0,0,0,0,0,0,0,0,0,0,0,0,0,26.90418748855591,0,0,0,0,3.808620818456014,0,0,0,0,27.66394411722819,0,0,3.6602534866333007,126.59999621659516,29.462297439575195,0,0,273.80000257492065,0,6.0,5.409926073891776,210.19999599456787,0,0.0,0
Long An_2020_winter_spring,2020,Medium,2,0,0,0,0,0,1,1,0,0,0,0,1,0,0,26.73616647720337,0,0,0,0,4.533670822779338,0,0,0,0,27.366166432698567,0,0,5.3520197010040285,3.0000000596046448,26.880948747907365,0,0,4.700000040233135,0,0.0,4.094527255921137,1.8999999910593033,0,0.0,0
Ben Tre_2020_summer_autumn,2020,Low,1,0,0,0,0,0,0,0,0,0,0,0,0,0,0,26.543396472930908,0,0,0,0,3.5700222492218017,0,0,0,0,27.330028279622397,0,0,3.622837953567505,60.59999869763851,29.521377381824312,0,0,239.19999647140503,0,7.0,5.578157424926758,226.10000371932983,0,0.0,0
Ben Tre_2020_main_season,2020,Low,1,0,0,0,0,0,0,0,0,0,0,0,0,0,0,26.95891704559326,0,0,0,0,3.2937695105870564,0,0,0,0,26.54211031595866,0,0,3.717679648399353,272.50001126527786,28.80193328857422,0,0,244.0000027418137,0,5.0,4.229080302374704,182.4000015258789,0,0.0,0
Kien Giang_2020_main_season,2020,High,0,0,0,0,0,0,0,0,0,0,0,0,0,0,0,27.184332656860352,0,0,0,0,3.2204438845316568,0,0,0,0,27.06558354695638,0,0,3.8087049388885497,232.9000074267387,28.59185246058873,0,0,163.10000670701265,0,1.0,4.144815081641788,230.3000010251999,0,0.0,0
Kien Giang_2020_summer_autumn,2020,Medium,2,0,0,0,0,0,0,0,0,0,0,0,0,0,0,27.103915882110595,0,0,0,0,3.664598671595256,0,0,0,0,27.78947219848633,0,0,3.7608698844909663,131.79999899864197,28.87280427841913,0,0,245.00000655651093,0,2.0,4.881715172813053,220.50000548362732,0,0.0,0
Kien Giang_2020_winter_spring,2020,Medium,2,0,0,0,0,0,1,1,0,0,0,0,1,0,0,26.785687255859376,0,0,0,0,4.395727237065633,0,0,0,0,26.921971384684245,0,0,5.664239063262939,9.000000268220901,26.89968999226888,0,0,8.900000028312206,0,0.0,4.272691363380069,2.6000000983476643,0,0.0,0
Hau Giang_2020_summer_autumn,2020,Medium,2,0,0,0,0,0,0,0,0,0,0,0,0,0,0,26.59702033996582,0,0,0,0,3.4435899098714193,0,0,0,0,27.25330581665039,0,0,3.591473159790039,128.00000308454037,29.564673741658527,0,0,273.20000743865967,0,9.0,5.306518418448312,233.3000030517578,0,0.0,0
Tien Giang_2020_summer_autumn,2020,Low,1,0,0,0,0,0,0,0,0,0,0,0,0,0,0,26.511355304718016,0,0,0,0,3.600798988342285,0,0,0,0,27.32236213684082,0,0,3.6012004947662355,73.80000012367964,29.418891089303152,0,0,273.10000252723694,0,6.0,5.477022670564198,239.10000324249268,0,0.0,0
Tien Giang_2020_winter_spring,2020,Low,1,0,0,0,0,0,1,1,1,0,0,0,1,0,0,26.114688396453857,0,0,0,0,4.404916620254516,0,0,0,0,26.66833381652832,0,0,4.9854233455657955,3.000000074505806,26.55658712841215,1,0,5.000000216066837,0,0.0,3.9757326557522727,2.400000169873237,0,0.0,0
Hau Giang_2020_winter_spring,2020,Medium,2,0,0,0,0,0,1,1,0,0,0,0,1,0,0,26.525770092010497,0,0,0,0,4.651765664418538,0,0,0,0,26.84136060078939,0,0,5.696322374343872,3.200000084936619,26.54890051342192,0,0,1.7000000029802322,0,0.0,4.001658008212135,1.20000009983778,0,0.0,0
Soc Trang_2020_summer_autumn,2020,Low,1,0,0,0,0,0,0,0,0,0,0,0,0,0,0,26.552104473114017,0,0,0,0,3.535957670211792,0,0,0,0,27.29075024922689,0,0,3.617106266021728,103.60000035911798,29.398746853783017,0,0,332.3999984264374,0,2.0,5.5696328935169035,273.30000925064087,0,0.0,0
Vinh Long_2020_summer_autumn,2020,High,0,0,0,0,0,0,0,0,0,0,0,0,0,0,0,26.622520637512206,0,0,0,0,3.6530225118001303,0,0,0,0,27.338527806599934,0,0,3.7123233699798583,89.59999930858612,30.065472012474423,0,0,291.7000033855438,0,16.0,5.656859261648996,232.00000162422657,0,0.0,0
Vinh Long_2020_winter_spring,2020,Medium,2,0,0,0,0,0,1,1,0,0,0,0,1,0,0,26.546999645233154,0,0,0,0,4.462594223022461,0,0,0,0,26.98005599975586,0,0,5.243302593231201,3.400000110268593,26.626384462629044,0,0,2.400000035762787,0,0.0,3.9768118177141463,1.100000023841858,0,0.0,0
Ca Mau_2020_winter_spring,2020,High,0,0,0,0,0,0,1,1,0,0,0,0,1,0,0,26.79666700363159,0,0,0,0,4.958700815836589,0,0,0,0,27.345695622762044,0,0,5.6414156341552735,8.900000356137753,26.526529221307666,0,0,4.700000308454037,0,0.0,3.954835062935239,4.700000055134296,0,0.0,0
Ca Mau_2020_summer_autumn,2020,Low,1,0,0,0,0,0,0,0,0,0,0,0,0,0,0,26.79927158355713,0,0,0,0,3.217277828852336,0,0,0,0,27.35069491068522,0,0,3.4059736919403076,133.20000058412552,29.434167498633975,0,0,306.60000813007355,0,5.0,5.185162952968052,224.10000348091123,0,0.0,0
Soc Trang_2020_winter_spring,2020,Low,1,0,0,0,0,0,1,1,1,0,0,0,1,0,0,26.102104949951173,0,0,0,0,5.036870002746582,0,0,0,0,26.646861012776693,0,0,5.524915618896484,3.100000061094761,26.430591401599703,1,0,2.3000001758337016,0,0.0,4.14646113486517,1.100000038743019,0,0.0,0
An Giang_2020_main_season,2020,Low,1,0,0,0,0,0,0,0,0,0,0,0,0,0,0,27.18418788909912,0,0,0,0,3.2508327960968018,0,0,0,0,26.756445185343424,0,0,3.7149398040771486,263.40000438690186,28.536267325991677,0,0,205.8999922350049,0,1.0,4.164281402315412,193.29999923706055,0,0.0,0
An Giang_2020_summer_autumn,2020,Low,1,0,0,0,0,0,0,0,0,0,0,0,0,0,0,26.873251152038577,0,0,0,0,3.60365621248881,0,0,0,0,27.60547332763672,0,0,3.7672595310211183,139.10000357031822,28.929322378976003,0,0,254.50000500679016,0,3.0,4.755731696174259,242.70000612735748,0,0.0,0
An Giang_2020_winter_spring,2020,Low,1,0,0,0,0,0,1,1,0,0,0,0,1,0,0,26.753877067565917,0,0,0,0,4.217021131515503,0,0,0,0,26.912278111775716,0,0,5.213915462493897,6.399999938905239,26.821088336762926,0,0,11.699999883770944,0,0.0,4.087000154313587,1.4000001102685928,0,0.0,0
Ca Mau_2020_main_season,2020,Low,1,0,0,0,0,0,0,0,0,0,0,0,0,0,0,26.891771507263183,0,0,1,1,3.0109689712524412,0,0,0,0,26.72847277323405,0,0,3.447857675552368,296.1000061035156,28.780298414684477,0,0,201.10000536590815,0,4.0,3.9287828717912943,255.10000586509705,0,0.0,0
Tra Vinh_2020_winter_spring,2020,Low,1,0,0,0,0,0,1,1,1,1,0,1,1,0,0,25.91377172470093,0,0,0,0,4.7716258525848385,0,0,0,0,26.538389205932617,0,0,5.214798336029053,2.0000000447034836,26.638627370198567,0,0,2.6000000983476643,0,0.0,4.0997941721053355,0.4000000059604644,1,0.0,1
Tra Vinh_2020_main_season,2020,Low,1,0,0,0,0,0,0,0,0,0,0,0,0,0,0,27.156271266937257,0,0,0,1,3.257829960187276,0,0,0,0,26.746583811442058,0,0,3.7160505485534663,297.7000050544739,29.009063629877,0,0,213.8000041842461,0,2.0,4.196454241162255,188.4000027179718,0,0.0,0
Tra Vinh_2020_summer_autumn,2020,Low,1,0,0,0,0,0,0,0,0,0,0,0,0,0,0,26.724499797821046,0,0,0,0,3.4391730546951296,0,0,0,0,27.52602742513021,0,0,3.577976770401001,71.70000226050615,29.315115792410715,0,0,249.59999918937683,0,0.0,5.593108699435279,242.60000145435333,0,0.0,0
Soc Trang_2020_main_season,2020,Medium,2,0,0,0,0,0,0,0,0,0,0,0,0,0,0,26.84283390045166,0,0,0,0,3.259807562828064,0,0,0,0,26.46686159769694,0,0,3.692927236557007,329.600013256073,28.727516991751536,0,0,238.900000333786,0,3.0,4.238749742507935,209.10000252723697,0,0.0,0
Vinh Long_2021_summer_autumn,2021,Medium,2,0,0,0,0,0,0,0,0,0,0,0,0,0,0,27.718353843688966,0,0,0,0,3.674001709620158,0,0,0,0,27.534776306152345,0,0,3.1350914525985716,198.7000008225441,27.330252874465216,0,0,390.3999913036823,0,0.0,4.1152210008530385,92.90000076591969,0,0.0,0
Dong Thap_2021_winter_spring,2021,Medium,2,1,0,0,1,1,0,0,1,1,0,1,0,0,0,25.457104110717772,1,0,0,0,3.872543478012085,1,0,1,1,25.222832616170248,0,1,4.132619609832764,77.80000127851963,26.63481685093471,0,1,27.00000036507845,0,0.0,3.5914489314669655,27.60000051558018,1,0.0,1
Ben Tre_2021_summer_autumn,2021,Medium,2,0,0,0,0,0,0,0,0,0,0,0,0,0,0,27.601833629608155,0,0,0,0,3.6251362800598144,0,0,0,0,27.477111943562825,0,0,3.141301350593567,193.09999990463257,27.45123799641927,0,0,266.10000506043434,0,0.0,4.1469227359408425,107.4999993816018,0,0.0,0
Ben Tre_2021_winter_spring,2021,High,0,1,1,1,1,1,0,1,1,1,0,1,1,0,0,25.400999546051025,1,0,0,0,3.717585627237956,0,0,1,1,25.226694615681968,0,0,4.272970190048218,63.30000141263008,26.53625688098726,0,0,11.300000220537186,0,0.0,3.6257627861840382,11.800000332295896,1,0.0,1
Dong Thap_2021_summer_autumn,2021,Medium,2,0,0,0,0,0,0,0,0,0,0,0,0,0,0,27.91002111434937,0,0,0,0,3.5204995314280194,0,0,0,0,27.598943837483723,0,0,3.1447491312026976,199.00000789761543,27.45307104928153,0,0,355.89999325573444,0,0.0,4.034181299663725,98.300000756979,0,0.0,0
Vinh Long_2021_winter_spring,2021,Medium,2,1,1,1,1,1,0,1,1,1,0,1,1,0,0,25.364603805541993,1,0,0,0,3.673237117131551,0,0,1,1,25.07172203063965,0,0,4.292379789352417,75.50000210106373,26.546919868105935,0,0,11.900000646710396,0,0.0,3.590245763460795,8.799999788403511,1,0.0,1
Can Tho_2021_winter_spring,2021,Medium,2,1,1,1,1,1,0,1,1,1,0,1,1,0,0,25.28654041290283,1,0,0,0,3.3389846801757814,0,0,1,1,24.802165222167968,0,0,4.310666704177857,96.69999588280916,26.50212524050758,0,0,36.60000219941139,0,0.0,3.614332363719032,11.700000047683716,1,0.0,1
Ca Mau_2021_winter_spring,2021,High,0,0,0,0,0,0,0,0,0,0,1,0,0,0,0,25.15229206085205,1,0,0,0,3.4436232089996337,1,0,1,1,24.91611124674479,0,1,4.536320295333862,158.30000279843807,26.184167498633975,0,1,22.399999797344208,0,0.0,3.4599508330935524,22.799999244511127,1,0.0,1
Kien Giang_2021_summer_autumn,2021,Medium,2,0,0,0,0,0,0,0,0,0,0,0,0,0,0,27.991416454315186,0,0,0,0,3.414144770304362,0,0,0,0,27.85766537984212,0,0,3.2810643815994265,198.4000081345439,27.733618690854023,0,0,342.30000495910645,0,0.0,4.233078025636219,57.999999441206455,0,0.0,0
Kien Giang_2021_main_season,2021,Low,1,0,0,0,0,0,0,0,0,0,0,0,0,0,0,27.550268936157227,0,0,0,0,3.407181239128113,0,1,0,0,27.094609832763673,0,0,3.574773507118225,145.80000253021717,27.976674488612584,0,0,223.30000054836273,0,0.0,3.6834585666656494,178.5000023841858,0,0.0,0
Bac Lieu_2021_summer_autumn,2021,Medium,2,0,0,0,0,0,0,0,0,0,0,0,0,0,0,27.50602006912231,0,0,0,0,3.6799859841664633,0,0,0,0,27.714249165852863,0,0,3.2453680181503297,193.79999870061872,27.699249176752,0,0,252.00000500679016,0,0.0,4.167971247718448,118.50000089406969,0,0.0,0
Bac Lieu_2021_winter_spring,2021,Low,1,0,0,0,0,0,0,0,0,0,1,0,0,0,0,25.149666118621827,1,0,0,0,3.644100348154704,1,0,1,1,25.051887003580728,0,1,4.617583751678467,114.99999558925629,26.499944141932897,0,1,7.100000336766243,0,0.0,3.6096484717868624,6.599999956786633,1,0.0,1
Ca Mau_2021_summer_autumn,2021,High,0,0,0,0,0,0,0,0,0,0,0,0,0,0,0,27.510416984558105,0,0,0,0,3.5861471335093182,0,0,0,0,27.71639022827149,0,0,3.2720976638793946,219.899994969368,27.53793734595889,0,0,243.2000049650669,0,0.0,3.978006692159743,118.59999945759772,0,0.0,0
Can Tho_2021_summer_autumn,2021,High,0,0,0,0,0,0,0,0,0,0,0,0,0,0,0,27.519769287109376,0,0,0,0,3.575262260437012,0,0,0,0,27.400776926676432,0,0,3.064950122833252,161.80000054836273,27.37315777369908,0,0,312.9000051021576,0,0.0,4.029031844366164,112.10000002384186,0,0.0,0
Kien Giang_2021_winter_spring,2021,High,0,0,1,0,0,0,0,0,0,0,1,0,1,0,0,25.188395023345947,1,0,0,0,3.668562157948812,0,0,1,1,24.765998967488606,0,0,4.456273832321167,129.60000041872263,26.52131680079869,0,0,40.20000080764294,0,0.0,3.752388681684222,16.700000189244747,1,0.0,1
Bac Lieu_2021_main_season,2021,High,0,0,0,0,0,0,0,0,0,0,0,0,0,0,0,27.47331037521362,0,0,0,0,3.3163843075434367,0,0,0,0,26.782721964518228,0,0,3.5882054281234743,175.39999932050705,27.56829679579962,0,0,236.80000253021717,0,0.0,3.4102466787610735,132.80000698566437,0,0.0,0
An Giang_2021_summer_autumn,2021,Medium,2,0,0,0,0,0,0,0,0,0,0,0,0,0,0,27.937209701538087,0,0,0,0,3.478072961171468,0,0,0,0,27.640055974324543,0,0,3.1447096157073973,161.09999892115593,27.53140558515276,0,0,327.2000185251236,0,0.0,4.029870339802334,72.39999914169312,0,0.0,0
Tra Vinh_2021_winter_spring,2021,High,0,1,1,1,1,1,0,1,1,1,0,1,1,0,0,24.998250007629395,1,0,0,0,3.593107318878174,0,0,1,1,25.01408297220866,0,0,4.368858165740967,59.90000315755606,26.722853978474937,0,0,3.1000001057982445,0,0.0,3.7207528068905784,7.199999898672104,1,0.0,1
An Giang_2021_main_season,2021,Medium,2,0,0,0,0,0,0,0,0,0,0,0,0,0,0,27.449917316436768,0,0,0,0,3.4068637053171793,0,0,0,0,27.11464017232259,0,0,3.515985746383667,117.80000120401382,27.780313582647416,0,0,271.800008893013,0,0.0,3.6430808021908714,126.0000074505806,0,0.0,0
Soc Trang_2021_winter_spring,2021,Medium,2,0,0,0,0,0,0,0,0,0,1,0,0,0,0,24.890229320526124,1,0,0,0,3.575329796473185,1,0,1,1,24.743804931640625,0,1,4.466886377334594,107.4999955072999,26.361742292131694,0,1,10.500000320374966,0,0.0,3.595134298006694,7.099999830126762,1,0.0,1
Soc Trang_2021_summer_autumn,2021,Low,1,0,0,0,0,0,0,0,0,0,0,0,0,0,0,27.231167125701905,0,0,0,0,3.623874473571777,0,0,0,0,27.402138900756835,0,0,3.129074273109436,227.20000159740448,27.332080023629324,0,0,307.70000380277634,0,0.0,4.021516130084083,149.00000190734863,0,0.0,0
Soc Trang_2021_main_season,2021,Low,1,0,0,0,0,0,0,0,0,0,0,0,0,0,0,27.09658432006836,0,0,0,0,3.3730451027552286,0,1,0,0,26.591582997639975,0,0,3.563015995025635,198.3000030517578,27.305988947550457,0,0,211.50000256299973,0,0.0,3.361822798138573,149.50000232458115,0,0.0,0
An Giang_2021_winter_spring,2021,Medium,2,1,0,0,1,1,0,0,1,1,0,1,0,0,0,25.651168251037596,1,0,0,0,3.9515944957733153,1,0,1,1,25.390333557128905,0,1,4.279083747863769,78.10000011324883,26.680315290178573,0,1,31.30000174045563,0,0.0,3.615306502296811,18.700000435113907,1,0.0,1
Ca Mau_2021_main_season,2021,Low,1,0,0,0,0,0,0,0,0,0,0,0,0,0,0,27.558960151672363,0,0,0,0,3.205073277155558,0,0,0,0,26.7891663869222,0,0,3.267861270904541,194.39999663829803,27.679207938058035,0,0,251.50001281499863,0,0.0,3.3429521435783025,128.90000095963478,0,0.0,0
Tra Vinh_2021_summer_autumn,2021,Low,1,0,0,0,0,0,0,0,0,0,0,0,0,0,0,27.59075002670288,0,0,0,0,3.7014715035756423,0,0,0,0,27.634776941935225,0,0,3.1416561508178713,184.7999978736043,27.595868701026554,0,0,248.10000360012057,0,0.0,4.1041756357465475,98.50000047683716,0,0.0,0
Tien Giang_2021_winter_spring,2021,Medium,2,1,1,1,1,1,0,1,1,1,0,1,1,0,0,25.412292289733887,1,0,0,0,3.7945061524709063,0,0,1,1,25.232083384195963,0,0,4.187153463363647,80.00000160932541,26.43426649911063,0,0,20.499999746680263,0,0.0,3.5802317460378013,9.499999776482582,1,0.0,1
Tien Giang_2021_summer_autumn,2021,High,0,0,0,0,0,0,0,0,0,0,0,0,0,0,0,27.662188625335695,0,0,0,0,3.583047151565552,0,0,0,0,27.444029490153,0,0,3.152731943130493,187.39999768137932,27.444385256086075,0,0,243.60000729560852,0,0.0,4.127281858807518,79.70000003278255,0,0.0,0
Long An_2021_main_season,2021,Low,1,0,0,0,0,0,0,0,0,0,0,0,0,0,0,27.37720880508423,0,0,0,0,3.533621048927307,0,1,0,0,27.095055643717448,0,0,3.6361434125900263,125.30000138282776,27.920433044433594,0,0,210.39999628067017,0,0.0,3.723849376042684,152.09999465942383,0,0.0,0
Long An_2021_summer_autumn,2021,Low,1,0,0,0,0,0,0,0,0,0,0,0,0,0,0,27.980644702911377,0,0,0,0,3.7083779017130536,0,0,0,0,27.83491694132487,0,0,3.243646445274353,202.89999759197235,27.743050529843284,0,0,264.5999984741211,0,1.0,4.285047497068133,86.40000066161156,0,0.0,0
Long An_2021_winter_spring,2021,Medium,2,0,0,0,0,0,0,0,0,0,0,0,0,0,0,26.245332717895508,0,0,0,0,4.377107842763265,1,0,0,1,26.43588841756185,0,0,4.341263494491577,76.99999725818634,26.72450029282343,0,1,15.300000198185444,0,0.0,3.6714024543762207,13.900000616908072,0,0.0,1
Ben Tre_2021_main_season,2021,Low,1,0,0,0,0,0,0,0,0,0,0,0,0,0,0,27.055479431152342,0,0,0,0,3.4356249968210855,0,0,0,0,26.795582962036132,0,0,3.62244104385376,151.99999909847975,27.43963150751023,0,0,247.30000081658363,0,0.0,3.527981917063395,147.19999805092812,0,0.0,0
Hau Giang_2021_summer_autumn,2021,Medium,2,0,0,0,0,0,0,0,0,0,0,0,0,0,0,27.35660343170166,0,0,0,0,3.305925210316976,0,0,0,0,27.26136105855306,0,0,2.9650273227691653,220.0000002980232,27.301182519821893,0,0,289.8999967575073,0,0.0,3.888980025336856,107.5999984741211,0,0.0,0
Tra Vinh_2021_main_season,2021,High,0,0,0,0,0,0,0,0,0,0,0,0,0,0,0,27.182104873657227,0,0,0,0,3.4268823146820067,0,1,0,0,26.975194676717123,0,0,3.5745891666412355,118.80000030994417,27.604003815423873,0,0,199.7000044360757,0,0.0,3.5837001403172812,141.30000174045563,0,0.0,0
Hau Giang_2021_winter_spring,2021,Medium,2,0,1,0,0,0,0,0,0,0,1,0,1,0,0,24.929208755493164,1,0,0,0,3.3017967700958253,0,0,1,1,24.548027674357098,0,0,4.473145084381104,102.50000056624413,26.371023178100582,0,0,18.20000010728836,0,0.0,3.5710478056044805,17.299999579787254,1,0.0,1
Tra Vinh_2022_summer_autumn,2022,Low,1,0,0,0,0,0,0,0,0,0,0,0,0,0,0,27.1407509803772,0,0,0,0,4.227789767583212,0,0,0,0,27.321444829305012,0,0,3.5151145601272584,242.30000287294388,27.7223577045259,0,0,242.7000017762184,0,0.0,4.197635934466407,171.20000261068344,0,0.0,0
Kien Giang_2022_summer_autumn,2022,Low,1,0,0,0,0,0,0,0,0,0,0,0,0,0,0,27.52703990936279,0,0,0,0,4.1889969189961755,0,0,0,0,27.87141571044922,0,0,3.425170030593872,270.40001118183136,27.5606020064581,0,0,315.8000018000603,0,0.0,4.348506564185733,113.29999536275864,0,0.0,0
Kien Giang_2022_main_season,2022,High,0,0,0,0,0,0,0,0,0,0,0,0,0,0,0,26.76714506149292,0,0,0,0,3.112733904520671,0,0,0,0,27.022386678059895,0,0,3.7646562957763674,96.90000009536745,27.581833158220565,0,0,219.00000542402267,0,0.0,3.6488594441186817,212.10000425577164,0,0.0,0
Tra Vinh_2022_winter_spring,2022,High,0,1,0,0,1,0,0,0,1,0,0,0,0,0,0,26.006792640686037,1,0,0,0,4.282873264948527,0,0,0,0,25.89533373514811,0,0,4.806036968231201,11.199999712407587,25.755293346586683,1,0,7.800000555813312,0,0.0,2.970729362396967,5.400000140070915,0,0.0,0
Hau Giang_2022_summer_autumn,2022,Medium,2,0,0,0,0,0,0,0,0,0,0,0,0,0,0,26.703583431243896,0,0,0,0,4.041987530390421,0,0,0,0,27.18705520629883,0,0,3.1340257501602173,252.6000031232834,27.16953631809779,0,0,344.1000006198883,0,0.0,4.053976189522516,217.39999997615817,0,0.0,0
Ca Mau_2022_winter_spring,2022,High,0,1,0,0,0,0,0,0,0,0,0,0,0,0,0,26.507709980010983,0,0,0,0,4.433347082138061,0,0,0,0,26.275139490763348,0,0,5.1153697681427,35.400001145899296,25.39984167189825,0,0,48.200001299381256,0,0.0,2.9116799434026084,15.800000429153442,0,0.0,0
Ca Mau_2022_summer_autumn,2022,Medium,2,0,0,0,0,0,0,0,0,0,0,0,0,0,0,27.115834045410157,0,0,0,0,4.146143754323323,0,0,0,0,27.583751551310225,0,0,3.2272206568717956,184.3000031411648,27.683175768171036,0,0,356.90000796318054,0,0.0,4.2124787739345,224.40000104904175,0,0.0,0
Dong Thap_2022_summer_autumn,2022,Medium,2,0,0,0,0,0,0,0,0,0,0,0,0,0,0,27.109186840057372,0,0,0,0,4.075523726145426,0,0,0,0,27.25533256530762,0,0,3.4621698808670045,267.0000002384186,27.381841114589147,0,0,301.00000804662704,0,0.0,4.058648035639808,167.0000056028366,0,0.0,0
Ca Mau_2022_main_season,2022,High,0,0,0,0,0,0,0,0,0,0,0,0,0,0,0,26.731145572662353,0,0,0,0,2.7664413253466287,0,1,0,0,26.56388982137044,0,0,3.595707130432129,193.2999991774559,27.472659247262136,0,0,203.80000400543213,0,0.0,3.632309913635254,198.90000307559967,0,0.0,0
Dong Thap_2022_winter_spring,2022,Medium,2,1,0,0,0,0,0,0,0,0,0,0,0,0,0,26.973458194732665,0,0,0,0,4.18617270787557,0,0,0,0,26.39977747599284,0,0,4.893061590194702,37.30000078678131,25.528368904477073,0,0,51.400000035762794,0,0.0,3.1688355207443237,3.500000096857548,0,0.0,0
Soc Trang_2022_main_season,2022,Low,1,0,0,0,0,0,0,0,0,0,0,0,0,0,1,26.57304229736328,0,0,0,0,2.8760883728663127,0,0,0,0,26.24672203063965,0,0,3.670486769676209,223.5000005364418,26.914024171375093,0,0,228.200004696846,0,0.0,3.355687039239066,169.6000018119812,0,0.0,0
Soc Trang_2022_summer_autumn,2022,Low,1,0,0,0,0,0,0,0,0,0,0,0,0,0,0,26.736999702453613,0,0,0,0,4.184856033325195,0,0,0,0,27.088251876831055,0,0,3.362466263771057,264.90000092983246,27.78088960193453,0,0,272.70000433921814,0,0.0,4.393882013502575,223.2000070810318,0,0.0,0
Soc Trang_2022_winter_spring,2022,Low,1,1,0,0,1,0,0,0,1,0,0,0,0,0,0,26.023042011260987,1,0,0,0,4.664589850107829,0,0,0,0,26.192833455403647,0,0,5.049613151550293,23.40000031143427,25.498845690772647,1,0,10.100000277161598,0,0.0,2.997095437276931,8.600000225007534,0,0.0,0
Ben Tre_2022_main_season,2022,Medium,2,0,0,0,0,0,0,0,0,0,0,0,0,0,0,26.78641633987427,0,0,0,0,3.056617506345113,0,0,0,0,26.261833699544272,0,0,3.6326371669769286,192.19999712705612,26.823062896728516,0,0,270.90000489354134,0,0.0,3.470817179906936,184.69999960064888,0,0.0,0
An Giang_2022_main_season,2022,Low,1,0,0,0,0,0,0,0,0,0,0,0,0,0,0,26.86262626647949,0,0,0,0,2.987363958358765,0,1,0,0,26.710889307657876,0,0,3.684788117408752,175.40000195801258,27.03805278596424,0,0,174.90000267326832,0,0.0,3.398826996485392,194.1000074893236,0,0.0,0
An Giang_2022_summer_autumn,2022,Low,1,0,0,0,0,0,0,0,0,0,0,0,0,0,0,27.113042449951173,0,0,0,0,4.067894856135051,0,0,0,0,27.29908409118652,0,0,3.4699534368515015,231.2000058889389,27.397478376116073,0,0,281.2000002413988,0,0.0,4.159857511520386,171.20000410079956,0,0.0,0
An Giang_2022_winter_spring,2022,Low,1,1,0,0,0,0,0,0,0,0,0,0,0,0,0,26.98064613342285,0,0,0,0,4.239080095291138,0,0,0,0,26.359778722127277,0,0,4.9272580909729005,53.30000221729278,25.62009702410017,0,0,30.500000230968,0,0.0,3.1876019636789956,4.600000187754631,0,0.0,0
Vinh Long_2022_winter_spring,2022,Medium,2,1,0,0,0,0,0,0,0,0,0,0,0,0,0,26.6270001411438,0,0,0,0,4.285344362258911,0,0,0,0,26.39936091105143,0,0,5.042570219039917,20.399999156594276,25.39731725056966,0,0,18.799999989569187,0,0.0,3.019347139767238,4.700000159442425,0,0.0,0
Vinh Long_2022_summer_autumn,2022,Low,1,0,0,0,0,0,0,0,0,0,0,0,0,0,0,26.86991653442383,0,0,0,0,4.256671301523844,0,0,0,0,27.12144381205241,0,0,3.496964526176453,225.6000030040741,27.366959344773065,0,0,304.5000054836273,0,0.0,4.20147693157196,194.79999995231628,0,0.0,0
Kien Giang_2022_winter_spring,2022,Low,1,0,0,0,0,0,1,0,0,0,0,0,0,0,0,26.992040824890136,0,0,0,0,4.539542627334595,0,0,0,0,26.6214168548584,0,0,5.194956750869751,45.6000017747283,25.541355859665643,0,0,46.70000031590462,0,0.0,3.2352157490594045,13.000000044703484,0,0.0,0
Ben Tre_2022_summer_autumn,2022,High,0,0,0,0,0,0,0,0,0,0,0,0,0,0,0,27.178708171844484,0,0,0,0,4.367312049865722,0,0,0,0,27.231694157918295,0,0,3.5645840692520143,275.2000072002411,27.45570282709031,0,0,257.4000053703785,0,0.0,4.18647765545618,163.29999727010727,0,0.0,0
Tra Vinh_2022_main_season,2022,Medium,2,0,0,0,0,0,0,0,0,0,0,0,0,0,0,26.93418788909912,0,0,0,0,3.010262131690979,0,0,0,0,26.37102915445963,0,0,3.696155595779419,185.300001591444,27.021861848377046,0,0,246.40000414848328,0,0.0,3.378149293717884,162.20000058412552,0,0.0,0
Can Tho_2022_winter_spring,2022,Low,1,1,0,0,0,0,0,0,0,0,0,0,0,0,0,26.748207759857177,0,0,0,0,4.242025629679362,0,0,0,0,26.33910992940267,0,0,5.165713939666748,34.30000092089176,25.48387191409157,0,0,17.49999985843897,0,0.0,3.0309215897605535,6.400000259280205,0,0.0,0
Long An_2022_winter_spring,2022,Low,1,0,0,0,0,0,1,0,0,0,0,0,0,0,0,27.024811935424804,0,0,0,0,4.413849290211996,0,0,0,0,26.639776992797852,0,0,5.064759712219239,27.600000709295276,25.46596772330148,0,0,31.60000095516443,0,0.0,3.1263475134259178,4.700000151991844,0,0.0,0
Hau Giang_2022_winter_spring,2022,Medium,2,0,0,0,0,0,1,0,0,0,0,0,0,0,0,26.99504175186157,0,0,0,0,4.531062936782837,0,0,0,0,26.59316596984863,0,0,5.303389348983765,32.700001053512096,25.419138681320916,0,0,30.99999992549419,0,0.0,3.038966820353554,8.10000029951334,0,0.0,0
Long An_2022_summer_autumn,2022,Low,1,0,0,0,0,0,0,0,0,0,0,0,0,0,0,27.06366605758667,0,0,0,0,4.385602045059204,0,0,0,0,27.169777170817056,0,0,3.667822799682617,289.2000057697296,27.73005485534668,0,0,283.8000128418207,0,1.0,4.29260964620681,195.70000505447388,0,0.0,0
Can Tho_2022_summer_autumn,2022,Medium,2,0,0,0,0,0,0,0,0,0,0,0,0,0,0,26.852166748046876,0,0,0,0,4.1781754970550535,0,0,0,0,27.155361811319988,0,0,3.3834848260879515,277.4000002145767,27.42911075410389,0,0,294.19999530911446,0,0.0,4.096778392791748,210.700004696846,0,0.0,0
Tien Giang_2022_winter_spring,2022,Low,1,1,0,0,0,0,0,0,0,0,0,0,0,0,0,26.283542823791503,0,0,0,0,4.17795794804891,0,0,0,0,26.063473510742188,0,0,4.771186113357544,18.800000667572025,25.26095335824149,0,0,14.80000028014183,0,0.0,2.9786444221224104,6.4000000432133675,0,0.0,0
Tien Giang_2022_summer_autumn,2022,Medium,2,0,0,0,0,0,0,0,0,0,0,0,0,0,0,27.01197967529297,0,0,0,0,4.3634669303894045,0,0,0,0,27.16264063517253,0,0,3.564172472953796,263.1999924182892,27.427322115216935,0,0,230.70000395923853,0,1.0,4.217281965982346,142.9000024795532,0,0.0,0
Long An_2022_main_season,2022,High,0,0,0,0,0,0,0,0,0,0,0,0,0,0,0,26.810853099823,0,0,0,0,3.2511802037556965,0,0,0,0,26.585610071818035,0,0,3.7063222312927246,197.6000043898821,26.931543441045857,0,0,272.50000500679016,0,0.0,3.4910463946206227,194.40000511705875,0,0.0,0
Bac Lieu_2022_winter_spring,2022,Low,1,1,0,0,1,0,0,0,1,0,0,0,0,0,0,26.17966613769531,1,0,0,0,4.593822987874349,0,0,0,0,26.331471379597986,0,0,5.003926439285278,30.60000215470791,25.6203803107852,1,0,19.7000003233552,0,0.0,3.0446282852263677,10.60000018030405,0,0.0,0
Bac Lieu_2022_summer_autumn,2022,Low,1,0,0,0,0,0,0,0,0,0,0,0,0,0,0,27.1472692489624,0,0,0,0,4.2086358070373535,0,0,0,0,27.487581888834637,0,0,3.309720849990845,234.69999945163727,27.879805156162806,0,0,245.3999983370304,0,0.0,4.545063881647019,165.70000213384628,0,0.0,0
Bac Lieu_2022_main_season,2022,High,0,0,0,0,0,0,0,0,0,0,0,0,0,0,0,26.78549966812134,0,0,0,0,2.8736112912495932,0,0,0,0,26.4566099802653,0,0,3.7384727811813354,182.6000013947487,27.22633225577218,0,0,230.50000539422035,0,0.0,3.4072799512318204,151.60000029206276,0,0.0,0
Tra Vinh_2023_winter_spring,2023,Low,1,0,0,0,0,0,0,0,1,1,0,1,0,0,0,25.728979110717773,0,0,0,0,2.707703836758931,1,0,0,0,24.711305618286133,0,1,4.516572284698486,31.599999777972695,26.43227886018299,0,0,15.200000755488873,1,0.0,3.195883648736136,12.100000016391276,1,0.0,1
Ben Tre_2023_main_season,2023,Medium,2,0,0,0,0,0,0,0,0,0,0,0,0,0,0,26.27672958374023,0,0,0,1,3.824643484751383,0,0,0,0,26.9565549214681,0,0,4.128313188552856,213.80000352859497,27.593698319934663,0,0,177.10000178962946,0,0.0,3.8992170152210055,283.000004529953,0,0.0,0
Ben Tre_2023_summer_autumn,2023,High,0,0,0,0,0,0,0,0,0,0,0,0,0,0,0,27.28433427810669,0,0,0,0,3.45067032178243,0,0,0,0,27.12599957784017,0,0,3.1982966566085818,204.10000109672544,29.208579653785343,0,0,357.60000443458557,0,2.0,5.319983993257795,161.49999690055847,0,0.0,0
Vinh Long_2023_summer_autumn,2023,Low,1,0,0,0,0,0,0,0,0,0,0,0,0,0,0,27.25106210708618,0,0,0,0,3.336938802401225,0,0,0,0,27.163111623128255,0,0,3.40728404045105,208.4999986961484,29.675789061046785,0,0,306.30000734329224,0,10.0,5.555105368296306,187.10000187158585,0,0.0,0
Ben Tre_2023_winter_spring,2023,High,0,0,0,0,0,0,0,0,1,1,0,1,0,0,0,25.73412446975708,0,0,0,0,2.832771054903666,1,0,0,0,24.54113883972168,0,1,4.514302577972412,48.40000061690807,26.143400918869744,0,0,11.300000064074991,1,0.0,3.181783832254864,12.299999758601189,1,0.0,1
Ca Mau_2023_winter_spring,2023,High,0,0,0,0,0,0,0,0,1,1,0,1,0,0,0,25.5501051902771,0,0,0,0,3.1625617186228436,0,0,0,0,25.024861653645832,0,0,4.699716453552246,35.20000103861093,25.930397669474285,0,0,54.30000261217356,1,0.0,3.0253840259143283,57.49999920278787,1,0.0,1
Tra Vinh_2023_summer_autumn,2023,Low,1,0,0,0,0,0,0,0,0,0,0,0,0,0,0,27.26054286956787,0,0,0,0,3.4480413516362507,0,0,0,0,27.33491744995117,0,0,3.3187456035614016,233.30000253021717,29.207080023629324,0,0,342.1000063419342,0,0.0,5.316917930330549,215.8000030517578,0,0.0,0
Tien Giang_2023_summer_autumn,2023,Low,1,0,0,0,0,0,0,0,0,0,0,0,0,0,0,27.22385549545288,0,0,0,0,3.5212957143783568,0,0,0,0,27.174861272176106,0,0,3.2916556930541994,214.3000005632639,29.151926403953915,0,0,329.0000101327896,0,2.0,5.2462266853877475,147.10000038146973,0,0.0,0
An Giang_2023_summer_autumn,2023,Low,1,0,0,0,0,0,0,0,0,0,0,0,0,0,0,27.47783432006836,0,0,0,0,3.3080388069152833,0,0,0,0,27.459224065144856,0,0,3.4758785820007323,222.19999903440475,29.354619434901647,0,0,304.80001083761454,0,6.0,5.0973050480797175,155.29999792575836,0,0.0,0
An Giang_2023_winter_spring,2023,Low,1,0,0,0,0,0,0,0,1,0,0,0,0,0,0,25.6563759803772,0,0,0,0,3.3629253625869753,0,0,0,0,25.07130661010742,0,0,4.820993595123291,24.80000007897615,26.448270979381743,1,0,7.599999845027924,1,0.0,3.285321593284607,14.700000196695328,0,0.0,0
Vinh Long_2023_winter_spring,2023,Low,1,0,0,0,0,0,0,0,1,1,0,1,0,0,0,25.53835325241089,0,0,0,0,3.129827531178792,1,0,0,0,24.81866607666016,0,1,4.6968185997009275,49.09999878704548,26.27241697765532,0,0,20.60000118613243,1,0.0,3.219596743583679,23.500000163912773,1,0.0,1
Hau Giang_2023_summer_autumn,2023,Low,1,0,0,0,0,0,0,0,0,0,0,0,0,0,0,27.307958126068115,0,0,0,0,3.356915585199992,0,0,0,0,27.395667012532552,0,0,3.0871471643447874,214.40000176429749,29.76983270191011,0,0,407.60000586509705,0,15.0,5.387835752396357,266.3000060170889,0,0.0,0
Tien Giang_2023_winter_spring,2023,Low,1,0,0,0,0,0,0,0,1,1,0,1,0,0,0,25.728542041778564,0,0,0,0,2.8682440598805745,0,0,0,0,24.55083376566569,0,0,4.538478622436523,34.90000282973051,26.15688587370373,0,0,23.50000183284283,1,0.0,3.2056932051976523,12.999999932944776,1,0.0,1
Tra Vinh_2023_main_season,2023,Low,1,0,0,0,0,0,0,0,0,0,0,0,0,0,0,26.39960460662842,0,0,0,1,3.8561188697814943,0,0,0,0,26.918111419677736,0,0,4.1942008590698245,229.60000393539667,27.77791386558896,0,0,158.79999959468842,0,0.0,3.7983360290527344,248.20000100135803,0,0.0,0
Can Tho_2023_summer_autumn,2023,Low,1,0,0,0,0,0,0,0,0,0,0,0,0,0,0,27.302790927886964,0,0,0,0,3.3614685773849486,0,0,0,0,27.30800005594889,0,0,3.2249350786209106,235.30000177025795,29.65034067063105,0,0,315.90000689029694,0,11.0,5.460102841967628,220.7000072002411,0,0.0,0
Bac Lieu_2023_main_season,2023,High,0,0,0,0,0,0,0,0,0,0,0,0,0,0,0,26.77258243560791,0,0,0,0,3.6624369462331137,0,0,0,0,27.215498860677084,0,0,4.133939523696899,200.4000005722046,28.025142306373233,0,0,170.90000092983246,0,0.0,3.8680587155478343,236.2000097334385,0,0.0,0
Soc Trang_2023_winter_spring,2023,Low,1,0,0,0,0,0,0,0,1,1,0,1,0,0,0,25.49168767929077,0,0,0,0,2.8585326115290326,0,0,0,0,24.625610733032225,0,0,4.749928045272827,26.00000172108412,26.129003252301896,0,0,19.80000109970569,1,0.0,3.1717688838640847,25.999999657273293,1,0.0,1
Bac Lieu_2023_winter_spring,2023,Low,1,0,0,0,0,0,0,0,1,1,0,1,0,0,0,25.62341508865357,0,0,0,0,3.1162753899892173,0,0,0,0,24.853415552775065,0,0,4.770846557617188,26.80000165104866,26.138932182675315,0,0,33.70000201463699,1,0.0,3.093140020256951,27.900000385940075,1,0.0,1
Long An_2023_main_season,2023,Medium,2,0,0,0,0,0,0,0,0,0,0,0,0,0,0,26.733248901367187,0,0,0,1,4.033126640319824,0,0,0,0,27.06936124165853,0,0,4.181455717086792,227.0000051856041,27.79632413954962,0,0,210.00000035762787,0,0.0,3.945964665639968,331.20000314712524,0,0.0,0
Kien Giang_2023_winter_spring,2023,Medium,2,0,0,0,0,0,0,0,1,0,0,0,0,0,0,25.559228897094727,0,0,0,0,3.5668581326802573,0,0,0,0,25.06002756754557,0,0,5.0182270908355715,15.100000411272044,26.10921387445359,1,0,17.400001153349876,1,0.0,3.1713192633220126,12.100000515580176,0,0.0,0
Kien Giang_2023_summer_autumn,2023,Low,1,0,0,0,0,0,0,0,0,0,0,0,0,0,0,27.930686664581295,0,0,0,0,3.5635615746180216,0,0,0,0,27.877943420410155,0,0,3.4597557258605955,182.10000124573708,29.39988953726632,0,0,440.6000168323517,0,9.0,5.271669898714338,144.30000168085098,0,0.0,0
Kien Giang_2023_main_season,2023,High,0,0,0,0,0,0,0,0,0,0,0,0,0,0,0,26.93277015686035,0,0,0,0,3.77503825823466,0,0,0,0,27.163498814900716,0,0,4.323186883926391,169.80000585317612,28.519134612310506,0,0,213.00001174211505,0,0.0,4.198698497953869,404.100013256073,0,0.0,0
Long An_2023_summer_autumn,2023,Medium,2,0,0,0,0,0,0,0,0,0,0,0,0,0,0,27.388249683380128,0,0,0,0,3.437375704447428,0,0,0,0,27.44241739908854,0,0,3.4323785972595213,241.8000032901764,29.86199905758812,0,0,406.3000046014786,0,16.0,5.617624680201213,196.00000202655792,0,0.0,0
Long An_2023_winter_spring,2023,Medium,2,0,0,0,0,0,0,0,1,0,0,0,0,0,0,25.95762481689453,0,0,0,0,3.192019470532735,1,0,0,0,25.083110300699868,0,1,4.851450624465943,16.29999928921461,26.3065428960891,1,0,9.699999712407587,1,0.0,3.2133399759020125,21.39999906718731,0,0.0,0
Can Tho_2023_winter_spring,2023,Low,1,0,0,0,0,0,0,0,1,0,0,0,0,0,0,25.427999210357665,0,0,0,0,3.1143123149871825,0,0,0,0,24.72522112528483,0,0,4.721585664749146,29.20000237971544,26.259665897914346,1,0,10.200000204145908,1,0.0,3.1725963127045405,29.399999417364597,0,0.0,0
Ca Mau_2023_summer_autumn,2023,High,0,0,0,0,0,0,0,0,0,0,0,0,0,0,0,27.757500648498535,0,0,0,0,3.733951179186503,0,0,0,0,27.912779744466143,0,0,3.157033700942993,258.7000013589859,29.137937999906995,0,0,437.1000032424927,0,7.0,4.980603967394147,167.39999731630087,0,0.0,0
Soc Trang_2023_main_season,2023,Low,1,0,0,0,0,0,0,0,0,0,0,0,0,0,0,26.49960441589355,0,0,0,1,3.764726940790813,0,0,0,0,26.90658442179362,0,0,4.143735132217407,254.80000028014183,27.737635294596355,0,0,197.1999934911728,0,0.0,3.8369652089618502,274.4000084400177,0,0.0,0
Soc Trang_2023_summer_autumn,2023,Low,1,0,0,0,0,0,0,0,0,0,0,0,0,0,0,27.198667526245117,0,0,0,0,3.6303945144017535,0,0,0,0,27.406861877441408,0,0,3.2795538902282715,223.60000336170197,29.38257607959566,0,0,351.5000091791153,0,2.0,5.366977680297125,244.00000444054604,0,0.0,0
Ca Mau_2023_main_season,2023,High,0,0,0,0,0,0,0,0,0,0,0,0,0,0,0,26.70364646911621,0,0,0,0,3.5899112542470295,0,1,0,0,27.253195571899415,0,0,4.089812874794006,162.80000146478417,28.05639021737235,0,0,186.7999974489212,0,0.0,3.9056011864117215,381.5999953746796,0,0.0,0
Dong Thap_2023_summer_autumn,2023,Low,1,0,0,0,0,0,0,0,0,0,0,0,0,0,0,27.50220708847046,0,0,0,0,3.2748711744944257,0,0,0,0,27.37130495707194,0,0,3.443699164390564,222.20000278949735,29.4792609441848,0,0,377.4000047445297,0,9.0,5.1297059172675725,172.30000519752505,0,0.0,0
Dong Thap_2023_winter_spring,2023,Low,1,0,0,0,0,0,0,0,1,0,0,0,0,0,0,25.651166248321537,0,0,0,0,3.26570147673289,0,0,0,0,25.046999104817708,0,0,4.7459624481201175,20.499998666346077,26.42430069333031,1,0,3.9000002145767207,1,0.0,3.2583303338005427,9.500000216066836,0,0.0,0
Bac Lieu_2023_summer_autumn,2023,Medium,2,0,0,0,0,0,0,0,0,0,0,0,0,0,0,27.587686252593993,0,0,0,0,3.6279423316319783,0,0,0,0,27.768554178873696,0,0,3.357775163650513,233.5000056028366,29.171572094871884,0,0,292.1000145673752,0,0.0,5.242291711625599,201.1999997496605,0,0.0,0
An Giang_2023_main_season,2023,Low,1,0,0,0,0,0,0,0,0,0,0,0,0,0,0,27.07252159118652,0,0,0,0,3.834736903508504,0,0,0,0,27.17255592346191,0,0,4.225826177597046,179.39999963343143,27.950056711832683,0,0,165.4999978542328,0,0.0,3.9238622529166087,200.00000423192975,0,0.0,0
Hau Giang_2023_winter_spring,2023,Medium,2,0,0,0,0,0,0,0,1,0,0,0,0,0,0,25.14587478637695,0,0,0,0,3.180752642949422,0,0,0,0,24.6849728902181,0,0,4.843499422073364,23.400000467896454,26.07876141866048,1,0,36.59999990463257,1,0.0,3.1471777870541526,17.20000010728836,0,0.0,0
Ca Mau_2024_winter_spring,2024,High,0,0,0,0,0,0,1,0,0,0,0,0,0,0,0,27.15916700363159,0,0,0,0,4.389696884155273,1,0,0,0,27.05027821858724,0,0,5.39682300567627,23.800000496208668,26.61998158409482,0,0,10.60000029951334,0,0.0,3.3772632508050826,2.800000101327896,0,0.0,0
Vinh Long_2024_winter_spring,2024,Medium,2,0,0,0,0,0,1,0,0,0,0,0,0,0,0,26.90470733642578,0,0,0,0,4.142543888092041,1,0,0,0,27.000194803873697,0,0,5.303874874114991,11.299999997019768,26.540472121465776,0,0,4.000000149011612,0,0.0,3.4972083284741355,4.599999904632568,0,0.0,0
Bac Lieu_2024_summer_autumn,2024,Medium,2,0,0,0,0,0,0,0,0,0,0,0,0,0,0,27.391332817077636,0,0,0,0,4.206523625055949,0,0,0,0,29.058278147379557,0,0,3.237267551422119,162.49999868124723,30.36502220517113,0,0,306.6000065803528,0,7.0,5.832200572604225,167.60000264644623,0,0.0,0
Dong Thap_2024_winter_spring,2024,Low,1,0,0,0,0,0,1,0,0,0,0,0,0,0,0,27.097207832336423,0,0,0,0,4.0331004619598385,1,0,0,0,27.112833531697593,0,0,5.21576473236084,17.100000254809856,26.684816723778138,0,0,3.3000001311302185,0,0.0,3.61295751730601,0.7000000104308128,0,0.0,0
Dong Thap_2024_summer_autumn,2024,Low,1,0,0,0,0,0,0,0,0,0,0,0,0,0,0,27.05824966430664,0,0,0,0,4.169873523712158,0,0,0,0,28.551999282836913,0,0,3.12022940158844,199.3000012934208,31.287694113595144,0,0,268.30000311136246,0,20.0,6.1150740668887185,245.80000352859497,0,0.0,0
Tra Vinh_2024_summer_autumn,2024,Low,1,0,0,0,0,0,0,0,0,0,0,0,0,0,0,26.973042011260983,0,0,0,0,4.008808660507202,0,0,0,0,28.48449986775716,0,0,3.1822195196151735,194.6000023931265,30.33267457144601,0,0,375.4000072479248,0,18.0,5.9084929284595304,227.5000051036477,0,0.0,0
Tra Vinh_2024_winter_spring,2024,High,0,0,0,0,0,0,1,0,0,0,0,0,0,0,0,26.444604015350343,0,0,0,0,4.463109556833903,1,0,0,0,26.71783383687337,0,0,5.277068042755127,6.400000259280205,26.517098381405784,0,0,3.20000009983778,0,0.0,3.4541517609641668,1.200000047683716,0,0.0,0
Ca Mau_2024_summer_autumn,2024,High,0,0,0,0,0,0,0,0,0,0,0,0,0,0,0,27.245313262939455,0,0,0,0,4.190268007914225,0,0,0,0,29.009723409016928,0,0,3.019408760070801,181.7999987602234,30.818791434878396,0,0,381.30001411587,0,18.0,5.8225375924791605,242.99999713897705,0,0.0,0
An Giang_2024_winter_spring,2024,Low,1,0,0,0,0,0,1,0,0,0,0,0,0,0,0,27.220855903625488,0,0,0,0,4.056770896911621,1,0,0,0,27.099917475382487,0,0,5.213167543411255,22.30000001192093,26.725949514479865,0,0,4.000000067055225,0,0.0,3.650151616051083,0.800000011920929,0,0.0,0
An Giang_2024_summer_autumn,2024,Low,1,0,0,0,0,0,0,0,0,0,0,0,0,0,0,27.11054229736328,0,0,0,0,4.095737314224243,0,0,0,0,28.4904727935791,0,0,3.168507146835327,213.1000071540475,31.26900509425572,0,0,245.4000043272972,0,21.0,6.057695388793945,242.90001487731936,0,0.0,0
An Giang_2024_main_season,2024,Low,1,0,0,0,0,0,0,0,0,0,0,0,0,0,0,26.978563499450683,0,0,0,0,3.578402042388916,0,0,0,0,26.98199971516927,0,0,4.23630313873291,251.70001474767923,28.520691644577752,0,0,193.90000331401825,0,0.0,4.116537991024199,196.0000075697899,0,0.0,0
Kien Giang_2024_winter_spring,2024,Medium,2,0,0,0,0,0,1,0,0,0,0,0,1,0,0,27.25599956512451,0,0,0,0,4.256818373998006,0,0,0,0,26.975998814900716,0,0,5.564210338592529,24.20000034570694,26.538677578880673,0,0,7.800000339746475,0,0.0,3.624980614298866,2.800000101327896,0,0.0,0
Kien Giang_2024_summer_autumn,2024,Low,1,0,0,0,0,0,0,0,0,0,0,0,0,0,0,27.30068712234497,0,0,0,0,4.397681442896525,0,0,0,0,29.07627639770508,0,0,3.1182263565063475,200.200004696846,30.484213420322963,0,0,389.29999831318855,0,17.0,5.83346810795012,287.10000371932983,0,0.0,0
Kien Giang_2024_main_season,2024,High,0,0,0,0,0,0,0,0,0,0,0,0,0,0,0,27.100790786743165,0,0,0,0,3.448719882965088,0,0,0,0,27.01183344523112,0,0,4.21195219039917,280.50000654160976,28.816654386974516,0,0,187.80000519752505,0,0.0,4.1777632009415395,304.10000041127205,0,0.0,0
Ben Tre_2024_main_season,2024,High,0,0,0,0,0,0,0,0,0,0,0,0,0,0,0,26.468811798095704,0,0,0,1,3.424860636393229,0,0,0,0,26.57905502319336,0,0,4.265448265075683,240.20000059902668,28.559770311628068,0,0,170.2000017464161,0,0.0,4.151787031264532,252.19999927282333,0,0.0,0
Ben Tre_2024_summer_autumn,2024,Low,1,0,0,0,0,0,0,0,0,0,0,0,0,0,0,26.97485418319702,0,0,0,0,4.186579195658366,0,0,0,0,28.626971181233724,0,0,3.0701543140411376,175.30000212788582,30.05917476472401,0,0,319.80000227689743,0,17.0,5.729255971454439,250.20001018047333,0,0.0,0
Can Tho_2024_winter_spring,2024,Low,1,0,0,0,0,0,1,0,0,0,0,0,0,0,0,26.95487403869629,0,0,0,0,4.194739325841268,1,0,0,0,26.98730532328288,0,0,5.41314847946167,8.400000177323818,26.506391706920805,0,0,3.1000001579523087,0,0.0,3.432416671798342,6.100000575184822,0,0.0,0
Can Tho_2024_summer_autumn,2024,Low,1,0,0,0,0,0,0,0,0,0,0,0,0,0,0,26.922166442871095,0,0,0,0,4.165467675526937,0,0,0,0,28.63980534871419,0,0,3.04420672416687,201.4000008404255,31.132977712722052,0,0,316.5000100135803,0,21.0,6.078763439541771,209.50000059604645,0,0.0,0
Vinh Long_2024_summer_autumn,2024,Low,1,0,0,0,0,0,0,0,0,0,0,0,0,0,0,27.025021362304688,0,0,0,0,4.4731651782989506,0,0,0,0,28.960194142659507,0,0,3.0932180213928224,195.30000633001328,31.06547164916992,0,0,288.800000667572,0,21.0,6.094228789919899,166.9000049829483,0,0.0,0
Hau Giang_2024_winter_spring,2024,Low,1,0,0,0,0,0,1,0,0,0,0,0,1,0,0,27.034728813171387,0,0,0,0,4.27897580464681,0,0,0,0,26.85941594441732,0,0,5.570543670654297,11.80000015348196,26.476976667131694,0,0,3.300000064074993,0,0.0,3.421892983572824,6.700000196695328,0,0.0,0
Hau Giang_2024_summer_autumn,2024,Low,1,0,0,0,0,0,0,0,0,0,0,0,0,0,0,26.80285348892212,0,0,0,0,4.026404778162639,0,0,0,0,28.63900006612142,0,0,2.9790865182876587,202.5000039935112,31.17419687906901,0,0,373.99999725818634,0,19.0,6.002471038273403,230.39998924732208,0,0.0,0
Tien Giang_2024_summer_autumn,2024,Low,1,0,0,0,0,0,0,0,0,0,0,0,0,0,0,26.96948013305664,0,0,0,0,4.321517610549927,0,0,0,0,28.627917989095053,0,0,3.134793424606323,159.89999885857105,29.95271873474121,0,0,304.09999680519104,0,17.0,5.669385115305583,171.0000033378601,0,1.0,0
Tien Giang_2024_winter_spring,2024,Low,1,0,0,0,0,0,1,0,0,0,0,0,1,0,0,26.58645915985107,0,0,0,0,4.024935913085938,0,0,0,0,26.702501424153645,0,0,5.059012584686279,12.800000332295896,26.3787107921782,0,0,3.1000000685453415,0,0.0,3.4361913544791087,0.6000000238418579,0,0.0,0
Soc Trang_2024_winter_spring,2024,Low,1,0,0,0,0,0,1,0,0,0,0,0,0,0,0,26.66158323287964,0,0,0,0,4.5780686696370445,1,0,0,0,26.69713923136393,0,0,5.328957996368408,12.499999955296516,26.439124061947776,0,0,3.6000001579523087,0,0.0,3.3806237266177224,1.000000074505806,0,0.0,0
Soc Trang_2024_summer_autumn,2024,Low,1,0,0,0,0,0,0,0,0,0,0,0,0,0,0,27.025125885009764,0,0,0,0,3.982736619313558,0,0,0,0,28.57200075785319,0,0,3.218183455467224,201.99999597668648,30.28594870794387,0,0,361.30000045895576,0,17.0,5.798821994236538,187.30000746250153,0,0.0,0
Soc Trang_2024_main_season,2024,Medium,2,0,0,0,0,0,0,0,0,0,0,0,0,0,0,26.759083843231203,0,0,0,0,3.498756233851115,0,0,0,0,26.75102818806966,0,0,4.099973115921021,236.00000520050529,28.70926166716076,0,0,293.00000631809235,0,0.0,4.181338616779873,297.9000019133091,0,0.0,0
Long An_2024_main_season,2024,High,0,0,0,0,0,0,0,0,0,0,0,0,0,0,0,26.793040657043456,0,0,0,0,3.7545806407928466,0,0,0,0,26.908249155680338,0,0,4.323919267654419,209.80000354349613,29.02261434282575,0,0,155.80000219494104,0,2.0,4.505398262114752,280.400004863739,0,0.0,0
Long An_2024_summer_autumn,2024,Medium,2,0,0,0,0,0,0,0,0,0,0,0,0,0,0,27.366478824615477,0,0,0,0,4.619532601038615,0,0,0,0,29.120193990071616,0,0,3.3602169227600096,201.0000008046627,31.05346779596238,0,0,366.3999996185303,0,20.0,6.25605076835269,234.90000481903553,0,0.0,0
Long An_2024_winter_spring,2024,Low,1,0,0,0,0,0,1,0,0,0,0,0,1,0,0,26.8675199508667,0,0,0,0,4.139487965901693,0,0,0,0,27.050887807210287,0,0,5.2028718757629395,11.70000036805868,26.623805091494607,0,0,5.300000123679638,0,0.0,3.562025802476066,0.4000000059604644,0,0.0,0
Bac Lieu_2024_winter_spring,2024,Low,1,0,0,0,0,0,1,0,0,0,0,0,0,0,0,26.875395393371583,0,0,0,0,4.668985493977865,1,0,0,0,26.99563865661621,0,0,5.367082729339599,22.299999400973316,26.627523149762833,0,0,5.300000123679638,0,0.0,3.3740633726119995,1.200000062584877,0,0.0,0
Bac Lieu_2024_main_season,2024,High,0,0,0,0,0,0,0,0,0,0,0,0,0,0,0,27.091124057769775,0,0,0,0,3.535038979848226,0,0,0,0,27.033972040812177,0,0,4.172542276382447,187.9000015258789,29.090221223377046,0,0,221.60000164806843,0,0.0,4.221083300454276,223.0000038146973,0,0.0,0
Ca Mau_2024_main_season,2024,High,0,0,0,0,0,0,0,0,0,0,0,0,0,0,0,27.052084350585936,0,0,0,0,3.054813019434611,0,0,0,0,26.898195393880208,0,0,3.944872484207153,227.09999479353428,29.14389001755487,0,0,261.39999985694885,0,0.0,4.12338003658113,283.8000131621957,0,0.0,0
